CaseID,StructID,GM_ID,gm_file,gm_dt_sec,gm_unit,gm_scale,k_global_scale,qy_global_scale,mass_scale,damping_ratio,alpha_post,story_height_m,n_story,k1_scale,k2_scale,k3_scale,k4_scale,k5_scale,qy1_scale,qy2_scale,qy3_scale,qy4_scale,qy5_scale,K1_N_per_m,K2_N_per_m,K3_N_per_m,K4_N_per_m,K5_N_per_m,Qy1_N,Qy2_N,Qy3_N,Qy4_N,Qy5_N,floor_mass_kg,model_type,run_status,success,message,top_disp_max_m,max_story_drift,base_shear_max_N,analysis_time_sec
Case0001,Struct0001,EI,ground_motion/ei3.txt,0.02,g,1,0.8264,0.8403,0.8106,0.0331,0.042,3.334,5,0.948,0.9705,0.9014,1.0498,0.9849,1.0814,1.1423,0.8614,0.8584,1.0956,141016896,132333498,111737544,117119887.2,97670563.2,3634801.68,3551536.35,2461037.03,2236071.91,2577771.5,202650,5-story shear model,pending,,,,,,
Case0002,Struct0001,NORTHRIDGE,ground_motion/northbridge.txt,0.02,g,1,0.8264,0.8403,0.8106,0.0331,0.042,3.334,5,0.948,0.9705,0.9014,1.0498,0.9849,1.0814,1.1423,0.8614,0.8584,1.0956,141016896,132333498,111737544,117119887.2,97670563.2,3634801.68,3551536.35,2461037.03,2236071.91,2577771.5,202650,5-story shear model,pending,,,,,,
Case0003,Struct0002,EI,ground_motion/ei3.txt,0.02,g,1,0.9399,1.021,1.1335,0.0659,0.0242,3.594,5,1.0198,0.9916,0.8705,1.1178,0.9393,1.0131,1.0808,1.1372,1.0994,0.8689,172531803.6,153780798.6,122727442.5,141833729.7,105941768.4,4137500.4,4082938.16,3947676.08,3479710.94,2484011.32,283375,5-story shear model,pending,,,,,,
Case0004,Struct0002,NORTHRIDGE,ground_motion/northbridge.txt,0.02,g,1,0.9399,1.021,1.1335,0.0659,0.0242,3.594,5,1.0198,0.9916,0.8705,1.1178,0.9393,1.0131,1.0808,1.1372,1.0994,0.8689,172531803.6,153780798.6,122727442.5,141833729.7,105941768.4,4137500.4,4082938.16,3947676.08,3479710.94,2484011.32,283375,5-story shear model,pending,,,,,,
Case0005,Struct0003,EI,ground_motion/ei3.txt,0.02,g,1,0.918,1.1976,1.1769,0.0627,0.0433,3.572,5,0.9741,0.8667,1.1161,0.8736,0.8934,1.0601,0.9746,1.0242,0.8748,1.0156,160960284,131279049,153686970,108265248,98416944,5078303.04,4318569.55,4170378.53,3247747.49,3405591.17,294225,5-story shear model,pending,,,,,,
Case0006,Struct0003,NORTHRIDGE,ground_motion/northbridge.txt,0.02,g,1,0.918,1.1976,1.1769,0.0627,0.0433,3.572,5,0.9741,0.8667,1.1161,0.8736,0.8934,1.0601,0.9746,1.0242,0.8748,1.0156,160960284,131279049,153686970,108265248,98416944,5078303.04,4318569.55,4170378.53,3247747.49,3405591.17,294225,5-story shear model,pending,,,,,,
Case0007,Struct0004,EI,ground_motion/ei3.txt,0.02,g,1,0.9678,1.2142,0.9769,0.0573,0.0447,3.559,5,0.894,0.9371,1.0178,0.9151,1.0054,0.9844,1.1278,1.0974,0.904,1.1376,155738376,149642687.7,147754026,119560560.3,116763134.4,4781033.92,5066686.61,4530374.47,3402674.08,3867566.98,244225,5-story shear model,pending,,,,,,
Case0008,Struct0004,NORTHRIDGE,ground_motion/northbridge.txt,0.02,g,1,0.9678,1.2142,0.9769,0.0573,0.0447,3.559,5,0.894,0.9371,1.0178,0.9151,1.0054,0.9844,1.1278,1.0974,0.904,1.1376,155738376,149642687.7,147754026,119560560.3,116763134.4,4781033.92,5066686.61,4530374.47,3402674.08,3867566.98,244225,5-story shear model,pending,,,,,,
Case0009,Struct0005,EI,ground_motion/ei3.txt,0.02,g,1,1.1781,0.8097,1.1383,0.0661,0.0133,3.217,5,0.9148,0.955,1.0681,0.9974,1.009,1.1279,1.0027,0.8836,0.8758,0.871,193990658.4,185639107.5,188749291.5,158629986.9,142644348,3653042.52,3003978.9,2432533.13,2198319.31,1974696.36,284575,5-story shear model,pending,,,,,,
Case0010,Struct0005,NORTHRIDGE,ground_motion/northbridge.txt,0.02,g,1,1.1781,0.8097,1.1383,0.0661,0.0133,3.217,5,0.9148,0.955,1.0681,0.9974,1.009,1.1279,1.0027,0.8836,0.8758,0.871,193990658.4,185639107.5,188749291.5,158629986.9,142644348,3653042.52,3003978.9,2432533.13,2198319.31,1974696.36,284575,5-story shear model,pending,,,,,,
Case0011,Struct0006,EI,ground_motion/ei3.txt,0.02,g,1,1.0652,1.0214,0.94,0.0555,0.0426,3.386,5,0.9659,0.8714,0.968,1.1382,0.9518,0.8866,0.9156,0.946,1.0401,0.9258,185197802.4,153155521.2,154667040,163675436.4,121662883.2,3622292.96,3460217.21,3285230.96,3293310.23,2647713.94,235000,5-story shear model,pending,,,,,,
Case0012,Struct0006,NORTHRIDGE,ground_motion/northbridge.txt,0.02,g,1,1.0652,1.0214,0.94,0.0555,0.0426,3.386,5,0.9659,0.8714,0.968,1.1382,0.9518,0.8866,0.9156,0.946,1.0401,0.9258,185197802.4,153155521.2,154667040,163675436.4,121662883.2,3622292.96,3460217.21,3285230.96,3293310.23,2647713.94,235000,5-story shear model,pending,,,,,,
Case0013,Struct0007,EI,ground_motion/ei3.txt,0.02,g,1,0.8322,1.11,1.1439,0.0433,0.032,3.05,5,1.0703,0.91,0.888,1.062,1.0475,1.1485,1.0259,0.8804,0.9034,1.0172,160326658.8,124954830,110849040,119312514,104607540,5099340,4213371.3,3322629.6,3108599.4,3161457.6,285975,5-story shear model,pending,,,,,,
Case0014,Struct0007,NORTHRIDGE,ground_motion/northbridge.txt,0.02,g,1,0.8322,1.11,1.1439,0.0433,0.032,3.05,5,1.0703,0.91,0.888,1.062,1.0475,1.1485,1.0259,0.8804,0.9034,1.0172,160326658.8,124954830,110849040,119312514,104607540,5099340,4213371.3,3322629.6,3108599.4,3161457.6,285975,5-story shear model,pending,,,,,,
Case0015,Struct0008,EI,ground_motion/ei3.txt,0.02,g,1,1.1469,1.152,0.8058,0.0354,0.0226,3.058,5,1.1274,1.1278,1.0147,0.8667,0.9223,0.9021,1.0818,0.9706,0.9688,0.9805,232742710.8,213423180.3,174563914.5,134192461.1,126934304.4,4156876.8,4611064.32,3801646.08,3459778.56,3162700.8,201450,5-story shear model,pending,,,,,,
Case0016,Struct0008,NORTHRIDGE,ground_motion/northbridge.txt,0.02,g,1,1.1469,1.152,0.8058,0.0354,0.0226,3.058,5,1.1274,1.1278,1.0147,0.8667,0.9223,0.9021,1.0818,0.9706,0.9688,0.9805,232742710.8,213423180.3,174563914.5,134192461.1,126934304.4,4156876.8,4611064.32,3801646.08,3459778.56,3162700.8,201450,5-story shear model,pending,,,,,,
Case0017,Struct0009,EI,ground_motion/ei3.txt,0.02,g,1,0.9421,1.1252,1.0274,0.0704,0.0462,3.192,5,1.0943,0.9222,0.9125,0.8503,0.9685,0.9915,0.9359,1.0864,1.0905,0.9638,185569205.4,143352762.3,128949937.5,108144130.1,109490862,4462543.2,3896376.32,4156218.75,3803794.86,3036509.73,256850,5-story shear model,pending,,,,,,
Case0018,Struct0009,NORTHRIDGE,ground_motion/northbridge.txt,0.02,g,1,0.9421,1.1252,1.0274,0.0704,0.0462,3.192,5,1.0943,0.9222,0.9125,0.8503,0.9685,0.9915,0.9359,1.0864,1.0905,0.9638,185569205.4,143352762.3,128949937.5,108144130.1,109490862,4462543.2,3896376.32,4156218.75,3803794.86,3036509.73,256850,5-story shear model,pending,,,,,,
Case0019,Struct0010,EI,ground_motion/ei3.txt,0.02,g,1,0.8468,1.1833,0.9454,0.0712,0.0421,3.592,5,0.9428,0.9314,1.1339,1.039,1.1196,0.9976,0.9612,1.0691,1.0945,0.9192,143705347.2,130137070.8,144027978,118776402,113769273.6,4721840.32,4208335.45,4301224.5,4014877.74,3045530.21,236350,5-story shear model,pending,,,,,,
Case0020,Struct0010,NORTHRIDGE,ground_motion/northbridge.txt,0.02,g,1,0.8468,1.1833,0.9454,0.0712,0.0421,3.592,5,0.9428,0.9314,1.1339,1.039,1.1196,0.9976,0.9612,1.0691,1.0945,0.9192,143705347.2,130137070.8,144027978,118776402,113769273.6,4721840.32,4208335.45,4301224.5,4014877.74,3045530.21,236350,5-story shear model,pending,,,,,,
Case0021,Struct0011,EI,ground_motion/ei3.txt,0.02,g,1,0.8414,0.8517,1.1793,0.0214,0.0234,3.56,5,0.9822,1.105,0.884,1.1379,1.0019,0.8731,1.0024,1.0013,1.0018,1.1499,148756154.4,153408255,111569640,129252923.1,101159839.2,2974477.08,3158853.1,2899544.51,2645022.49,2742235.52,294825,5-story shear model,pending,,,,,,
Case0022,Struct0011,NORTHRIDGE,ground_motion/northbridge.txt,0.02,g,1,0.8414,0.8517,1.1793,0.0214,0.0234,3.56,5,0.9822,1.105,0.884,1.1379,1.0019,0.8731,1.0024,1.0013,1.0018,1.1499,148756154.4,153408255,111569640,129252923.1,101159839.2,2974477.08,3158853.1,2899544.51,2645022.49,2742235.52,294825,5-story shear model,pending,,,,,,
Case0023,Struct0012,EI,ground_motion/ei3.txt,0.02,g,1,1.1238,0.9507,0.826,0.0608,0.0222,3.544,5,0.8784,1.1334,0.8622,1.0739,1.0674,0.9339,1.011,1.0238,0.9605,1.0152,177686265.6,210162961.8,145341054,162924590.7,143945294.4,3551434.92,3556283.49,3309310.64,2830756.79,2702421.79,206500,5-story shear model,pending,,,,,,
Case0024,Struct0012,NORTHRIDGE,ground_motion/northbridge.txt,0.02,g,1,1.1238,0.9507,0.826,0.0608,0.0222,3.544,5,0.8784,1.1334,0.8622,1.0739,1.0674,0.9339,1.011,1.0238,0.9605,1.0152,177686265.6,210162961.8,145341054,162924590.7,143945294.4,3551434.92,3556283.49,3309310.64,2830756.79,2702421.79,206500,5-story shear model,pending,,,,,,
Case0025,Struct0013,EI,ground_motion/ei3.txt,0.02,g,1,1.1209,0.8224,1.0883,0.0566,0.0163,3.588,5,0.8696,0.9533,0.9999,1.0125,1.1139,1.0841,1.0138,0.9621,1.0441,0.9632,175452235.2,176311405.1,168118186.5,153213018.8,149828461.2,3566255.36,3084871.74,2690185.54,2661870.3,2217979.9,272075,5-story shear model,pending,,,,,,
Case0026,Struct0013,NORTHRIDGE,ground_motion/northbridge.txt,0.02,g,1,1.1209,0.8224,1.0883,0.0566,0.0163,3.588,5,0.8696,0.9533,0.9999,1.0125,1.1139,1.0841,1.0138,0.9621,1.0441,0.9632,175452235.2,176311405.1,168118186.5,153213018.8,149828461.2,3566255.36,3084871.74,2690185.54,2661870.3,2217979.9,272075,5-story shear model,pending,,,,,,
Case0027,Struct0014,EI,ground_motion/ei3.txt,0.02,g,1,1.1829,0.9382,0.9668,0.0252,0.0396,3.16,5,1.1056,1.0571,1.0367,0.9235,0.8846,0.8865,0.87,0.9309,0.9583,1.1078,235406563.2,206323192.4,183946864.5,147475100.3,125567200.8,3326857.2,3020065.8,2969459.29,2787138.89,2910146.29,241700,5-story shear model,pending,,,,,,
Case0028,Struct0014,NORTHRIDGE,ground_motion/northbridge.txt,0.02,g,1,1.1829,0.9382,0.9668,0.0252,0.0396,3.16,5,1.1056,1.0571,1.0367,0.9235,0.8846,0.8865,0.87,0.9309,0.9583,1.1078,235406563.2,206323192.4,183946864.5,147475100.3,125567200.8,3326857.2,3020065.8,2969459.29,2787138.89,2910146.29,241700,5-story shear model,pending,,,,,,
Case0029,Struct0015,EI,ground_motion/ei3.txt,0.02,g,1,0.9025,0.8329,1.06,0.0432,0.0276,3.399,5,1.1455,1.1063,1.0904,1.0421,1.0903,1.1122,1.015,1.0265,0.9163,1.1446,186086475,164741898.8,147612900,126966858.8,118079490,3705405.52,3127955.95,2906904.29,2365877.44,2669344.55,265000,5-story shear model,pending,,,,,,
Case0030,Struct0015,NORTHRIDGE,ground_motion/northbridge.txt,0.02,g,1,0.9025,0.8329,1.06,0.0432,0.0276,3.399,5,1.1455,1.1063,1.0904,1.0421,1.0903,1.1122,1.015,1.0265,0.9163,1.1446,186086475,164741898.8,147612900,126966858.8,118079490,3705405.52,3127955.95,2906904.29,2365877.44,2669344.55,265000,5-story shear model,pending,,,,,,
Case0031,Struct0016,EI,ground_motion/ei3.txt,0.02,g,1,1.1447,1.0636,0.9342,0.0495,0.0169,3.596,5,0.9472,1.0296,1.0194,1.0422,1.1216,1.1128,1.0396,0.9548,1.0973,1.0518,195166771.2,194466214.8,175036077,161055855.9,154067462.4,4734296.32,4091158.67,3452785.95,3617973.67,3132344.54,233550,5-story shear model,pending,,,,,,
Case0032,Struct0016,NORTHRIDGE,ground_motion/northbridge.txt,0.02,g,1,1.1447,1.0636,0.9342,0.0495,0.0169,3.596,5,0.9472,1.0296,1.0194,1.0422,1.1216,1.1128,1.0396,0.9548,1.0973,1.0518,195166771.2,194466214.8,175036077,161055855.9,154067462.4,4734296.32,4091158.67,3452785.95,3617973.67,3132344.54,233550,5-story shear model,pending,,,,,,
Case0033,Struct0017,EI,ground_motion/ei3.txt,0.02,g,1,1.0545,0.8621,1.1365,0.0417,0.0141,3.046,5,0.853,1.0377,0.9164,1.0783,0.9514,1.1436,1.0066,1.0714,1.1495,0.9568,161907930,180552017.3,144951570,153504092.3,120390156,3943590.24,3210822.48,3140423.4,3072050.25,2309600.38,284125,5-story shear model,pending,,,,,,
Case0034,Struct0017,NORTHRIDGE,ground_motion/northbridge.txt,0.02,g,1,1.0545,0.8621,1.1365,0.0417,0.0141,3.046,5,0.853,1.0377,0.9164,1.0783,0.9514,1.1436,1.0066,1.0714,1.1495,0.9568,161907930,180552017.3,144951570,153504092.3,120390156,3943590.24,3210822.48,3140423.4,3072050.25,2309600.38,284125,5-story shear model,pending,,,,,,
Case0035,Struct0018,EI,ground_motion/ei3.txt,0.02,g,1,0.8782,1.2235,1.0928,0.0348,0.0454,3.592,5,0.9491,1.003,1.1205,0.8501,1.0428,0.8649,1.0928,1.098,1.0717,1.1372,150029931.6,145337709,147603465,100785305.7,109894435.2,4232820.6,4947050.96,4567570.2,4064797.35,3895819.76,273200,5-story shear model,pending,,,,,,
Case0036,Struct0018,NORTHRIDGE,ground_motion/northbridge.txt,0.02,g,1,0.8782,1.2235,1.0928,0.0348,0.0454,3.592,5,0.9491,1.003,1.1205,0.8501,1.0428,0.8649,1.0928,1.098,1.0717,1.1372,150029931.6,145337709,147603465,100785305.7,109894435.2,4232820.6,4947050.96,4567570.2,4064797.35,3895819.76,273200,5-story shear model,pending,,,,,,
Case0037,Struct0019,EI,ground_motion/ei3.txt,0.02,g,1,0.8943,1.175,1.1647,0.0627,0.0235,3.451,5,0.8767,0.9187,0.9897,1.0245,0.9603,1.031,1.0433,1.137,0.9506,0.9163,141125905.8,135562912.7,132763306.5,123688397.3,103055554.8,4845700,4535746.75,4542315,3462560.5,3014627,291175,5-story shear model,pending,,,,,,
Case0038,Struct0019,NORTHRIDGE,ground_motion/northbridge.txt,0.02,g,1,0.8943,1.175,1.1647,0.0627,0.0235,3.451,5,0.8767,0.9187,0.9897,1.0245,0.9603,1.031,1.0433,1.137,0.9506,0.9163,141125905.8,135562912.7,132763306.5,123688397.3,103055554.8,4845700,4535746.75,4542315,3462560.5,3014627,291175,5-story shear model,pending,,,,,,
Case0039,Struct0020,EI,ground_motion/ei3.txt,0.02,g,1,1.1913,0.7707,0.8629,0.078,0.0459,3.369,5,1.0741,1.1019,0.8687,0.9951,0.9459,0.9072,1.1102,1.0819,1.0324,0.9623,230323559.4,216594422.6,155232346.5,160037455.1,135222080.4,2796716.16,3165835.22,2834989.12,2466579.11,2076604.91,215725,5-story shear model,pending,,,,,,
Case0040,Struct0020,NORTHRIDGE,ground_motion/northbridge.txt,0.02,g,1,1.1913,0.7707,0.8629,0.078,0.0459,3.369,5,1.0741,1.1019,0.8687,0.9951,0.9459,0.9072,1.1102,1.0819,1.0324,0.9623,230323559.4,216594422.6,155232346.5,160037455.1,135222080.4,2796716.16,3165835.22,2834989.12,2466579.11,2076604.91,215725,5-story shear model,pending,,,,,,
Case0041,Struct0021,EI,ground_motion/ei3.txt,0.02,g,1,0.8537,1.0033,1.1991,0.0614,0.0227,3.348,5,1.0674,1.0552,0.9262,1.1161,0.9375,1.0027,1.0056,1.0181,0.9594,0.9831,164023088.4,148635999.6,118604541,128629967,96041250,4024035.64,3732998.38,3472963.08,2983954.66,2761763.84,299775,5-story shear model,pending,,,,,,
Case0042,Struct0021,NORTHRIDGE,ground_motion/northbridge.txt,0.02,g,1,0.8537,1.0033,1.1991,0.0614,0.0227,3.348,5,1.0674,1.0552,0.9262,1.1161,0.9375,1.0027,1.0056,1.0181,0.9594,0.9831,164023088.4,148635999.6,118604541,128629967,96041250,4024035.64,3732998.38,3472963.08,2983954.66,2761763.84,299775,5-story shear model,pending,,,,,,
Case0043,Struct0022,EI,ground_motion/ei3.txt,0.02,g,1,1.0187,0.85,0.9167,0.052,0.0166,3.42,5,0.9752,0.9132,1.1216,0.9525,1.0085,1.0283,1.1201,0.9056,0.8742,1.0578,178818523.2,153495678.6,171386088,130992086.3,123283074,3496220,3522714.5,2617184,2303517,2517564,229175,5-story shear model,pending,,,,,,
Case0044,Struct0022,NORTHRIDGE,ground_motion/northbridge.txt,0.02,g,1,1.0187,0.85,0.9167,0.052,0.0166,3.42,5,0.9752,0.9132,1.1216,0.9525,1.0085,1.0283,1.1201,0.9056,0.8742,1.0578,178818523.2,153495678.6,171386088,130992086.3,123283074,3496220,3522714.5,2617184,2303517,2517564,229175,5-story shear model,pending,,,,,,
Case0045,Struct0023,EI,ground_motion/ei3.txt,0.02,g,1,1.1073,1.105,0.8706,0.0548,0.0357,3.212,5,1.0542,1.0825,0.9451,0.9439,1.147,1.0828,0.9369,1.0501,0.856,0.8926,210116818.8,197777621.3,156976384.5,141099363.5,152408772,4785976,3830515.65,3945225.7,2932228,2761704.4,217650,5-story shear model,pending,,,,,,
Case0046,Struct0023,NORTHRIDGE,ground_motion/northbridge.txt,0.02,g,1,1.1073,1.105,0.8706,0.0548,0.0357,3.212,5,1.0542,1.0825,0.9451,0.9439,1.147,1.0828,0.9369,1.0501,0.856,0.8926,210116818.8,197777621.3,156976384.5,141099363.5,152408772,4785976,3830515.65,3945225.7,2932228,2761704.4,217650,5-story shear model,pending,,,,,,
Case0047,Struct0024,EI,ground_motion/ei3.txt,0.02,g,1,0.8811,0.7866,1.078,0.0437,0.034,3.116,5,1.1289,0.9106,0.9466,0.982,0.9972,0.8544,1.0861,1.1306,1.0954,1.0982,179041282.2,132384393.9,125107389,116807427,105435950.4,2688284.16,3161007.16,3023721.86,2671089.08,2418763.54,269500,5-story shear model,pending,,,,,,
Case0048,Struct0024,NORTHRIDGE,ground_motion/northbridge.txt,0.02,g,1,0.8811,0.7866,1.078,0.0437,0.034,3.116,5,1.1289,0.9106,0.9466,0.982,0.9972,0.8544,1.0861,1.1306,1.0954,1.0982,179041282.2,132384393.9,125107389,116807427,105435950.4,2688284.16,3161007.16,3023721.86,2671089.08,2418763.54,269500,5-story shear model,pending,,,,,,
Case0049,Struct0025,EI,ground_motion/ei3.txt,0.02,g,1,1.0263,0.9109,1.0658,0.0427,0.0336,3.026,5,1.1307,1.087,1.0228,0.9881,1.0725,0.9302,1.0392,1.1195,1.0201,1.0578,208878733.8,184072036.5,157454946,136901749.1,132084810,3389276.72,3502446.94,3467158.67,2880548.18,2697940.06,266450,5-story shear model,pending,,,,,,
Case0050,Struct0025,NORTHRIDGE,ground_motion/northbridge.txt,0.02,g,1,1.0263,0.9109,1.0658,0.0427,0.0336,3.026,5,1.1307,1.087,1.0228,0.9881,1.0725,0.9302,1.0392,1.1195,1.0201,1.0578,208878733.8,184072036.5,157454946,136901749.1,132084810,3389276.72,3502446.94,3467158.67,2880548.18,2697940.06,266450,5-story shear model,pending,,,,,,
Case0051,Struct0026,EI,ground_motion/ei3.txt,0.02,g,1,1.0216,1.1832,1.099,0.0261,0.0118,3.202,5,1.0398,1.0525,1.1092,0.866,1.0987,0.8718,1.0542,0.9161,1.123,1.0234,191206742.4,177413610,169973808,119435256,134691830.4,4126055.04,4615118.93,3685360.37,4119074.16,3390483.26,274750,5-story shear model,pending,,,,,,
Case0052,Struct0026,NORTHRIDGE,ground_motion/northbridge.txt,0.02,g,1,1.0216,1.1832,1.099,0.0261,0.0118,3.202,5,1.0398,1.0525,1.1092,0.866,1.0987,0.8718,1.0542,0.9161,1.123,1.0234,191206742.4,177413610,169973808,119435256,134691830.4,4126055.04,4615118.93,3685360.37,4119074.16,3390483.26,274750,5-story shear model,pending,,,,,,
Case0053,Struct0027,EI,ground_motion/ei3.txt,0.02,g,1,1.14,1.1439,1.0737,0.045,0.0226,3.335,5,0.9972,0.9599,1.0458,0.8708,0.9344,1.1467,0.8943,0.9938,1.0743,1.0161,204625440,180557190,178831800,134016120,127825920,5246840.52,3785062.15,3865146.59,3809564.49,3254487.01,268425,5-story shear model,pending,,,,,,
Case0054,Struct0027,NORTHRIDGE,ground_motion/northbridge.txt,0.02,g,1,1.14,1.1439,1.0737,0.045,0.0226,3.335,5,0.9972,0.9599,1.0458,0.8708,0.9344,1.1467,0.8943,0.9938,1.0743,1.0161,204625440,180557190,178831800,134016120,127825920,5246840.52,3785062.15,3865146.59,3809564.49,3254487.01,268425,5-story shear model,pending,,,,,,
Case0055,Struct0028,EI,ground_motion/ei3.txt,0.02,g,1,0.8422,0.8546,1.1957,0.079,0.0361,3.166,5,1.1349,1.044,0.914,1.1165,1.1122,1.0435,0.9213,1.025,0.9587,1.0104,172046300.4,145077372,115465620,126942700.5,112403380.8,3567100.4,2913169.03,2978281,2539845.56,2417765.95,298925,5-story shear model,pending,,,,,,
Case0056,Struct0028,NORTHRIDGE,ground_motion/northbridge.txt,0.02,g,1,0.8422,0.8546,1.1957,0.079,0.0361,3.166,5,1.1349,1.044,0.914,1.1165,1.1122,1.0435,0.9213,1.025,0.9587,1.0104,172046300.4,145077372,115465620,126942700.5,112403380.8,3567100.4,2913169.03,2978281,2539845.56,2417765.95,298925,5-story shear model,pending,,,,,,
Case0057,Struct0029,EI,ground_motion/ei3.txt,0.02,g,1,1.0302,0.8568,1.0337,0.0437,0.0293,3.182,5,0.9349,1.116,1.0499,1.0065,0.9829,1.1313,1.1437,0.8695,1.06,0.95,173364116.4,189701028,162241047,139981000.5,121510029.6,3877191.36,3625711.99,2532957.84,2815444.8,2279088,258425,5-story shear model,pending,,,,,,
Case0058,Struct0029,NORTHRIDGE,ground_motion/northbridge.txt,0.02,g,1,1.0302,0.8568,1.0337,0.0437,0.0293,3.182,5,0.9349,1.116,1.0499,1.0065,0.9829,1.1313,1.1437,0.8695,1.06,0.95,173364116.4,189701028,162241047,139981000.5,121510029.6,3877191.36,3625711.99,2532957.84,2815444.8,2279088,258425,5-story shear model,pending,,,,,,
Case0059,Struct0030,EI,ground_motion/ei3.txt,0.02,g,1,1.1788,0.7719,0.9692,0.046,0.0207,3.467,5,1.0261,1.1019,1.1096,0.996,0.9052,0.9445,0.9583,0.9598,1.009,1.1318,217722002.4,214321753.8,196199472,158501448,128045971.2,2916238.2,2736933.55,2518956.71,2414426.01,2446181.98,242300,5-story shear model,pending,,,,,,
Case0060,Struct0030,NORTHRIDGE,ground_motion/northbridge.txt,0.02,g,1,1.1788,0.7719,0.9692,0.046,0.0207,3.467,5,1.0261,1.1019,1.1096,0.996,0.9052,0.9445,0.9583,0.9598,1.009,1.1318,217722002.4,214321753.8,196199472,158501448,128045971.2,2916238.2,2736933.55,2518956.71,2414426.01,2446181.98,242300,5-story shear model,pending,,,,,,
Case0061,Struct0031,EI,ground_motion/ei3.txt,0.02,g,1,1.0678,1.0021,1.1199,0.0776,0.0241,3.14,5,0.9491,0.9382,0.929,1.1229,0.9643,1.0597,0.8528,1.0872,1.1175,0.9038,182420816.4,165298643.4,148797930,161869403.7,123561544.8,4247701.48,3161986.26,3704242.61,3471524.92,2535954.34,279975,5-story shear model,pending,,,,,,
Case0062,Struct0031,NORTHRIDGE,ground_motion/northbridge.txt,0.02,g,1,1.0678,1.0021,1.1199,0.0776,0.0241,3.14,5,0.9491,0.9382,0.929,1.1229,0.9643,1.0597,0.8528,1.0872,1.1175,0.9038,182420816.4,165298643.4,148797930,161869403.7,123561544.8,4247701.48,3161986.26,3704242.61,3471524.92,2535954.34,279975,5-story shear model,pending,,,,,,
Case0063,Struct0032,EI,ground_motion/ei3.txt,0.02,g,1,1.2046,0.9002,0.936,0.0436,0.0404,3.22,5,1.0846,0.975,1.1206,0.8787,1.0032,0.9707,1.0132,0.914,0.8608,0.9581,235171648.8,193790025,202481214,142895072.7,145014566.4,3495296.56,3374705.77,2797461.52,2402165.7,2414948.54,234000,5-story shear model,pending,,,,,,
Case0064,Struct0032,NORTHRIDGE,ground_motion/northbridge.txt,0.02,g,1,1.2046,0.9002,0.936,0.0436,0.0404,3.22,5,1.0846,0.975,1.1206,0.8787,1.0032,0.9707,1.0132,0.914,0.8608,0.9581,235171648.8,193790025,202481214,142895072.7,145014566.4,3495296.56,3374705.77,2797461.52,2402165.7,2414948.54,234000,5-story shear model,pending,,,,,,
Case0065,Struct0033,EI,ground_motion/ei3.txt,0.02,g,1,0.8565,0.7658,0.8015,0.0372,0.0423,3.543,5,0.8614,1.1134,0.9073,0.896,0.9806,1.0486,1.0177,1.0409,0.9279,1.027,132802038,157348471.5,116565367.5,103602240,100786068,3212071.52,2883612.24,2710212.15,2202816.04,2202134.48,200375,5-story shear model,pending,,,,,,
Case0066,Struct0033,NORTHRIDGE,ground_motion/northbridge.txt,0.02,g,1,0.8565,0.7658,0.8015,0.0372,0.0423,3.543,5,0.8614,1.1134,0.9073,0.896,0.9806,1.0486,1.0177,1.0409,0.9279,1.027,132802038,157348471.5,116565367.5,103602240,100786068,3212071.52,2883612.24,2710212.15,2202816.04,2202134.48,200375,5-story shear model,pending,,,,,,
Case0067,Struct0034,EI,ground_motion/ei3.txt,0.02,g,1,1.2391,1.2379,1.0307,0.0324,0.0254,3.417,5,0.8541,0.9934,1.0758,1.0358,0.9693,1.056,1.11,0.8846,1.1397,0.8756,190496755.8,203102120.1,199953567,173267070.3,144127155.6,5228889.6,5084055.3,3723157.56,4373587.35,3034934.67,257675,5-story shear model,pending,,,,,,
Case0068,Struct0034,NORTHRIDGE,ground_motion/northbridge.txt,0.02,g,1,1.2391,1.2379,1.0307,0.0324,0.0254,3.417,5,0.8541,0.9934,1.0758,1.0358,0.9693,1.056,1.11,0.8846,1.1397,0.8756,190496755.8,203102120.1,199953567,173267070.3,144127155.6,5228889.6,5084055.3,3723157.56,4373587.35,3034934.67,257675,5-story shear model,pending,,,,,,
Case0069,Struct0035,EI,ground_motion/ei3.txt,0.02,g,1,1.0109,1.0493,1.1531,0.0331,0.0273,3.303,5,0.8982,1.0552,1.0026,1.0632,1.0732,1.128,1.0735,0.9746,0.9617,0.8551,163438268.4,176005777.2,152029251,145096498.8,130187745.6,4734441.6,4167767.13,3477002.45,3128246.61,2512318,288275,5-story shear model,pending,,,,,,
Case0070,Struct0035,NORTHRIDGE,ground_motion/northbridge.txt,0.02,g,1,1.0109,1.0493,1.1531,0.0331,0.0273,3.303,5,0.8982,1.0552,1.0026,1.0632,1.0732,1.128,1.0735,0.9746,0.9617,0.8551,163438268.4,176005777.2,152029251,145096498.8,130187745.6,4734441.6,4167767.13,3477002.45,3128246.61,2512318,288275,5-story shear model,pending,,,,,,
Case0071,Struct0036,EI,ground_motion/ei3.txt,0.02,g,1,1.0489,1.0361,1.07,0.0489,0.0213,3.382,5,1.0178,0.8935,1.0985,1.1201,0.8529,0.9349,0.895,0.9187,1.0619,0.9156,192162675.6,154636704.8,172832497.5,158607840.2,107352817.2,3874599.56,3431045.15,3236341.24,3410727.23,2656228.85,267500,5-story shear model,pending,,,,,,
Case0072,Struct0036,NORTHRIDGE,ground_motion/northbridge.txt,0.02,g,1,1.0489,1.0361,1.07,0.0489,0.0213,3.382,5,1.0178,0.8935,1.0985,1.1201,0.8529,0.9349,0.895,0.9187,1.0619,0.9156,192162675.6,154636704.8,172832497.5,158607840.2,107352817.2,3874599.56,3431045.15,3236341.24,3410727.23,2656228.85,267500,5-story shear model,pending,,,,,,
Case0073,Struct0037,EI,ground_motion/ei3.txt,0.02,g,1,0.8188,1.0728,0.8107,0.0597,0.0129,3.021,5,1.0262,0.9121,1.1066,0.9884,0.9916,0.861,1.0654,1.1087,0.9687,0.8539,151245460.8,123226534.2,135912612,109255759.2,97430649.6,3694723.2,4228956.14,4044005.42,3221586.22,2564978.98,202675,5-story shear model,pending,,,,,,
Case0074,Struct0037,NORTHRIDGE,ground_motion/northbridge.txt,0.02,g,1,0.8188,1.0728,0.8107,0.0597,0.0129,3.021,5,1.0262,0.9121,1.1066,0.9884,0.9916,0.861,1.0654,1.1087,0.9687,0.8539,151245460.8,123226534.2,135912612,109255759.2,97430649.6,3694723.2,4228956.14,4044005.42,3221586.22,2564978.98,202675,5-story shear model,pending,,,,,,
Case0075,Struct0038,EI,ground_motion/ei3.txt,0.02,g,1,1.0177,0.8099,0.8993,0.0688,0.015,3.459,5,1.0281,1.1119,1.1019,1.0734,0.8612,0.9608,0.9944,1.106,1.0361,0.8527,188333526.6,186710804,168210544.5,147473889.3,105173188.8,3112607.68,2979848.87,3045547.96,2601325.91,1933684.84,224825,5-story shear model,pending,,,,,,
Case0076,Struct0038,NORTHRIDGE,ground_motion/northbridge.txt,0.02,g,1,1.0177,0.8099,0.8993,0.0688,0.015,3.459,5,1.0281,1.1119,1.1019,1.0734,0.8612,0.9608,0.9944,1.106,1.0361,0.8527,188333526.6,186710804,168210544.5,147473889.3,105173188.8,3112607.68,2979848.87,3045547.96,2601325.91,1933684.84,224825,5-story shear model,pending,,,,,,
Case0077,Struct0039,EI,ground_motion/ei3.txt,0.02,g,1,0.9256,1.0852,1.0328,0.0311,0.0213,3.415,5,1.1371,0.9911,0.8856,0.912,0.9557,0.9558,0.9515,1.015,0.8581,1.0277,189449956.8,151364756.4,122956704,113959872,106151510.4,4148936.64,3820500.86,3745025.2,2886751.37,3122728.11,258200,5-story shear model,pending,,,,,,
Case0078,Struct0039,NORTHRIDGE,ground_motion/northbridge.txt,0.02,g,1,0.9256,1.0852,1.0328,0.0311,0.0213,3.415,5,1.1371,0.9911,0.8856,0.912,0.9557,0.9558,0.9515,1.015,0.8581,1.0277,189449956.8,151364756.4,122956704,113959872,106151510.4,4148936.64,3820500.86,3745025.2,2886751.37,3122728.11,258200,5-story shear model,pending,,,,,,
Case0079,Struct0040,EI,ground_motion/ei3.txt,0.02,g,1,1.0904,1.0551,1.1851,0.0588,0.0431,3.355,5,0.9407,1.0027,1.0246,1.0409,0.8623,0.9996,0.9795,0.8889,1.0873,0.9549,184633070.4,180401773.2,167583576,153224643.6,112830230.4,4218711.84,3823840.66,3188786.53,3556351.71,2821041.97,296275,5-story shear model,pending,,,,,,
Case0080,Struct0040,NORTHRIDGE,ground_motion/northbridge.txt,0.02,g,1,1.0904,1.0551,1.1851,0.0588,0.0431,3.355,5,0.9407,1.0027,1.0246,1.0409,0.8623,0.9996,0.9795,0.8889,1.0873,0.9549,184633070.4,180401773.2,167583576,153224643.6,112830230.4,4218711.84,3823840.66,3188786.53,3556351.71,2821041.97,296275,5-story shear model,pending,,,,,,
Case0081,Struct0041,EI,ground_motion/ei3.txt,0.02,g,1,0.7922,1.2123,1.0395,0.0478,0.0408,3.596,5,0.9453,0.8602,0.9937,0.8804,0.8989,0.9459,0.9401,1.1241,1.0851,0.9185,134795998.8,112439322.6,118081371,94156138.8,85453029.6,4586858.28,4216827.95,4633337.86,4077946.86,3117793.14,259875,5-story shear model,pending,,,,,,
Case0082,Struct0041,NORTHRIDGE,ground_motion/northbridge.txt,0.02,g,1,0.7922,1.2123,1.0395,0.0478,0.0408,3.596,5,0.9453,0.8602,0.9937,0.8804,0.8989,0.9459,0.9401,1.1241,1.0851,0.9185,134795998.8,112439322.6,118081371,94156138.8,85453029.6,4586858.28,4216827.95,4633337.86,4077946.86,3117793.14,259875,5-story shear model,pending,,,,,,
Case0083,Struct0042,EI,ground_motion/ei3.txt,0.02,g,1,1.0356,0.9807,0.8214,0.0246,0.0176,3.179,5,1.118,1.0125,0.993,0.8664,0.9924,1.1278,0.9796,1.0832,1.0161,1.1313,208404144,173009925,154252620,121127918.4,123327532.8,4424133.84,3554566.76,3611800.42,3089116.74,3106504.55,205350,5-story shear model,pending,,,,,,
Case0084,Struct0042,NORTHRIDGE,ground_motion/northbridge.txt,0.02,g,1,1.0356,0.9807,0.8214,0.0246,0.0176,3.179,5,1.118,1.0125,0.993,0.8664,0.9924,1.1278,0.9796,1.0832,1.0161,1.1313,208404144,173009925,154252620,121127918.4,123327532.8,4424133.84,3554566.76,3611800.42,3089116.74,3106504.55,205350,5-story shear model,pending,,,,,,
Case0085,Struct0043,EI,ground_motion/ei3.txt,0.02,g,1,1.0864,0.9835,0.8218,0.0477,0.0348,3.511,5,0.888,1.0731,1.026,1.0741,1.0681,1.0342,0.8761,1.0389,0.8571,1.0709,173650176,192359613.6,167196960,157531802.4,139246060.8,4068542.8,3188084.09,3473977.71,2613169.33,2949044.42,205450,5-story shear model,pending,,,,,,
Case0086,Struct0043,NORTHRIDGE,ground_motion/northbridge.txt,0.02,g,1,1.0864,0.9835,0.8218,0.0477,0.0348,3.511,5,0.888,1.0731,1.026,1.0741,1.0681,1.0342,0.8761,1.0389,0.8571,1.0709,173650176,192359613.6,167196960,157531802.4,139246060.8,4068542.8,3188084.09,3473977.71,2613169.33,2949044.42,205450,5-story shear model,pending,,,,,,
Case0087,Struct0044,EI,ground_motion/ei3.txt,0.02,g,1,0.9397,0.9607,0.8868,0.0707,0.0349,3.557,5,1.0894,1.0967,1.1068,0.97,0.9582,0.869,1.145,1.0171,1.0836,0.8913,184267652.4,170043883.4,156008994,123053715,108050464.8,3339393.2,4070005.55,3322235.1,3227145.01,2397561.35,221700,5-story shear model,pending,,,,,,
Case0088,Struct0044,NORTHRIDGE,ground_motion/northbridge.txt,0.02,g,1,0.9397,0.9607,0.8868,0.0707,0.0349,3.557,5,1.0894,1.0967,1.1068,0.97,0.9582,0.869,1.145,1.0171,1.0836,0.8913,184267652.4,170043883.4,156008994,123053715,108050464.8,3339393.2,4070005.55,3322235.1,3227145.01,2397561.35,221700,5-story shear model,pending,,,,,,
Case0089,Struct0045,EI,ground_motion/ei3.txt,0.02,g,1,0.97,1.0914,1.0495,0.0798,0.0102,3.56,5,0.9274,1.0235,1.0196,0.9481,0.9592,0.8586,0.9563,1.0343,1.0574,0.9388,161924040,163811175,148351800,124153695,111650880,3748304.16,3861711.53,3838039.07,3577543.72,2868897.7,262375,5-story shear model,pending,,,,,,
Case0090,Struct0045,NORTHRIDGE,ground_motion/northbridge.txt,0.02,g,1,0.97,1.0914,1.0495,0.0798,0.0102,3.56,5,0.9274,1.0235,1.0196,0.9481,0.9592,0.8586,0.9563,1.0343,1.0574,0.9388,161924040,163811175,148351800,124153695,111650880,3748304.16,3861711.53,3838039.07,3577543.72,2868897.7,262375,5-story shear model,pending,,,,,,
Case0091,Struct0046,EI,ground_motion/ei3.txt,0.02,g,1,0.9668,1.0366,0.8904,0.0285,0.0402,3.371,5,0.8537,0.9033,1.0041,1.046,0.9675,1.1371,1.0115,0.9374,0.9522,0.9334,148564288.8,144096222.6,145614582,136521828,112245480,4714871.44,3879527.33,3303810.06,3059856.61,2709174.83,222600,5-story shear model,pending,,,,,,
Case0092,Struct0046,NORTHRIDGE,ground_motion/northbridge.txt,0.02,g,1,0.9668,1.0366,0.8904,0.0285,0.0402,3.371,5,0.8537,0.9033,1.0041,1.046,0.9675,1.1371,1.0115,0.9374,0.9522,0.9334,148564288.8,144096222.6,145614582,136521828,112245480,4714871.44,3879527.33,3303810.06,3059856.61,2709174.83,222600,5-story shear model,pending,,,,,,
Case0093,Struct0047,EI,ground_motion/ei3.txt,0.02,g,1,0.9023,0.9015,1.1199,0.0281,0.0436,3.359,5,1.0616,1.1124,0.891,0.9457,1.0568,0.9769,1.0379,0.9974,1.133,1.0665,172418702.4,165613555.8,120592395,115196189.9,114426076.8,3522701.4,3461967.35,3057130.74,3166338.45,2692059.3,279975,5-story shear model,pending,,,,,,
Case0094,Struct0047,NORTHRIDGE,ground_motion/northbridge.txt,0.02,g,1,0.9023,0.9015,1.1199,0.0281,0.0436,3.359,5,1.0616,1.1124,0.891,0.9457,1.0568,0.9769,1.0379,0.9974,1.133,1.0665,172418702.4,165613555.8,120592395,115196189.9,114426076.8,3522701.4,3461967.35,3057130.74,3166338.45,2692059.3,279975,5-story shear model,pending,,,,,,
Case0095,Struct0048,EI,ground_motion/ei3.txt,0.02,g,1,1.2017,0.8483,0.9435,0.0399,0.0354,3.505,5,1.1129,1.0975,0.8802,1.0363,1.0478,0.9295,1.025,0.9059,1.0623,0.8968,240726947.4,217612848.8,158660451,168118430.9,151096951.2,3153979.4,3217177.75,2612814.9,2793562.18,2130115.23,235875,5-story shear model,pending,,,,,,
Case0096,Struct0048,NORTHRIDGE,ground_motion/northbridge.txt,0.02,g,1,1.2017,0.8483,0.9435,0.0399,0.0354,3.505,5,1.1129,1.0975,0.8802,1.0363,1.0478,0.9295,1.025,0.9059,1.0623,0.8968,240726947.4,217612848.8,158660451,168118430.9,151096951.2,3153979.4,3217177.75,2612814.9,2793562.18,2130115.23,235875,5-story shear model,pending,,,,,,
Case0097,Struct0049,EI,ground_motion/ei3.txt,0.02,g,1,1.1493,0.8579,0.8297,0.0269,0.0494,3.423,5,1.0875,0.9836,1.0981,1.0523,0.9023,0.9444,1.1482,0.9856,0.98,1.0081,224975475,186524494.2,189306949.5,163270132.7,124441606.8,3240803.04,3644650.89,2874857.22,2606300.2,2421577.17,207425,5-story shear model,pending,,,,,,
Case0098,Struct0049,NORTHRIDGE,ground_motion/northbridge.txt,0.02,g,1,1.1493,0.8579,0.8297,0.0269,0.0494,3.423,5,1.0875,0.9836,1.0981,1.0523,0.9023,0.9444,1.1482,0.9856,0.98,1.0081,224975475,186524494.2,189306949.5,163270132.7,124441606.8,3240803.04,3644650.89,2874857.22,2606300.2,2421577.17,207425,5-story shear model,pending,,,,,,
Case0099,Struct0050,EI,ground_motion/ei3.txt,0.02,g,1,1.1097,0.814,0.8054,0.0264,0.0302,3.155,5,0.8521,1.0433,1.1253,1.1422,1.0665,0.8745,0.8615,1.0702,1.1252,1.116,170203566.6,191028751.7,187311811.5,171112410.9,142019406,2847372,2594665.7,2961885.52,2839329.68,2543587.2,201350,5-story shear model,pending,,,,,,
Case0100,Struct0050,NORTHRIDGE,ground_motion/northbridge.txt,0.02,g,1,1.1097,0.814,0.8054,0.0264,0.0302,3.155,5,0.8521,1.0433,1.1253,1.1422,1.0665,0.8745,0.8615,1.0702,1.1252,1.116,170203566.6,191028751.7,187311811.5,171112410.9,142019406,2847372,2594665.7,2961885.52,2839329.68,2543587.2,201350,5-story shear model,pending,,,,,,
Case0101,Struct0051,EI,ground_motion/ei3.txt,0.02,g,1,1.107,1.2362,0.9089,0.0602,0.0363,3.312,5,0.8536,1.0784,1.0495,1.0728,0.8568,0.8874,1.1315,1.03,1.1032,0.8545,170088336,196975152,174269475,160324596,113817312,4388015.52,5175413.11,4329172.4,4227705.1,2957732.12,227225,5-story shear model,pending,,,,,,
Case0102,Struct0051,NORTHRIDGE,ground_motion/northbridge.txt,0.02,g,1,1.107,1.2362,0.9089,0.0602,0.0363,3.312,5,0.8536,1.0784,1.0495,1.0728,0.8568,0.8874,1.1315,1.03,1.1032,0.8545,170088336,196975152,174269475,160324596,113817312,4388015.52,5175413.11,4329172.4,4227705.1,2957732.12,227225,5-story shear model,pending,,,,,,
Case0103,Struct0052,EI,ground_motion/ei3.txt,0.02,g,1,0.9007,0.8669,0.9412,0.0642,0.0276,3.15,5,1.1044,0.9639,0.9123,0.9913,0.8648,0.9786,1.1058,0.9959,1.0536,0.9198,179051954.4,143250480.5,123256291.5,120536627.9,93471043.2,3393393.36,3546886.67,2935375.41,2831434.1,2232648.94,235300,5-story shear model,pending,,,,,,
Case0104,Struct0052,NORTHRIDGE,ground_motion/northbridge.txt,0.02,g,1,0.9007,0.8669,0.9412,0.0642,0.0276,3.15,5,1.1044,0.9639,0.9123,0.9913,0.8648,0.9786,1.1058,0.9959,1.0536,0.9198,179051954.4,143250480.5,123256291.5,120536627.9,93471043.2,3393393.36,3546886.67,2935375.41,2831434.1,2232648.94,235300,5-story shear model,pending,,,,,,
Case0105,Struct0053,EI,ground_motion/ei3.txt,0.02,g,1,0.9031,1.0118,1.0788,0.0791,0.0365,3.236,5,0.9008,1.0142,1.0857,0.8712,1.1173,0.9759,0.997,0.9834,1.0276,0.901,146432246.4,151127463.3,147074350.5,106215397.2,121084035.6,3949662.48,3732429.02,3383014.01,3223149.61,2552569.04,269700,5-story shear model,pending,,,,,,
Case0106,Struct0053,NORTHRIDGE,ground_motion/northbridge.txt,0.02,g,1,0.9031,1.0118,1.0788,0.0791,0.0365,3.236,5,0.9008,1.0142,1.0857,0.8712,1.1173,0.9759,0.997,0.9834,1.0276,0.901,146432246.4,151127463.3,147074350.5,106215397.2,121084035.6,3949662.48,3732429.02,3383014.01,3223149.61,2552569.04,269700,5-story shear model,pending,,,,,,
Case0107,Struct0054,EI,ground_motion/ei3.txt,0.02,g,1,1.0008,1.241,0.9011,0.0284,0.0118,3.288,5,1.0212,1.1341,1.0167,1.0736,1.0098,1.1267,0.897,0.9709,0.9076,1.1433,183963052.8,187276201.2,152627004,145051948.8,121272940.8,5592938.8,4118754.9,4096615.46,3491627.96,3972738.84,225275,5-story shear model,pending,,,,,,
Case0108,Struct0054,NORTHRIDGE,ground_motion/northbridge.txt,0.02,g,1,1.0008,1.241,0.9011,0.0284,0.0118,3.288,5,1.0212,1.1341,1.0167,1.0736,1.0098,1.1267,0.897,0.9709,0.9076,1.1433,183963052.8,187276201.2,152627004,145051948.8,121272940.8,5592938.8,4118754.9,4096615.46,3491627.96,3972738.84,225275,5-story shear model,pending,,,,,,
Case0109,Struct0055,EI,ground_motion/ei3.txt,0.02,g,1,0.7647,0.9493,0.9634,0.0631,0.0291,3.156,5,0.9721,1.1178,0.9067,0.8844,1.084,1.062,1.1342,0.8741,1.0956,1.1295,133805676.6,141038973.9,104003023.5,91300591.8,99472176,4032626.4,3983775.42,2821262.64,3224164.55,3002256.18,240850,5-story shear model,pending,,,,,,
Case0110,Struct0055,NORTHRIDGE,ground_motion/northbridge.txt,0.02,g,1,0.7647,0.9493,0.9634,0.0631,0.0291,3.156,5,0.9721,1.1178,0.9067,0.8844,1.084,1.062,1.1342,0.8741,1.0956,1.1295,133805676.6,141038973.9,104003023.5,91300591.8,99472176,4032626.4,3983775.42,2821262.64,3224164.55,3002256.18,240850,5-story shear model,pending,,,,,,
Case0111,Struct0056,EI,ground_motion/ei3.txt,0.02,g,1,1.031,0.8543,0.8987,0.0637,0.0371,3.516,5,1.0286,1.0766,1.0416,1.0704,1.102,1.0227,1.1163,1.109,1.1457,0.894,190887588,183145809,161083440,148983624,136339440,3494770.44,3528523.83,3221223.58,3034191.68,2138483.76,224675,5-story shear model,pending,,,,,,
Case0112,Struct0056,NORTHRIDGE,ground_motion/northbridge.txt,0.02,g,1,1.031,0.8543,0.8987,0.0637,0.0371,3.516,5,1.0286,1.0766,1.0416,1.0704,1.102,1.0227,1.1163,1.109,1.1457,0.894,190887588,183145809,161083440,148983624,136339440,3494770.44,3528523.83,3221223.58,3034191.68,2138483.76,224675,5-story shear model,pending,,,,,,
Case0113,Struct0057,EI,ground_motion/ei3.txt,0.02,g,1,0.8453,0.9936,0.9192,0.0534,0.0221,3.301,5,1.1048,0.967,0.9031,1.0494,0.9883,0.8881,0.961,0.8575,0.9542,0.864,168099739.2,134871841.5,114508564.5,119752805.7,100249198.8,3529664.64,3532943.52,2896840.8,2939088.67,2403717.12,229800,5-story shear model,pending,,,,,,
Case0114,Struct0057,NORTHRIDGE,ground_motion/northbridge.txt,0.02,g,1,0.8453,0.9936,0.9192,0.0534,0.0221,3.301,5,1.1048,0.967,0.9031,1.0494,0.9883,0.8881,0.961,0.8575,0.9542,0.864,168099739.2,134871841.5,114508564.5,119752805.7,100249198.8,3529664.64,3532943.52,2896840.8,2939088.67,2403717.12,229800,5-story shear model,pending,,,,,,
Case0115,Struct0058,EI,ground_motion/ei3.txt,0.02,g,1,1.0289,1.0866,0.8305,0.022,0.0421,3.183,5,0.8658,1.0753,1.0112,0.9317,1.1105,0.8661,0.875,0.9252,0.9694,1.0905,160347891.6,182552068.1,156063552,129414527.6,137111214,3764417.04,3517867.5,3418095.89,3265385.12,3317824.44,207625,5-story shear model,pending,,,,,,
Case0116,Struct0058,NORTHRIDGE,ground_motion/northbridge.txt,0.02,g,1,1.0289,1.0866,0.8305,0.022,0.0421,3.183,5,0.8658,1.0753,1.0112,0.9317,1.1105,0.8661,0.875,0.9252,0.9694,1.0905,160347891.6,182552068.1,156063552,129414527.6,137111214,3764417.04,3517867.5,3418095.89,3265385.12,3317824.44,207625,5-story shear model,pending,,,,,,
Case0117,Struct0059,EI,ground_motion/ei3.txt,0.02,g,1,1.2079,0.7769,1.0969,0.062,0.042,3.431,5,0.8526,0.9515,1.0277,1.0159,1.1126,0.9499,0.9186,1.0828,1.0694,1.0632,185373997.2,189637280.3,186203824.5,165659257.4,161269144.8,2951909.24,2640543.26,2860172.89,2575532.27,2312800.22,274225,5-story shear model,pending,,,,,,
Case0118,Struct0059,NORTHRIDGE,ground_motion/northbridge.txt,0.02,g,1,1.2079,0.7769,1.0969,0.062,0.042,3.431,5,0.8526,0.9515,1.0277,1.0159,1.1126,0.9499,0.9186,1.0828,1.0694,1.0632,185373997.2,189637280.3,186203824.5,165659257.4,161269144.8,2951909.24,2640543.26,2860172.89,2575532.27,2312800.22,274225,5-story shear model,pending,,,,,,
Case0119,Struct0060,EI,ground_motion/ei3.txt,0.02,g,1,1.1436,1.0908,0.8135,0.0502,0.0271,3.351,5,1.0169,1.0824,0.8518,0.9384,0.9776,0.9625,0.8587,1.1006,1.0631,0.975,209326831.2,204242385.6,146117772,144875822.4,134158003.2,4199580,3465678.85,4081817.23,3594851.39,2977884,203375,5-story shear model,pending,,,,,,
Case0120,Struct0060,NORTHRIDGE,ground_motion/northbridge.txt,0.02,g,1,1.1436,1.0908,0.8135,0.0502,0.0271,3.351,5,1.0169,1.0824,0.8518,0.9384,0.9776,0.9625,0.8587,1.1006,1.0631,0.975,209326831.2,204242385.6,146117772,144875822.4,134158003.2,4199580,3465678.85,4081817.23,3594851.39,2977884,203375,5-story shear model,pending,,,,,,
Case0121,Struct0061,EI,ground_motion/ei3.txt,0.02,g,1,1.2147,1.0341,0.8453,0.0757,0.0147,3.333,5,0.9347,1.1198,0.8819,0.9333,1.0535,0.9129,0.9028,0.8685,1.0901,1.1314,204368416.2,224436474.9,160686589.5,153046733.9,153562374,3776119.56,3454266.28,3053593.89,3494544.47,3275946.07,211325,5-story shear model,pending,,,,,,
Case0122,Struct0061,NORTHRIDGE,ground_motion/northbridge.txt,0.02,g,1,1.2147,1.0341,0.8453,0.0757,0.0147,3.333,5,0.9347,1.1198,0.8819,0.9333,1.0535,0.9129,0.9028,0.8685,1.0901,1.1314,204368416.2,224436474.9,160686589.5,153046733.9,153562374,3776119.56,3454266.28,3053593.89,3494544.47,3275946.07,211325,5-story shear model,pending,,,,,,
Case0123,Struct0062,EI,ground_motion/ei3.txt,0.02,g,1,0.7527,1.1123,0.9475,0.0436,0.0168,3.508,5,0.9756,1.1463,1.1216,0.8651,1.123,1.0801,1.0357,1.0525,1.1289,1.1314,132180141.6,142365301.7,126634248,87906703.95,101433852,4805580.92,4262433.71,3980365.55,3892593.96,3523677.42,236875,5-story shear model,pending,,,,,,
Case0124,Struct0062,NORTHRIDGE,ground_motion/northbridge.txt,0.02,g,1,0.7527,1.1123,0.9475,0.0436,0.0168,3.508,5,0.9756,1.1463,1.1216,0.8651,1.123,1.0801,1.0357,1.0525,1.1289,1.1314,132180141.6,142365301.7,126634248,87906703.95,101433852,4805580.92,4262433.71,3980365.55,3892593.96,3523677.42,236875,5-story shear model,pending,,,,,,
Case0125,Struct0063,EI,ground_motion/ei3.txt,0.02,g,1,0.936,1.1012,0.8644,0.0535,0.0251,3.02,5,0.9517,0.8834,1.0815,0.8755,0.8883,1.1433,0.8844,1.1335,0.8941,1.1051,160342416,136432296,151842600,110628180,99773856,5036007.84,3603434.74,4243914.68,3052207.05,3407421.14,216100,5-story shear model,pending,,,,,,
Case0126,Struct0063,NORTHRIDGE,ground_motion/northbridge.txt,0.02,g,1,0.936,1.1012,0.8644,0.0535,0.0251,3.02,5,0.9517,0.8834,1.0815,0.8755,0.8883,1.1433,0.8844,1.1335,0.8941,1.1051,160342416,136432296,151842600,110628180,99773856,5036007.84,3603434.74,4243914.68,3052207.05,3407421.14,216100,5-story shear model,pending,,,,,,
Case0127,Struct0064,EI,ground_motion/ei3.txt,0.02,g,1,0.8692,1.1872,1.1817,0.0594,0.0436,3.018,5,0.874,1.0698,0.9798,0.9015,0.9555,0.9201,0.9433,1.0327,1.085,0.8653,136742544,153428576.4,127746324,105783813,99662472,4369370.88,4143577.31,4168472.9,3993147.2,2876395.65,295425,5-story shear model,pending,,,,,,
Case0128,Struct0064,NORTHRIDGE,ground_motion/northbridge.txt,0.02,g,1,0.8692,1.1872,1.1817,0.0594,0.0436,3.018,5,0.874,1.0698,0.9798,0.9015,0.9555,0.9201,0.9433,1.0327,1.085,0.8653,136742544,153428576.4,127746324,105783813,99662472,4369370.88,4143577.31,4168472.9,3993147.2,2876395.65,295425,5-story shear model,pending,,,,,,
Case0129,Struct0065,EI,ground_motion/ei3.txt,0.02,g,1,1.1046,0.76,1.1524,0.0795,0.0297,3.121,5,1.0909,0.9844,0.9254,0.9964,0.9099,0.8633,1.1285,0.9532,1.015,0.8739,216901465.2,179415759.6,153329526,148584164.4,120609064.8,2624432,3173342,2463068.8,2391340,1859659.2,288100,5-story shear model,pending,,,,,,
Case0130,Struct0065,NORTHRIDGE,ground_motion/northbridge.txt,0.02,g,1,1.1046,0.76,1.1524,0.0795,0.0297,3.121,5,1.0909,0.9844,0.9254,0.9964,0.9099,0.8633,1.1285,0.9532,1.015,0.8739,216901465.2,179415759.6,153329526,148584164.4,120609064.8,2624432,3173342,2463068.8,2391340,1859659.2,288100,5-story shear model,pending,,,,,,
Case0131,Struct0066,EI,ground_motion/ei3.txt,0.02,g,1,0.9676,1.2339,0.926,0.0759,0.0335,3.177,5,0.9883,1.07,0.8777,1.1148,1.1284,0.8772,1.0355,1.0017,0.9229,1.0262,172130234.4,170829780,127389378,145621864.8,131020780.8,4329508.32,4727502.77,4202391.94,3530175.56,3545438.9,231500,5-story shear model,pending,,,,,,
Case0132,Struct0066,NORTHRIDGE,ground_motion/northbridge.txt,0.02,g,1,0.9676,1.2339,0.926,0.0759,0.0335,3.177,5,0.9883,1.07,0.8777,1.1148,1.1284,0.8772,1.0355,1.0017,0.9229,1.0262,172130234.4,170829780,127389378,145621864.8,131020780.8,4329508.32,4727502.77,4202391.94,3530175.56,3545438.9,231500,5-story shear model,pending,,,,,,
Case0133,Struct0067,EI,ground_motion/ei3.txt,0.02,g,1,0.8127,0.8358,1.0602,0.0599,0.0341,3.415,5,0.9273,0.9029,0.9642,1.0037,1.118,0.9095,0.851,0.9525,1.0311,1.0002,135651007.8,121074827,117540801,110120443.7,109031832,3040640.4,2631683.46,2706738.3,2671559.48,2340708.05,265050,5-story shear model,pending,,,,,,
Case0134,Struct0067,NORTHRIDGE,ground_motion/northbridge.txt,0.02,g,1,0.8127,0.8358,1.0602,0.0599,0.0341,3.415,5,0.9273,0.9029,0.9642,1.0037,1.118,0.9095,0.851,0.9525,1.0311,1.0002,135651007.8,121074827,117540801,110120443.7,109031832,3040640.4,2631683.46,2706738.3,2671559.48,2340708.05,265050,5-story shear model,pending,,,,,,
Case0135,Struct0068,EI,ground_motion/ei3.txt,0.02,g,1,1.0385,1.1392,0.9542,0.059,0.0326,3.049,5,0.9616,1.0124,1.0499,0.9545,0.8763,1.1481,0.8805,1.108,0.944,0.97,179751888,173477271,163548172.5,133818513.8,109204506,5231662.08,3711342.72,4291594.24,3333754.88,3094067.2,238550,5-story shear model,pending,,,,,,
Case0136,Struct0068,NORTHRIDGE,ground_motion/northbridge.txt,0.02,g,1,1.0385,1.1392,0.9542,0.059,0.0326,3.049,5,0.9616,1.0124,1.0499,0.9545,0.8763,1.1481,0.8805,1.108,0.944,0.97,179751888,173477271,163548172.5,133818513.8,109204506,5231662.08,3711342.72,4291594.24,3333754.88,3094067.2,238550,5-story shear model,pending,,,,,,
Case0137,Struct0069,EI,ground_motion/ei3.txt,0.02,g,1,0.9761,1.1574,1.053,0.0664,0.0364,3.301,5,1.1486,1.1446,1.1029,1.0439,0.9768,1.0764,0.8972,1.1245,0.9389,0.9454,201806722.8,184345269.9,161481103.5,137558356.7,114414537.6,4983301.44,3842151.34,4425087.42,3368716.87,3063776.69,263250,5-story shear model,pending,,,,,,
Case0138,Struct0069,NORTHRIDGE,ground_motion/northbridge.txt,0.02,g,1,0.9761,1.1574,1.053,0.0664,0.0364,3.301,5,1.1486,1.1446,1.1029,1.0439,0.9768,1.0764,0.8972,1.1245,0.9389,0.9454,201806722.8,184345269.9,161481103.5,137558356.7,114414537.6,4983301.44,3842151.34,4425087.42,3368716.87,3063776.69,263250,5-story shear model,pending,,,,,,
Case0139,Struct0070,EI,ground_motion/ei3.txt,0.02,g,1,1.0811,1.0226,0.9997,0.035,0.0167,3.292,5,0.9788,1.0233,0.9391,0.8618,0.9461,1.0791,0.8694,1.1194,0.8754,1.0054,190472522.4,182537789,152289151.5,125778417.3,122739445.2,4413950.64,3289479.23,3891974.7,2775070.52,2878741.71,249925,5-story shear model,pending,,,,,,
Case0140,Struct0070,NORTHRIDGE,ground_motion/northbridge.txt,0.02,g,1,1.0811,1.0226,0.9997,0.035,0.0167,3.292,5,0.9788,1.0233,0.9391,0.8618,0.9461,1.0791,0.8694,1.1194,0.8754,1.0054,190472522.4,182537789,152289151.5,125778417.3,122739445.2,4413950.64,3289479.23,3891974.7,2775070.52,2878741.71,249925,5-story shear model,pending,,,,,,
Case0141,Struct0071,EI,ground_motion/ei3.txt,0.02,g,1,1.0023,0.8387,1.0585,0.0612,0.0443,3.384,5,0.8974,0.9742,1.117,0.9634,0.9067,1.1444,1.0755,1.0128,0.8834,0.9103,161903523.6,161112708.9,167935365,130358135.7,109054249.2,3839233.12,3337480.84,2888080.22,2296813.5,2137712.11,264625,5-story shear model,pending,,,,,,
Case0142,Struct0071,NORTHRIDGE,ground_motion/northbridge.txt,0.02,g,1,1.0023,0.8387,1.0585,0.0612,0.0443,3.384,5,0.8974,0.9742,1.117,0.9634,0.9067,1.1444,1.0755,1.0128,0.8834,0.9103,161903523.6,161112708.9,167935365,130358135.7,109054249.2,3839233.12,3337480.84,2888080.22,2296813.5,2137712.11,264625,5-story shear model,pending,,,,,,
Case0143,Struct0072,EI,ground_motion/ei3.txt,0.02,g,1,0.8614,1.197,0.992,0.0638,0.0337,3.018,5,1.0513,1.1396,0.8556,1.0311,1.0569,1.1345,0.8883,0.9896,0.9497,1.048,163006167.6,161972487.6,110552076,119905587.9,109249639.2,5431986,3934191.87,4027474.08,3524051.79,3512476.8,248000,5-story shear model,pending,,,,,,
Case0144,Struct0072,NORTHRIDGE,ground_motion/northbridge.txt,0.02,g,1,0.8614,1.197,0.992,0.0638,0.0337,3.018,5,1.0513,1.1396,0.8556,1.0311,1.0569,1.1345,0.8883,0.9896,0.9497,1.048,163006167.6,161972487.6,110552076,119905587.9,109249639.2,5431986,3934191.87,4027474.08,3524051.79,3512476.8,248000,5-story shear model,pending,,,,,,
Case0145,Struct0073,EI,ground_motion/ei3.txt,0.02,g,1,1.1296,1.0802,0.8498,0.0531,0.0282,3.029,5,0.8505,0.9952,0.9588,0.9637,1.1398,1.0942,0.9827,1.0002,1.0957,0.8999,172930464,185489356.8,162459072,146960395.2,154502169.6,4727819.36,3927596.4,3673414.54,3669082.93,2721801.54,212450,5-story shear model,pending,,,,,,
Case0146,Struct0073,NORTHRIDGE,ground_motion/northbridge.txt,0.02,g,1,1.1296,1.0802,0.8498,0.0531,0.0282,3.029,5,0.8505,0.9952,0.9588,0.9637,1.1398,1.0942,0.9827,1.0002,1.0957,0.8999,172930464,185489356.8,162459072,146960395.2,154502169.6,4727819.36,3927596.4,3673414.54,3669082.93,2721801.54,212450,5-story shear model,pending,,,,,,
Case0147,Struct0074,EI,ground_motion/ei3.txt,0.02,g,1,1.0647,1.2347,1.0675,0.0558,0.0245,3.035,5,0.9125,1.0513,0.9471,1.1247,0.9873,1.1377,1.1275,1.0665,1.1373,1.0893,174876975,184687653.2,151256605.5,161658192.2,126141397.2,5618872.76,5150859.72,4477145.67,4353095.36,3765884.39,266875,5-story shear model,pending,,,,,,
Case0148,Struct0074,NORTHRIDGE,ground_motion/northbridge.txt,0.02,g,1,1.0647,1.2347,1.0675,0.0558,0.0245,3.035,5,0.9125,1.0513,0.9471,1.1247,0.9873,1.1377,1.1275,1.0665,1.1373,1.0893,174876975,184687653.2,151256605.5,161658192.2,126141397.2,5618872.76,5150859.72,4477145.67,4353095.36,3765884.39,266875,5-story shear model,pending,,,,,,
Case0149,Struct0075,EI,ground_motion/ei3.txt,0.02,g,1,0.9651,1.1186,0.9397,0.0223,0.0318,3.211,5,0.8956,0.9621,0.9593,1.1344,1.005,1.0137,1.0208,1.1269,0.955,1.1454,155581840.8,153206247.2,138873064.5,147799274.4,116391060,4535699.28,4224907.46,4285871.16,3311615.3,3587484.43,234925,5-story shear model,pending,,,,,,
Case0150,Struct0075,NORTHRIDGE,ground_motion/northbridge.txt,0.02,g,1,0.9651,1.1186,0.9397,0.0223,0.0318,3.211,5,0.8956,0.9621,0.9593,1.1344,1.005,1.0137,1.0208,1.1269,0.955,1.1454,155581840.8,153206247.2,138873064.5,147799274.4,116391060,4535699.28,4224907.46,4285871.16,3311615.3,3587484.43,234925,5-story shear model,pending,,,,,,
Case0151,Struct0076,EI,ground_motion/ei3.txt,0.02,g,1,1.1626,0.9331,1.1304,0.0294,0.0139,3.295,5,0.9163,0.9701,0.9747,1.0733,0.9773,1.0348,1.1265,1.1294,1.1253,0.9769,191752268.4,186093312.9,169977933,168455508.3,136345077.6,3862287.52,3889207.46,3583066.68,3255054.03,2552327.09,282600,5-story shear model,pending,,,,,,
Case0152,Struct0076,NORTHRIDGE,ground_motion/northbridge.txt,0.02,g,1,1.1626,0.9331,1.1304,0.0294,0.0139,3.295,5,0.9163,0.9701,0.9747,1.0733,0.9773,1.0348,1.1265,1.1294,1.1253,0.9769,191752268.4,186093312.9,169977933,168455508.3,136345077.6,3862287.52,3889207.46,3583066.68,3255054.03,2552327.09,282600,5-story shear model,pending,,,,,,
Case0153,Struct0077,EI,ground_motion/ei3.txt,0.02,g,1,1.0244,1.2355,0.8064,0.079,0.0398,3.071,5,1.0553,0.8745,1.0882,0.9746,0.9568,0.8774,0.9054,1.0291,1.0833,1.021,194588877.6,147813237,167212812,134781332.4,117617510.4,4336110.8,4138900.29,4322940.37,4149093.16,3532047.4,201600,5-story shear model,pending,,,,,,
Case0154,Struct0077,NORTHRIDGE,ground_motion/northbridge.txt,0.02,g,1,1.0244,1.2355,0.8064,0.079,0.0398,3.071,5,1.0553,0.8745,1.0882,0.9746,0.9568,0.8774,0.9054,1.0291,1.0833,1.021,194588877.6,147813237,167212812,134781332.4,117617510.4,4336110.8,4138900.29,4322940.37,4149093.16,3532047.4,201600,5-story shear model,pending,,,,,,
Case0155,Struct0078,EI,ground_motion/ei3.txt,0.02,g,1,1.0696,0.9036,1.0081,0.0709,0.017,3.068,5,1.096,1.1339,1.0587,1.0307,0.8826,0.9283,1.0371,0.9555,1.045,1.0376,211010688,200115207.6,169857828,148828957.2,113283475.2,3355247.52,3467357.17,2935525.32,2927212.2,2625211.01,252025,5-story shear model,pending,,,,,,
Case0156,Struct0078,NORTHRIDGE,ground_motion/northbridge.txt,0.02,g,1,1.0696,0.9036,1.0081,0.0709,0.017,3.068,5,1.096,1.1339,1.0587,1.0307,0.8826,0.9283,1.0371,0.9555,1.045,1.0376,211010688,200115207.6,169857828,148828957.2,113283475.2,3355247.52,3467357.17,2935525.32,2927212.2,2625211.01,252025,5-story shear model,pending,,,,,,
Case0157,Struct0079,EI,ground_motion/ei3.txt,0.02,g,1,0.8958,1.1547,0.8382,0.0548,0.0466,3.111,5,1.1441,1.1149,0.9573,0.8941,0.9901,1.0134,0.9967,1.1162,0.9662,1.0906,184479260.4,164790024.3,128632401,108126195.3,106431789.6,4680691.92,4258291.11,4382178.88,3458580.53,3526084.3,209550,5-story shear model,pending,,,,,,
Case0158,Struct0079,NORTHRIDGE,ground_motion/northbridge.txt,0.02,g,1,0.8958,1.1547,0.8382,0.0548,0.0466,3.111,5,1.1441,1.1149,0.9573,0.8941,0.9901,1.0134,0.9967,1.1162,0.9662,1.0906,184479260.4,164790024.3,128632401,108126195.3,106431789.6,4680691.92,4258291.11,4382178.88,3458580.53,3526084.3,209550,5-story shear model,pending,,,,,,
Case0159,Struct0080,EI,ground_motion/ei3.txt,0.02,g,1,0.9906,1.1186,1.0597,0.0352,0.0304,3.597,5,0.8876,1.0857,0.9817,0.9164,0.9843,0.8861,1.0395,0.9812,1.1063,1.0071,158266180.8,177456579.3,145870803,122551088.4,117005709.6,3964765.84,4302303.39,3731739.09,3836272.26,3154317.77,264925,5-story shear model,pending,,,,,,
Case0160,Struct0080,NORTHRIDGE,ground_motion/northbridge.txt,0.02,g,1,0.9906,1.1186,1.0597,0.0352,0.0304,3.597,5,0.8876,1.0857,0.9817,0.9164,0.9843,0.8861,1.0395,0.9812,1.1063,1.0071,158266180.8,177456579.3,145870803,122551088.4,117005709.6,3964765.84,4302303.39,3731739.09,3836272.26,3154317.77,264925,5-story shear model,pending,,,,,,
Case0161,Struct0081,EI,ground_motion/ei3.txt,0.02,g,1,0.89,0.9391,0.817,0.065,0.037,3.459,5,0.9159,0.9797,1.1286,0.9145,0.9096,0.8838,0.8866,0.9271,0.8933,0.8504,146727180,143868945,150668100,109877175,97145280,3319906.32,3080642.42,2960174.67,2600583.89,2236109.79,204250,5-story shear model,pending,,,,,,
Case0162,Struct0081,NORTHRIDGE,ground_motion/northbridge.txt,0.02,g,1,0.89,0.9391,0.817,0.065,0.037,3.459,5,0.9159,0.9797,1.1286,0.9145,0.9096,0.8838,0.8866,0.9271,0.8933,0.8504,146727180,143868945,150668100,109877175,97145280,3319906.32,3080642.42,2960174.67,2600583.89,2236109.79,204250,5-story shear model,pending,,,,,,
Case0163,Struct0082,EI,ground_motion/ei3.txt,0.02,g,1,1.205,1.182,1.0401,0.0301,0.046,3.075,5,0.9508,0.8954,1.047,0.8883,0.8511,1.117,0.8789,1.0888,0.8578,1.0074,206228520,178027905,189245250,144504202.5,123069060,5281176,3843781.26,4375669.44,3143150.76,3334091.04,260025,5-story shear model,pending,,,,,,
Case0164,Struct0082,NORTHRIDGE,ground_motion/northbridge.txt,0.02,g,1,1.205,1.182,1.0401,0.0301,0.046,3.075,5,0.9508,0.8954,1.047,0.8883,0.8511,1.117,0.8789,1.0888,0.8578,1.0074,206228520,178027905,189245250,144504202.5,123069060,5281176,3843781.26,4375669.44,3143150.76,3334091.04,260025,5-story shear model,pending,,,,,,
Case0165,Struct0083,EI,ground_motion/ei3.txt,0.02,g,1,0.8645,0.7513,0.8478,0.0622,0.0126,3.312,5,1.1337,1.0323,0.8728,1.1218,0.9839,1.0962,0.9855,0.9996,0.8869,0.8882,176415057,147249852.8,113180340,130922473.5,102069786,3294300.24,2739502.75,2553398.23,2065616.71,1868453.05,211950,5-story shear model,pending,,,,,,
Case0166,Struct0083,NORTHRIDGE,ground_motion/northbridge.txt,0.02,g,1,0.8645,0.7513,0.8478,0.0622,0.0126,3.312,5,1.1337,1.0323,0.8728,1.1218,0.9839,1.0962,0.9855,0.9996,0.8869,0.8882,176415057,147249852.8,113180340,130922473.5,102069786,3294300.24,2739502.75,2553398.23,2065616.71,1868453.05,211950,5-story shear model,pending,,,,,,
Case0167,Struct0084,EI,ground_motion/ei3.txt,0.02,g,1,0.8852,0.9024,1.1986,0.0685,0.0243,3.372,5,1.1095,0.8884,0.9889,1.0865,0.8805,0.8837,1.127,1.1472,1.0269,0.9242,176783292,129757927.2,131306142,129838923,93530232,3189803.52,3762917.76,3519793.15,2872691.14,2335194.62,299650,5-story shear model,pending,,,,,,
Case0168,Struct0084,NORTHRIDGE,ground_motion/northbridge.txt,0.02,g,1,0.8852,0.9024,1.1986,0.0685,0.0243,3.372,5,1.1095,0.8884,0.9889,1.0865,0.8805,0.8837,1.127,1.1472,1.0269,0.9242,176783292,129757927.2,131306142,129838923,93530232,3189803.52,3762917.76,3519793.15,2872691.14,2335194.62,299650,5-story shear model,pending,,,,,,
Case0169,Struct0085,EI,ground_motion/ei3.txt,0.02,g,1,0.8433,0.9696,0.8982,0.06,0.0199,3.142,5,0.9016,1.0139,0.8518,1.094,0.9465,1.109,1.0429,0.975,0.8722,1.1101,136857470.4,141078608.6,107748441,124546977,95782014,4301145.6,3741424.61,3214224,2621623.87,3013788.29,224550,5-story shear model,pending,,,,,,
Case0170,Struct0085,NORTHRIDGE,ground_motion/northbridge.txt,0.02,g,1,0.8433,0.9696,0.8982,0.06,0.0199,3.142,5,0.9016,1.0139,0.8518,1.094,0.9465,1.109,1.0429,0.975,0.8722,1.1101,136857470.4,141078608.6,107748441,124546977,95782014,4301145.6,3741424.61,3214224,2621623.87,3013788.29,224550,5-story shear model,pending,,,,,,
Case0171,Struct0086,EI,ground_motion/ei3.txt,0.02,g,1,0.8526,1.1226,0.8777,0.0634,0.0202,3.522,5,1.0741,1.0137,1.0165,1.0745,0.9757,1.0266,1.1368,1.1164,0.8594,0.8635,164839978.8,142606302.3,130000185,123676024.5,99825818.4,4609844.64,4721835.22,4261120.18,2990763.56,2714222.28,219425,5-story shear model,pending,,,,,,
Case0172,Struct0086,NORTHRIDGE,ground_motion/northbridge.txt,0.02,g,1,0.8526,1.1226,0.8777,0.0634,0.0202,3.522,5,1.0741,1.0137,1.0165,1.0745,0.9757,1.0266,1.1368,1.1164,0.8594,0.8635,164839978.8,142606302.3,130000185,123676024.5,99825818.4,4609844.64,4721835.22,4261120.18,2990763.56,2714222.28,219425,5-story shear model,pending,,,,,,
Case0173,Struct0087,EI,ground_motion/ei3.txt,0.02,g,1,1.2224,1.1648,1.0402,0.0741,0.0458,3.325,5,1.0261,0.9008,1.0356,1.0176,0.9097,1.1379,1.061,0.8878,1.0035,1.0329,225774835.2,181687756.8,189887616,167928422.4,133442073.6,5301703.68,4572655.36,3515972.1,3623518.08,3368741.38,260050,5-story shear model,pending,,,,,,
Case0174,Struct0087,NORTHRIDGE,ground_motion/northbridge.txt,0.02,g,1,1.2224,1.1648,1.0402,0.0741,0.0458,3.325,5,1.0261,0.9008,1.0356,1.0176,0.9097,1.1379,1.061,0.8878,1.0035,1.0329,225774835.2,181687756.8,189887616,167928422.4,133442073.6,5301703.68,4572655.36,3515972.1,3623518.08,3368741.38,260050,5-story shear model,pending,,,,,,
Case0175,Struct0088,EI,ground_motion/ei3.txt,0.02,g,1,1.0843,1.1355,1.0719,0.0797,0.0194,3.071,5,0.8604,0.9838,1.0023,1.0151,0.975,1.0237,1.0618,0.9744,1.1347,1.0792,167927709.6,176011166.1,163019083.5,148590845.6,126863100,4649645.4,4460993.43,3761866.08,3994200.74,3431208.48,267975,5-story shear model,pending,,,,,,
Case0176,Struct0088,NORTHRIDGE,ground_motion/northbridge.txt,0.02,g,1,1.0843,1.1355,1.0719,0.0797,0.0194,3.071,5,0.8604,0.9838,1.0023,1.0151,0.975,1.0237,1.0618,0.9744,1.1347,1.0792,167927709.6,176011166.1,163019083.5,148590845.6,126863100,4649645.4,4460993.43,3761866.08,3994200.74,3431208.48,267975,5-story shear model,pending,,,,,,
Case0177,Struct0089,EI,ground_motion/ei3.txt,0.02,g,1,0.9755,1.2421,0.9805,0.0511,0.0258,3.123,5,1.0536,1.0015,0.9559,0.9575,0.896,1.0408,0.8732,1.0788,1.0095,0.854,185001624,161198936.3,139872067.5,126095568.8,104885760,5171110.72,4013026.36,4555923.43,3887089.85,2970109.52,245125,5-story shear model,pending,,,,,,
Case0178,Struct0089,NORTHRIDGE,ground_motion/northbridge.txt,0.02,g,1,0.9755,1.2421,0.9805,0.0511,0.0258,3.123,5,1.0536,1.0015,0.9559,0.9575,0.896,1.0408,0.8732,1.0788,1.0095,0.854,185001624,161198936.3,139872067.5,126095568.8,104885760,5171110.72,4013026.36,4555923.43,3887089.85,2970109.52,245125,5-story shear model,pending,,,,,,
Case0179,Struct0090,EI,ground_motion/ei3.txt,0.02,g,1,1.0002,0.8714,1.154,0.052,0.0157,3.24,5,0.9009,0.9977,1.0852,1.146,1.1277,1.0735,1.0298,0.969,1.0935,1.0282,162194432.4,164653424.1,162812556,154740942,135351064.8,3741791.6,3320260.56,2870914.44,2953915.29,2508725.74,288500,5-story shear model,pending,,,,,,
Case0180,Struct0090,NORTHRIDGE,ground_motion/northbridge.txt,0.02,g,1,1.0002,0.8714,1.154,0.052,0.0157,3.24,5,0.9009,0.9977,1.0852,1.146,1.1277,1.0735,1.0298,0.969,1.0935,1.0282,162194432.4,164653424.1,162812556,154740942,135351064.8,3741791.6,3320260.56,2870914.44,2953915.29,2508725.74,288500,5-story shear model,pending,,,,,,
Case0181,Struct0091,EI,ground_motion/ei3.txt,0.02,g,1,0.8942,0.8556,0.942,0.0633,0.0222,3.5,5,0.9447,1.0463,1.0151,0.9612,0.9192,1.1266,0.9332,1.1453,1.1064,1.0162,152055133.2,154374240.9,136155363,116033180.4,98633836.8,3855675.84,2954249.9,3331723.51,2934571.1,2434490.02,235500,5-story shear model,pending,,,,,,
Case0182,Struct0091,NORTHRIDGE,ground_motion/northbridge.txt,0.02,g,1,0.8942,0.8556,0.942,0.0633,0.0222,3.5,5,0.9447,1.0463,1.0151,0.9612,0.9192,1.1266,0.9332,1.1453,1.1064,1.0162,152055133.2,154374240.9,136155363,116033180.4,98633836.8,3855675.84,2954249.9,3331723.51,2934571.1,2434490.02,235500,5-story shear model,pending,,,,,,
Case0183,Struct0092,EI,ground_motion/ei3.txt,0.02,g,1,1.208,0.9041,0.897,0.0588,0.0425,3.595,5,0.9153,0.8856,0.9037,1.0089,0.9581,0.8797,0.8716,1.1015,0.9507,1.0422,199022832,176517792,163750440,164531412,138886176,3181347.08,2915650.17,3385944.91,2664536.4,2638308.46,224250,5-story shear model,pending,,,,,,
Case0184,Struct0092,NORTHRIDGE,ground_motion/northbridge.txt,0.02,g,1,1.208,0.9041,0.897,0.0588,0.0425,3.595,5,0.9153,0.8856,0.9037,1.0089,0.9581,0.8797,0.8716,1.1015,0.9507,1.0422,199022832,176517792,163750440,164531412,138886176,3181347.08,2915650.17,3385944.91,2664536.4,2638308.46,224250,5-story shear model,pending,,,,,,
Case0185,Struct0093,EI,ground_motion/ei3.txt,0.02,g,1,1.142,1.1427,0.8734,0.0631,0.0471,3.018,5,0.9769,0.9164,1.1497,1.0347,0.8841,1.059,1.1457,0.9762,0.8836,1.1329,200811564,172677252,196943610,159519699,121157064,4840477.2,4844008.14,3792712.72,3130038.13,3624781.52,218350,5-story shear model,pending,,,,,,
Case0186,Struct0093,NORTHRIDGE,ground_motion/northbridge.txt,0.02,g,1,1.142,1.1427,0.8734,0.0631,0.0471,3.018,5,0.9769,0.9164,1.1497,1.0347,0.8841,1.059,1.1457,0.9762,0.8836,1.1329,200811564,172677252,196943610,159519699,121157064,4840477.2,4844008.14,3792712.72,3130038.13,3624781.52,218350,5-story shear model,pending,,,,,,
Case0187,Struct0094,EI,ground_motion/ei3.txt,0.02,g,1,1.0388,1.0003,0.803,0.048,0.038,3.435,5,1.0184,1.1055,1.112,1.0845,1.1353,0.9243,1.0599,1.0503,0.9092,0.9209,190424505.6,189484911,173271840,152088111,141521956.8,3698309.16,3922806.49,3572091.31,2819365.56,2579293.56,200750,5-story shear model,pending,,,,,,
Case0188,Struct0094,NORTHRIDGE,ground_motion/northbridge.txt,0.02,g,1,1.0388,1.0003,0.803,0.048,0.038,3.435,5,1.0184,1.1055,1.112,1.0845,1.1353,0.9243,1.0599,1.0503,0.9092,0.9209,190424505.6,189484911,173271840,152088111,141521956.8,3698309.16,3922806.49,3572091.31,2819365.56,2579293.56,200750,5-story shear model,pending,,,,,,
Case0189,Struct0095,EI,ground_motion/ei3.txt,0.02,g,1,0.8464,0.7519,0.8681,0.0374,0.0479,3.145,5,1.1319,1.0396,0.9869,1.1223,1.0207,1.1443,0.9222,1.1394,1.0605,1.0094,172447228.8,145186377.6,125296824,128238487.2,103670457.6,3441596.68,2565588.07,2912830.52,2471908.85,2125110.01,217025,5-story shear model,pending,,,,,,
Case0190,Struct0095,NORTHRIDGE,ground_motion/northbridge.txt,0.02,g,1,0.8464,0.7519,0.8681,0.0374,0.0479,3.145,5,1.1319,1.0396,0.9869,1.1223,1.0207,1.1443,0.9222,1.1394,1.0605,1.0094,172447228.8,145186377.6,125296824,128238487.2,103670457.6,3441596.68,2565588.07,2912830.52,2471908.85,2125110.01,217025,5-story shear model,pending,,,,,,
Case0191,Struct0096,EI,ground_motion/ei3.txt,0.02,g,1,1.1124,0.8684,1.1144,0.0344,0.0479,3.371,5,1.1246,1.1473,1.0647,1.0774,1.0335,1.1008,0.9625,1.0738,1.1266,0.8659,225180907.2,210582325.8,177655842,161797467.6,137959848,3823738.88,3092589.5,3170458.93,3032852.26,2105453.17,278600,5-story shear model,pending,,,,,,
Case0192,Struct0096,NORTHRIDGE,ground_motion/northbridge.txt,0.02,g,1,1.1124,0.8684,1.1144,0.0344,0.0479,3.371,5,1.1246,1.1473,1.0647,1.0774,1.0335,1.1008,0.9625,1.0738,1.1266,0.8659,225180907.2,210582325.8,177655842,161797467.6,137959848,3823738.88,3092589.5,3170458.93,3032852.26,2105453.17,278600,5-story shear model,pending,,,,,,
Case0193,Struct0097,EI,ground_motion/ei3.txt,0.02,g,1,0.7586,1.1423,0.972,0.0222,0.0324,3.342,5,0.9291,0.9076,1.0771,0.9492,1.0351,1.0057,1.1319,0.9159,1.0214,1.0624,126866746.8,113603384.4,122563209,97208521.2,94227223.2,4595244.44,4783986.67,3557190.74,3616910.18,3398022.66,243000,5-story shear model,pending,,,,,,
Case0194,Struct0097,NORTHRIDGE,ground_motion/northbridge.txt,0.02,g,1,0.7586,1.1423,0.972,0.0222,0.0324,3.342,5,0.9291,0.9076,1.0771,0.9492,1.0351,1.0057,1.1319,0.9159,1.0214,1.0624,126866746.8,113603384.4,122563209,97208521.2,94227223.2,4595244.44,4783986.67,3557190.74,3616910.18,3398022.66,243000,5-story shear model,pending,,,,,,
Case0195,Struct0098,EI,ground_motion/ei3.txt,0.02,g,1,0.8399,0.765,1.0852,0.0736,0.043,3.27,5,1.0687,0.916,1.0435,0.8619,1.01,1.1211,1.0016,1.0666,0.9912,1.0016,161568203.4,126942486,131465347.5,97727824.35,101795880,3430566,2835028.8,2774226.6,2350630.8,2145427.2,271300,5-story shear model,pending,,,,,,
Case0196,Struct0098,NORTHRIDGE,ground_motion/northbridge.txt,0.02,g,1,0.8399,0.765,1.0852,0.0736,0.043,3.27,5,1.0687,0.916,1.0435,0.8619,1.01,1.1211,1.0016,1.0666,0.9912,1.0016,161568203.4,126942486,131465347.5,97727824.35,101795880,3430566,2835028.8,2774226.6,2350630.8,2145427.2,271300,5-story shear model,pending,,,,,,
Case0197,Struct0099,EI,ground_motion/ei3.txt,0.02,g,1,1.0907,1.1112,0.8484,0.0436,0.0295,3.556,5,1.0386,1.0191,0.9106,0.8531,1.0546,0.8872,0.8763,0.9398,0.966,1.0141,203904183.6,183402841.1,148978713,125614283,138030266.4,3943426.56,3602854.87,3550639.58,3327599.52,3155230.18,212100,5-story shear model,pending,,,,,,
Case0198,Struct0099,NORTHRIDGE,ground_motion/northbridge.txt,0.02,g,1,1.0907,1.1112,0.8484,0.0436,0.0295,3.556,5,1.0386,1.0191,0.9106,0.8531,1.0546,0.8872,0.8763,0.9398,0.966,1.0141,203904183.6,183402841.1,148978713,125614283,138030266.4,3943426.56,3602854.87,3550639.58,3327599.52,3155230.18,212100,5-story shear model,pending,,,,,,
Case0199,Struct0100,EI,ground_motion/ei3.txt,0.02,g,1,0.8917,1.0667,0.8587,0.0384,0.0211,3.503,5,1.0044,1.0959,1.0344,1.0064,0.9032,1.1429,1.0143,1.0858,1.1388,0.9199,161212226.4,161240315,138356172,121149928.8,96646012.8,4876525.72,4003229.1,3937957.72,3765749.68,2747520.52,214675,5-story shear model,pending,,,,,,
Case0200,Struct0100,NORTHRIDGE,ground_motion/northbridge.txt,0.02,g,1,0.8917,1.0667,0.8587,0.0384,0.0211,3.503,5,1.0044,1.0959,1.0344,1.0064,0.9032,1.1429,1.0143,1.0858,1.1388,0.9199,161212226.4,161240315,138356172,121149928.8,96646012.8,4876525.72,4003229.1,3937957.72,3765749.68,2747520.52,214675,5-story shear model,pending,,,,,,
Case0201,Struct0101,EI,ground_motion/ei3.txt,0.02,g,1,1.1895,0.88,1.0674,0.0268,0.0299,3.249,5,1.0947,0.9352,0.9951,0.8893,0.9366,1.1145,0.9637,0.9652,0.9972,1.0475,234386217,183549366,177550717.5,142806017.3,133690284,3923040,3137807.2,2887878.4,2720361.6,2581040,266850,5-story shear model,pending,,,,,,
Case0202,Struct0101,NORTHRIDGE,ground_motion/northbridge.txt,0.02,g,1,1.1895,0.88,1.0674,0.0268,0.0299,3.249,5,1.0947,0.9352,0.9951,0.8893,0.9366,1.1145,0.9637,0.9652,0.9972,1.0475,234386217,183549366,177550717.5,142806017.3,133690284,3923040,3137807.2,2887878.4,2720361.6,2581040,266850,5-story shear model,pending,,,,,,
Case0203,Struct0102,EI,ground_motion/ei3.txt,0.02,g,1,0.8964,0.9608,1.1923,0.0784,0.0178,3.569,5,0.8637,1.0797,1.1255,1.1212,1.0243,0.9042,1.0342,1.0705,0.923,1.1192,139359722.4,159694108.2,151334730,135680896.8,110181902.4,3475021.44,3676539.63,3497023.76,2749137.04,3010916.61,298075,5-story shear model,pending,,,,,,
Case0204,Struct0102,NORTHRIDGE,ground_motion/northbridge.txt,0.02,g,1,0.8964,0.9608,1.1923,0.0784,0.0178,3.569,5,0.8637,1.0797,1.1255,1.1212,1.0243,0.9042,1.0342,1.0705,0.923,1.1192,139359722.4,159694108.2,151334730,135680896.8,110181902.4,3475021.44,3676539.63,3497023.76,2749137.04,3010916.61,298075,5-story shear model,pending,,,,,,
Case0205,Struct0103,EI,ground_motion/ei3.txt,0.02,g,1,1.2268,1.2145,0.9718,0.0258,0.0495,3.234,5,0.97,1.1452,0.9641,1.1473,0.863,1.1097,0.9727,0.8995,0.9525,1.027,214199280,231813674.4,177413682,190013531.4,127047408,5390922.6,4370973.36,3714305.35,3586114.87,3492416.2,242950,5-story shear model,pending,,,,,,
Case0206,Struct0103,NORTHRIDGE,ground_motion/northbridge.txt,0.02,g,1,1.2268,1.2145,0.9718,0.0258,0.0495,3.234,5,0.97,1.1452,0.9641,1.1473,0.863,1.1097,0.9727,0.8995,0.9525,1.027,214199280,231813674.4,177413682,190013531.4,127047408,5390922.6,4370973.36,3714305.35,3586114.87,3492416.2,242950,5-story shear model,pending,,,,,,
Case0207,Struct0104,EI,ground_motion/ei3.txt,0.02,g,1,0.8945,0.8429,0.8692,0.0459,0.0366,3.317,5,1.1286,0.9136,0.9705,1.1343,0.9393,0.9903,0.8749,1.0478,1.1152,0.97,181715886,134840508,130216837.5,136975232.3,100824462,3338895.48,2728576.88,3002848.11,2914006.45,2289316.4,217300,5-story shear model,pending,,,,,,
Case0208,Struct0104,NORTHRIDGE,ground_motion/northbridge.txt,0.02,g,1,0.8945,0.8429,0.8692,0.0459,0.0366,3.317,5,1.1286,0.9136,0.9705,1.1343,0.9393,0.9903,0.8749,1.0478,1.1152,0.97,181715886,134840508,130216837.5,136975232.3,100824462,3338895.48,2728576.88,3002848.11,2914006.45,2289316.4,217300,5-story shear model,pending,,,,,,
Case0209,Struct0105,EI,ground_motion/ei3.txt,0.02,g,1,0.7532,0.9942,1.1603,0.0308,0.0467,3.438,5,1.1178,0.935,1.0165,1.1042,0.9412,0.9273,0.9417,1.0471,0.8911,0.8924,151546852.8,116199930,114844170,112277264.4,85069420.8,3687686.64,3464081.12,3539491.19,2746388.02,2484227.42,290075,5-story shear model,pending,,,,,,
Case0210,Struct0105,NORTHRIDGE,ground_motion/northbridge.txt,0.02,g,1,0.7532,0.9942,1.1603,0.0308,0.0467,3.438,5,1.1178,0.935,1.0165,1.1042,0.9412,0.9273,0.9417,1.0471,0.8911,0.8924,151546852.8,116199930,114844170,112277264.4,85069420.8,3687686.64,3464081.12,3539491.19,2746388.02,2484227.42,290075,5-story shear model,pending,,,,,,
Case0211,Struct0106,EI,ground_motion/ei3.txt,0.02,g,1,0.8335,0.8544,1.044,0.0462,0.0149,3.001,5,0.8633,0.924,0.8743,0.9675,0.9437,1.0562,0.9234,0.9174,0.9932,0.9645,129520899,127075410,109309357.5,108865518.8,94388874,3609669.12,2919125.95,2665010.3,2630629.25,2307392.64,261000,5-story shear model,pending,,,,,,
Case0212,Struct0106,NORTHRIDGE,ground_motion/northbridge.txt,0.02,g,1,0.8335,0.8544,1.044,0.0462,0.0149,3.001,5,0.8633,0.924,0.8743,0.9675,0.9437,1.0562,0.9234,0.9174,0.9932,0.9645,129520899,127075410,109309357.5,108865518.8,94388874,3609669.12,2919125.95,2665010.3,2630629.25,2307392.64,261000,5-story shear model,pending,,,,,,
Case0213,Struct0107,EI,ground_motion/ei3.txt,0.02,g,1,1.0135,1.0394,1.0694,0.0302,0.011,3.082,5,0.9488,0.8749,1.1089,1.1478,1.0614,1.1325,0.9379,0.9157,0.9239,1.0456,173089584,146307339.8,168580522.5,157044865.5,129087468,4708482,3606957.06,3236047.17,2976935.15,3043030.59,267350,5-story shear model,pending,,,,,,
Case0214,Struct0107,NORTHRIDGE,ground_motion/northbridge.txt,0.02,g,1,1.0135,1.0394,1.0694,0.0302,0.011,3.082,5,0.9488,0.8749,1.1089,1.1478,1.0614,1.1325,0.9379,0.9157,0.9239,1.0456,173089584,146307339.8,168580522.5,157044865.5,129087468,4708482,3606957.06,3236047.17,2976935.15,3043030.59,267350,5-story shear model,pending,,,,,,
Case0215,Struct0108,EI,ground_motion/ei3.txt,0.02,g,1,0.7833,0.9693,0.9899,0.0217,0.0372,3.224,5,1.1352,0.9853,0.936,1.034,0.9274,0.9849,0.938,1.0726,0.9147,0.8629,160056388.8,127344605.9,109975320,109340847,87171890.4,3818654.28,3364052.58,3534882.01,2748518,2341945.12,247475,5-story shear model,pending,,,,,,
Case0216,Struct0108,NORTHRIDGE,ground_motion/northbridge.txt,0.02,g,1,0.7833,0.9693,0.9899,0.0217,0.0372,3.224,5,1.1352,0.9853,0.936,1.034,0.9274,0.9849,0.938,1.0726,0.9147,0.8629,160056388.8,127344605.9,109975320,109340847,87171890.4,3818654.28,3364052.58,3534882.01,2748518,2341945.12,247475,5-story shear model,pending,,,,,,
Case0217,Struct0109,EI,ground_motion/ei3.txt,0.02,g,1,0.9024,0.9622,0.9391,0.046,0.0144,3.158,5,0.8849,0.9943,0.894,1.0797,0.8569,1.104,0.8619,1.0331,1.0441,0.9922,143736076.8,148047292.8,121011840,131533372.8,92791987.2,4249075.2,3068484.67,3379765.99,3114362.36,2673145.55,234775,5-story shear model,pending,,,,,,
Case0218,Struct0109,NORTHRIDGE,ground_motion/northbridge.txt,0.02,g,1,0.9024,0.9622,0.9391,0.046,0.0144,3.158,5,0.8849,0.9943,0.894,1.0797,0.8569,1.104,0.8619,1.0331,1.0441,0.9922,143736076.8,148047292.8,121011840,131533372.8,92791987.2,4249075.2,3068484.67,3379765.99,3114362.36,2673145.55,234775,5-story shear model,pending,,,,,,
Case0219,Struct0110,EI,ground_motion/ei3.txt,0.02,g,1,1.0557,0.9974,1.0075,0.0383,0.0195,3.386,5,1.0647,1.1185,1.0353,0.9903,1.0155,1.0559,0.921,0.8767,1.1404,1.1119,202320682.2,194832074.3,163944931.5,141137060.9,128647602,4212618.64,3398839.98,2973029.97,3526048.38,3105225.37,251875,5-story shear model,pending,,,,,,
Case0220,Struct0110,NORTHRIDGE,ground_motion/northbridge.txt,0.02,g,1,1.0557,0.9974,1.0075,0.0383,0.0195,3.386,5,1.0647,1.1185,1.0353,0.9903,1.0155,1.0559,0.921,0.8767,1.1404,1.1119,202320682.2,194832074.3,163944931.5,141137060.9,128647602,4212618.64,3398839.98,2973029.97,3526048.38,3105225.37,251875,5-story shear model,pending,,,,,,
Case0221,Struct0111,EI,ground_motion/ei3.txt,0.02,g,1,0.8043,1.0101,0.9245,0.0582,0.0214,3.349,5,0.9679,1.1165,1.0059,1.0995,0.9501,0.9604,0.9914,0.9019,0.9138,1.0925,140126754.6,148170156.8,121356805.5,119384259.8,91699851.6,3880400.16,3705228.62,3097431.25,2861391.08,3089895.9,231125,5-story shear model,pending,,,,,,
Case0222,Struct0111,NORTHRIDGE,ground_motion/northbridge.txt,0.02,g,1,0.8043,1.0101,0.9245,0.0582,0.0214,3.349,5,0.9679,1.1165,1.0059,1.0995,0.9501,0.9604,0.9914,0.9019,0.9138,1.0925,140126754.6,148170156.8,121356805.5,119384259.8,91699851.6,3880400.16,3705228.62,3097431.25,2861391.08,3089895.9,231125,5-story shear model,pending,,,,,,
Case0223,Struct0112,EI,ground_motion/ei3.txt,0.02,g,1,1.1165,1.1537,0.8579,0.0342,0.0483,3.248,5,1.1372,1.0248,0.9907,1.0682,1.0844,1.0443,0.9543,0.8784,1.1447,1.1293,228543084,188791218,165917482.5,161007115.5,145287912,4819235.64,4073610.87,3445594.27,4093985.21,3648045.55,214475,5-story shear model,pending,,,,,,
Case0224,Struct0112,NORTHRIDGE,ground_motion/northbridge.txt,0.02,g,1,1.1165,1.1537,0.8579,0.0342,0.0483,3.248,5,1.1372,1.0248,0.9907,1.0682,1.0844,1.0443,0.9543,0.8784,1.1447,1.1293,228543084,188791218,165917482.5,161007115.5,145287912,4819235.64,4073610.87,3445594.27,4093985.21,3648045.55,214475,5-story shear model,pending,,,,,,
Case0225,Struct0113,EI,ground_motion/ei3.txt,0.02,g,1,0.7576,1.1157,0.8508,0.0627,0.0374,3.53,5,1.0954,0.8922,1.1211,0.933,0.8736,0.9742,1.1086,0.8718,1.0459,1.0136,149377507.2,111528568.8,127401804,95423508,79420723.2,4347659.76,4576400.57,3307068.68,3617422.95,3166445.86,212700,5-story shear model,pending,,,,,,
Case0226,Struct0113,NORTHRIDGE,ground_motion/northbridge.txt,0.02,g,1,0.7576,1.1157,0.8508,0.0627,0.0374,3.53,5,1.0954,0.8922,1.1211,0.933,0.8736,0.9742,1.1086,0.8718,1.0459,1.0136,149377507.2,111528568.8,127401804,95423508,79420723.2,4347659.76,4576400.57,3307068.68,3617422.95,3166445.86,212700,5-story shear model,pending,,,,,,
Case0227,Struct0114,EI,ground_motion/ei3.txt,0.02,g,1,1.0238,1.2375,0.8633,0.0283,0.0207,3.173,5,0.8868,1.0667,1.1403,0.8951,0.8875,0.935,1.0047,0.9951,1.0433,1.0922,163423051.2,180194430.9,175115871,123714456.3,109034700,4628250,4600270.12,4186883.25,4002359.62,3784473,215825,5-story shear model,pending,,,,,,
Case0228,Struct0114,NORTHRIDGE,ground_motion/northbridge.txt,0.02,g,1,1.0238,1.2375,0.8633,0.0283,0.0207,3.173,5,0.8868,1.0667,1.1403,0.8951,0.8875,0.935,1.0047,0.9951,1.0433,1.0922,163423051.2,180194430.9,175115871,123714456.3,109034700,4628250,4600270.12,4186883.25,4002359.62,3784473,215825,5-story shear model,pending,,,,,,
Case0229,Struct0115,EI,ground_motion/ei3.txt,0.02,g,1,0.8491,0.8279,1.1135,0.0303,0.0188,3.038,5,1.0997,1.003,0.9326,0.8534,1.0078,0.9735,1.0185,0.8606,1.0712,1.1037,168075948.6,140521804.5,118780599,97823961.9,102686757.6,3223842.6,3119899.75,2422468.52,2749224.09,2558509.04,278375,5-story shear model,pending,,,,,,
Case0230,Struct0115,NORTHRIDGE,ground_motion/northbridge.txt,0.02,g,1,0.8491,0.8279,1.1135,0.0303,0.0188,3.038,5,1.0997,1.003,0.9326,0.8534,1.0078,0.9735,1.0185,0.8606,1.0712,1.1037,168075948.6,140521804.5,118780599,97823961.9,102686757.6,3223842.6,3119899.75,2422468.52,2749224.09,2558509.04,278375,5-story shear model,pending,,,,,,
Case0231,Struct0116,EI,ground_motion/ei3.txt,0.02,g,1,1.0584,0.8385,0.8732,0.0279,0.0273,3.54,5,1.0431,0.9744,0.893,0.9941,0.9687,1.0403,1.0009,0.8995,1.0863,1.0302,198723067.2,170165318.4,141772680,142040984.4,123032649.6,3489166.2,3105242.2,2564384.55,2823673.91,2418703.56,218300,5-story shear model,pending,,,,,,
Case0232,Struct0116,NORTHRIDGE,ground_motion/northbridge.txt,0.02,g,1,1.0584,0.8385,0.8732,0.0279,0.0273,3.54,5,1.0431,0.9744,0.893,0.9941,0.9687,1.0403,1.0009,0.8995,1.0863,1.0302,198723067.2,170165318.4,141772680,142040984.4,123032649.6,3489166.2,3105242.2,2564384.55,2823673.91,2418703.56,218300,5-story shear model,pending,,,,,,
Case0233,Struct0117,EI,ground_motion/ei3.txt,0.02,g,1,0.9066,0.8804,0.8558,0.03,0.0376,3.014,5,1.0048,0.8811,0.885,0.8519,1.1182,1.137,0.978,1.0749,0.936,1.1106,163971302.4,131802867.9,120351150,104264892.9,121651214.4,4004059.2,3185815.44,3217562.66,2554568.64,2737762.27,213950,5-story shear model,pending,,,,,,
Case0234,Struct0117,NORTHRIDGE,ground_motion/northbridge.txt,0.02,g,1,0.9066,0.8804,0.8558,0.03,0.0376,3.014,5,1.0048,0.8811,0.885,0.8519,1.1182,1.137,0.978,1.0749,0.936,1.1106,163971302.4,131802867.9,120351150,104264892.9,121651214.4,4004059.2,3185815.44,3217562.66,2554568.64,2737762.27,213950,5-story shear model,pending,,,,,,
Case0235,Struct0118,EI,ground_motion/ei3.txt,0.02,g,1,0.8772,0.9118,1.1548,0.0389,0.0412,3.084,5,1.0598,1.1268,0.8669,1.076,0.9238,1.1055,1.011,0.9481,0.9968,0.9234,167338180.8,163090778.4,114066702,127422072,97242883.2,4031979.6,3410770.26,2939223.77,2817534.94,2357477.14,288700,5-story shear model,pending,,,,,,
Case0236,Struct0118,NORTHRIDGE,ground_motion/northbridge.txt,0.02,g,1,0.8772,0.9118,1.1548,0.0389,0.0412,3.084,5,1.0598,1.1268,0.8669,1.076,0.9238,1.1055,1.011,0.9481,0.9968,0.9234,167338180.8,163090778.4,114066702,127422072,97242883.2,4031979.6,3410770.26,2939223.77,2817534.94,2357477.14,288700,5-story shear model,pending,,,,,,
Case0237,Struct0119,EI,ground_motion/ei3.txt,0.02,g,1,0.9247,0.8765,0.9396,0.0613,0.0201,3.574,5,1.1227,0.8731,0.9926,1.0688,0.9593,1.0832,0.9729,1.097,0.8679,0.8632,186868924.2,133213669.1,137678583,133423113.6,106447765.2,3797699.2,3155163.34,3269169.7,2358214.48,2118465.44,234900,5-story shear model,pending,,,,,,
Case0238,Struct0119,NORTHRIDGE,ground_motion/northbridge.txt,0.02,g,1,0.9247,0.8765,0.9396,0.0613,0.0201,3.574,5,1.1227,0.8731,0.9926,1.0688,0.9593,1.0832,0.9729,1.097,0.8679,0.8632,186868924.2,133213669.1,137678583,133423113.6,106447765.2,3797699.2,3155163.34,3269169.7,2358214.48,2118465.44,234900,5-story shear model,pending,,,,,,
Case0239,Struct0120,EI,ground_motion/ei3.txt,0.02,g,1,1.2175,1.0446,0.9599,0.0605,0.0406,3.45,5,0.9829,0.8523,1.1268,1.0175,1.0599,0.9455,1.1392,0.8988,0.9924,1.1174,215402535,171216416.3,205781850,167238843.8,154851390,3950677.2,4403030.78,3192214.03,3213649.22,3268260.91,239975,5-story shear model,pending,,,,,,
Case0240,Struct0120,NORTHRIDGE,ground_motion/northbridge.txt,0.02,g,1,1.2175,1.0446,0.9599,0.0605,0.0406,3.45,5,0.9829,0.8523,1.1268,1.0175,1.0599,0.9455,1.1392,0.8988,0.9924,1.1174,215402535,171216416.3,205781850,167238843.8,154851390,3950677.2,4403030.78,3192214.03,3213649.22,3268260.91,239975,5-story shear model,pending,,,,,,
Case0241,Struct0121,EI,ground_motion/ei3.txt,0.02,g,1,0.8862,1.1321,0.8453,0.0418,0.0482,3.06,5,0.9611,0.9147,1.0983,0.9328,1.0111,1.1274,0.9282,1.0345,1.0422,0.9505,153310827.6,133750178.1,145997019,111597393.6,107524418.4,5105318.16,3888016.31,3981935.33,3657611.32,3012970.94,211325,5-story shear model,pending,,,,,,
Case0242,Struct0121,NORTHRIDGE,ground_motion/northbridge.txt,0.02,g,1,0.8862,1.1321,0.8453,0.0418,0.0482,3.06,5,0.9611,0.9147,1.0983,0.9328,1.0111,1.1274,0.9282,1.0345,1.0422,0.9505,153310827.6,133750178.1,145997019,111597393.6,107524418.4,5105318.16,3888016.31,3981935.33,3657611.32,3012970.94,211325,5-story shear model,pending,,,,,,
Case0243,Struct0122,EI,ground_motion/ei3.txt,0.02,g,1,0.7599,0.884,1.1901,0.0591,0.0118,3.009,5,1.1082,0.9625,0.9805,0.908,1.0808,1.0626,0.8793,0.8844,1.0449,0.8983,151581812.4,120681618.8,111762292.5,93148542,98555990.4,3757353.6,2876014.44,2658152.64,2863443.96,2223472.16,297525,5-story shear model,pending,,,,,,
Case0244,Struct0122,NORTHRIDGE,ground_motion/northbridge.txt,0.02,g,1,0.7599,0.884,1.1901,0.0591,0.0118,3.009,5,1.1082,0.9625,0.9805,0.908,1.0808,1.0626,0.8793,0.8844,1.0449,0.8983,151581812.4,120681618.8,111762292.5,93148542,98555990.4,3757353.6,2876014.44,2658152.64,2863443.96,2223472.16,297525,5-story shear model,pending,,,,,,
Case0245,Struct0123,EI,ground_motion/ei3.txt,0.02,g,1,1.1082,0.8223,0.899,0.0203,0.0131,3.485,5,1.0608,1.0379,1.1256,0.8542,1.0228,0.9874,0.8512,0.8847,1.0821,1.0031,211604140.8,189783128.7,187108488,127794299.4,136016035.2,3247756.08,2589784.51,2473461.95,2758413.57,2309577.56,224750,5-story shear model,pending,,,,,,
Case0246,Struct0123,NORTHRIDGE,ground_motion/northbridge.txt,0.02,g,1,1.1082,0.8223,0.899,0.0203,0.0131,3.485,5,1.0608,1.0379,1.1256,0.8542,1.0228,0.9874,0.8512,0.8847,1.0821,1.0031,211604140.8,189783128.7,187108488,127794299.4,136016035.2,3247756.08,2589784.51,2473461.95,2758413.57,2309577.56,224750,5-story shear model,pending,,,,,,
Case0247,Struct0124,EI,ground_motion/ei3.txt,0.02,g,1,1.0927,0.9558,1.0977,0.0381,0.0154,3.538,5,1.142,1.0817,0.9834,0.94,0.9517,0.926,0.9942,0.9838,0.899,0.9616,224615412,195025642.4,161184177,138663630,124790710.8,3540283.2,3515948.53,3197074.54,2663719.02,2573472.38,274425,5-story shear model,pending,,,,,,
Case0248,Struct0124,NORTHRIDGE,ground_motion/northbridge.txt,0.02,g,1,1.0927,0.9558,1.0977,0.0381,0.0154,3.538,5,1.142,1.0817,0.9834,0.94,0.9517,0.926,0.9942,0.9838,0.899,0.9616,224615412,195025642.4,161184177,138663630,124790710.8,3540283.2,3515948.53,3197074.54,2663719.02,2573472.38,274425,5-story shear model,pending,,,,,,
Case0249,Struct0125,EI,ground_motion/ei3.txt,0.02,g,1,0.9353,0.9095,0.9931,0.0254,0.0323,3.093,5,1.0744,0.9551,1.0976,1.1041,1.0204,0.861,0.9062,0.8988,1.1217,1.0169,180879537.6,147395330,153987792,139409738.6,114525614.4,3132318,3049498.93,2779359.24,3162577.06,2589637.54,248275,5-story shear model,pending,,,,,,
Case0250,Struct0125,NORTHRIDGE,ground_motion/northbridge.txt,0.02,g,1,0.9353,0.9095,0.9931,0.0254,0.0323,3.093,5,1.0744,0.9551,1.0976,1.1041,1.0204,0.861,0.9062,0.8988,1.1217,1.0169,180879537.6,147395330,153987792,139409738.6,114525614.4,3132318,3049498.93,2779359.24,3162577.06,2589637.54,248275,5-story shear model,pending,,,,,,
Case0251,Struct0126,EI,ground_motion/ei3.txt,0.02,g,1,0.8396,0.7653,0.8875,0.0231,0.0326,3.466,5,0.968,1.1134,0.8937,0.9533,0.9532,1.1113,0.8715,1.0359,0.9107,1.015,146291904,154243755.6,112552578,108052741.8,96036806.4,3401911.56,2467748.12,2695432.52,2160572,2174982.6,221875,5-story shear model,pending,,,,,,
Case0252,Struct0126,NORTHRIDGE,ground_motion/northbridge.txt,0.02,g,1,0.8396,0.7653,0.8875,0.0231,0.0326,3.466,5,0.968,1.1134,0.8937,0.9533,0.9532,1.1113,0.8715,1.0359,0.9107,1.015,146291904,154243755.6,112552578,108052741.8,96036806.4,3401911.56,2467748.12,2695432.52,2160572,2174982.6,221875,5-story shear model,pending,,,,,,
Case0253,Struct0127,EI,ground_motion/ei3.txt,0.02,g,1,0.8934,0.9723,1.1035,0.0536,0.0434,3.516,5,1.0261,0.9874,0.8759,1.0993,0.9367,1.0152,1.0836,0.9518,1.0461,0.9224,165009193.2,145553621.4,117379359,132585473.7,100421733.6,3948315.84,3898261.84,3146479.48,3153081.39,2511178.66,275875,5-story shear model,pending,,,,,,
Case0254,Struct0127,NORTHRIDGE,ground_motion/northbridge.txt,0.02,g,1,0.8934,0.9723,1.1035,0.0536,0.0434,3.516,5,1.0261,0.9874,0.8759,1.0993,0.9367,1.0152,1.0836,0.9518,1.0461,0.9224,165009193.2,145553621.4,117379359,132585473.7,100421733.6,3948315.84,3898261.84,3146479.48,3153081.39,2511178.66,275875,5-story shear model,pending,,,,,,
Case0255,Struct0128,EI,ground_motion/ei3.txt,0.02,g,1,0.947,0.7693,0.8325,0.0452,0.0417,3.289,5,1.0815,1.013,1.0458,1.0292,0.8514,0.8701,0.9604,0.979,1.1451,1.0005,184352490,158286315,148555890,131578074,96753096,2677471.72,2733692.16,2560691.98,2730868.83,2155117.02,208125,5-story shear model,pending,,,,,,
Case0256,Struct0128,NORTHRIDGE,ground_motion/northbridge.txt,0.02,g,1,0.947,0.7693,0.8325,0.0452,0.0417,3.289,5,1.0815,1.013,1.0458,1.0292,0.8514,0.8701,0.9604,0.979,1.1451,1.0005,184352490,158286315,148555890,131578074,96753096,2677471.72,2733692.16,2560691.98,2730868.83,2155117.02,208125,5-story shear model,pending,,,,,,
Case0257,Struct0129,EI,ground_motion/ei3.txt,0.02,g,1,1.153,0.9368,0.8411,0.0617,0.0203,3.557,5,0.9246,0.8874,0.8927,1.0466,1.1391,1.0194,1.0371,1.1487,0.9539,0.8868,191891484,168823413,154392465,162908523,157605876,3819895.68,3594754.54,3658747.34,2770201.91,2326111.87,210275,5-story shear model,pending,,,,,,
Case0258,Struct0129,NORTHRIDGE,ground_motion/northbridge.txt,0.02,g,1,1.153,0.9368,0.8411,0.0617,0.0203,3.557,5,0.9246,0.8874,0.8927,1.0466,1.1391,1.0194,1.0371,1.1487,0.9539,0.8868,191891484,168823413,154392465,162908523,157605876,3819895.68,3594754.54,3658747.34,2770201.91,2326111.87,210275,5-story shear model,pending,,,,,,
Case0259,Struct0130,EI,ground_motion/ei3.txt,0.02,g,1,0.9946,1.0983,1.0763,0.0457,0.0207,3.408,5,1.0361,1.0168,1.0649,1.1279,1.0649,0.9271,1.0125,1.0797,1.0901,1.0953,185490910.8,166866031.2,158872431,151444260.9,127097944.8,4072935.72,4114506.38,4031837.33,3711496.17,3368310.37,269075,5-story shear model,pending,,,,,,
Case0260,Struct0130,NORTHRIDGE,ground_motion/northbridge.txt,0.02,g,1,0.9946,1.0983,1.0763,0.0457,0.0207,3.408,5,1.0361,1.0168,1.0649,1.1279,1.0649,0.9271,1.0125,1.0797,1.0901,1.0953,185490910.8,166866031.2,158872431,151444260.9,127097944.8,4072935.72,4114506.38,4031837.33,3711496.17,3368310.37,269075,5-story shear model,pending,,,,,,
Case0261,Struct0131,EI,ground_motion/ei3.txt,0.02,g,1,1.1098,1.2096,0.9257,0.0326,0.0143,3.515,5,1.0564,0.8958,0.9084,0.9173,1.0294,0.9954,0.9069,1.0537,1.0069,0.9138,211030689.6,164036208.6,151221348,137432637.9,137091374.4,4816143.36,4058849.09,4333488.77,3775633.34,3094930.94,231425,5-story shear model,pending,,,,,,
Case0262,Struct0131,NORTHRIDGE,ground_motion/northbridge.txt,0.02,g,1,1.1098,1.2096,0.9257,0.0326,0.0143,3.515,5,1.0564,0.8958,0.9084,0.9173,1.0294,0.9954,0.9069,1.0537,1.0069,0.9138,211030689.6,164036208.6,151221348,137432637.9,137091374.4,4816143.36,4058849.09,4333488.77,3775633.34,3094930.94,231425,5-story shear model,pending,,,,,,
Case0263,Struct0132,EI,ground_motion/ei3.txt,0.02,g,1,1.0404,0.9827,0.8881,0.0249,0.049,3.099,5,0.9599,1.0208,0.9548,0.9203,0.905,0.9861,0.952,1.1468,1.03,1.0369,179762392.8,175236652.8,149006088,129259816.2,112987440,3876161.88,3461462.48,3831665.22,3137761.1,2853092.56,222025,5-story shear model,pending,,,,,,
Case0264,Struct0132,NORTHRIDGE,ground_motion/northbridge.txt,0.02,g,1,1.0404,0.9827,0.8881,0.0249,0.049,3.099,5,0.9599,1.0208,0.9548,0.9203,0.905,0.9861,0.952,1.1468,1.03,1.0369,179762392.8,175236652.8,149006088,129259816.2,112987440,3876161.88,3461462.48,3831665.22,3137761.1,2853092.56,222025,5-story shear model,pending,,,,,,
Case0265,Struct0133,EI,ground_motion/ei3.txt,0.02,g,1,1.1872,0.7892,1.0557,0.04,0.0134,3.449,5,1.0969,0.9244,0.9733,0.9385,1.0056,0.8778,0.9367,1.0508,0.9018,1.073,234403142.4,181078867.2,173325264,150415272,143261798.4,2771039.04,2735201.47,2819590.62,2206271.74,2371072.48,263925,5-story shear model,pending,,,,,,
Case0266,Struct0133,NORTHRIDGE,ground_motion/northbridge.txt,0.02,g,1,1.1872,0.7892,1.0557,0.04,0.0134,3.449,5,1.0969,0.9244,0.9733,0.9385,1.0056,0.8778,0.9367,1.0508,0.9018,1.073,234403142.4,181078867.2,173325264,150415272,143261798.4,2771039.04,2735201.47,2819590.62,2206271.74,2371072.48,263925,5-story shear model,pending,,,,,,
Case0267,Struct0134,EI,ground_motion/ei3.txt,0.02,g,1,0.7652,0.7823,1.1867,0.0562,0.0147,3.111,5,1.058,1.1479,1.1444,1.0617,1.0041,1.1245,1.0597,0.9211,1.012,1.0697,145724688,144931558.2,131354232,109675733.4,92200478.4,3518785.4,3067312.25,2449960.2,2454231.56,2343113.67,296675,5-story shear model,pending,,,,,,
Case0268,Struct0134,NORTHRIDGE,ground_motion/northbridge.txt,0.02,g,1,0.7652,0.7823,1.1867,0.0562,0.0147,3.111,5,1.058,1.1479,1.1444,1.0617,1.0041,1.1245,1.0597,0.9211,1.012,1.0697,145724688,144931558.2,131354232,109675733.4,92200478.4,3518785.4,3067312.25,2449960.2,2454231.56,2343113.67,296675,5-story shear model,pending,,,,,,
Case0269,Struct0135,EI,ground_motion/ei3.txt,0.02,g,1,0.9692,1.0551,1.082,0.0705,0.0284,3.574,5,1.1251,0.9524,0.9356,0.9285,1.1336,1.072,0.9377,1.1447,1.0236,1.038,196280445.6,152305903.2,136017528,121486797,131842214.4,4524268.8,3660658.9,4106428.1,3348001.12,3066542.64,270500,5-story shear model,pending,,,,,,
Case0270,Struct0135,NORTHRIDGE,ground_motion/northbridge.txt,0.02,g,1,0.9692,1.0551,1.082,0.0705,0.0284,3.574,5,1.1251,0.9524,0.9356,0.9285,1.1336,1.072,0.9377,1.1447,1.0236,1.038,196280445.6,152305903.2,136017528,121486797,131842214.4,4524268.8,3660658.9,4106428.1,3348001.12,3066542.64,270500,5-story shear model,pending,,,,,,
Case0271,Struct0136,EI,ground_motion/ei3.txt,0.02,g,1,0.8061,0.7965,1.1603,0.0346,0.0202,3.093,5,1.1258,0.8796,1.1093,1.0611,0.9938,1.1477,0.9358,0.8574,1.0178,1.0513,163351328.4,116992517.4,134131009.5,115472615.9,96132261.6,3656572.2,2757849.39,2321924.94,2513100.87,2344609.26,290075,5-story shear model,pending,,,,,,
Case0272,Struct0136,NORTHRIDGE,ground_motion/northbridge.txt,0.02,g,1,0.8061,0.7965,1.1603,0.0346,0.0202,3.093,5,1.1258,0.8796,1.1093,1.0611,0.9938,1.1477,0.9358,0.8574,1.0178,1.0513,163351328.4,116992517.4,134131009.5,115472615.9,96132261.6,3656572.2,2757849.39,2321924.94,2513100.87,2344609.26,290075,5-story shear model,pending,,,,,,
Case0273,Struct0137,EI,ground_motion/ei3.txt,0.02,g,1,1.2133,1.2374,1.0461,0.0361,0.0136,3.324,5,0.9904,1.1435,0.8927,0.9456,0.9175,1.1195,0.9377,0.9799,1.1027,0.9048,216297417.6,228922410.8,162466936.5,154885024.8,133584330,5541077.2,4293146.93,4122596.08,4229891.04,3134878.66,261525,5-story shear model,pending,,,,,,
Case0274,Struct0137,NORTHRIDGE,ground_motion/northbridge.txt,0.02,g,1,1.2133,1.2374,1.0461,0.0361,0.0136,3.324,5,0.9904,1.1435,0.8927,0.9456,0.9175,1.1195,0.9377,0.9799,1.1027,0.9048,216297417.6,228922410.8,162466936.5,154885024.8,133584330,5541077.2,4293146.93,4122596.08,4229891.04,3134878.66,261525,5-story shear model,pending,,,,,,
Case0275,Struct0138,EI,ground_motion/ei3.txt,0.02,g,1,1.0449,1.2083,1.106,0.0479,0.0107,3.379,5,1.1052,1.0556,1.0359,1.0333,1.0297,0.8876,0.8731,1.007,1.0542,0.9373,207868226.4,181994412.6,162361786.5,145758848,129112023.6,4289948.32,3903376.9,4136977.54,3948748.57,3171110.85,276500,5-story shear model,pending,,,,,,
Case0276,Struct0138,NORTHRIDGE,ground_motion/northbridge.txt,0.02,g,1,1.0449,1.2083,1.106,0.0479,0.0107,3.379,5,1.1052,1.0556,1.0359,1.0333,1.0297,0.8876,0.8731,1.007,1.0542,0.9373,207868226.4,181994412.6,162361786.5,145758848,129112023.6,4289948.32,3903376.9,4136977.54,3948748.57,3171110.85,276500,5-story shear model,pending,,,,,,
Case0277,Struct0139,EI,ground_motion/ei3.txt,0.02,g,1,0.8719,0.7907,0.891,0.0468,0.041,3.277,5,1.1264,0.8711,0.9355,0.9432,0.9733,1.005,1.0877,0.959,1.0002,1.0359,176779468.8,125319494.9,122349367.5,111020770.8,101834432.4,3178614,3182164.24,2578156.42,2451660.23,2293441.16,222750,5-story shear model,pending,,,,,,
Case0278,Struct0139,NORTHRIDGE,ground_motion/northbridge.txt,0.02,g,1,0.8719,0.7907,0.891,0.0468,0.041,3.277,5,1.1264,0.8711,0.9355,0.9432,0.9733,1.005,1.0877,0.959,1.0002,1.0359,176779468.8,125319494.9,122349367.5,111020770.8,101834432.4,3178614,3182164.24,2578156.42,2451660.23,2293441.16,222750,5-story shear model,pending,,,,,,
Case0279,Struct0140,EI,ground_motion/ei3.txt,0.02,g,1,1.1132,0.8504,1.0106,0.0562,0.0263,3.363,5,0.863,0.8505,1.1269,1.0034,0.9259,0.961,1.1303,0.9893,1.1265,0.9816,172924488,156218139,188169762,150792958.8,123685425.6,3268937.6,3556466.34,2860422.45,2969724.36,2337307.39,252650,5-story shear model,pending,,,,,,
Case0280,Struct0140,NORTHRIDGE,ground_motion/northbridge.txt,0.02,g,1,1.1132,0.8504,1.0106,0.0562,0.0263,3.363,5,0.863,0.8505,1.1269,1.0034,0.9259,0.961,1.1303,0.9893,1.1265,0.9816,172924488,156218139,188169762,150792958.8,123685425.6,3268937.6,3556466.34,2860422.45,2969724.36,2337307.39,252650,5-story shear model,pending,,,,,,
Case0281,Struct0141,EI,ground_motion/ei3.txt,0.02,g,1,0.9781,1.0028,0.9217,0.0585,0.0458,3.022,5,0.9646,1.0675,0.9001,0.9066,0.877,1.1051,0.911,1.1025,1.1461,1.1133,169825546.8,172280088.8,132058171.5,119710637.1,102935244,4432777.12,3380137.96,3758995.8,3562858.15,3125968.27,230425,5-story shear model,pending,,,,,,
Case0282,Struct0141,NORTHRIDGE,ground_motion/northbridge.txt,0.02,g,1,0.9781,1.0028,0.9217,0.0585,0.0458,3.022,5,0.9646,1.0675,0.9001,0.9066,0.877,1.1051,0.911,1.1025,1.1461,1.1133,169825546.8,172280088.8,132058171.5,119710637.1,102935244,4432777.12,3380137.96,3758995.8,3562858.15,3125968.27,230425,5-story shear model,pending,,,,,,
Case0283,Struct0142,EI,ground_motion/ei3.txt,0.02,g,1,1.0607,0.8123,0.8162,0.0323,0.0466,3.549,5,1.0826,1.0632,1.0721,0.9152,0.9035,1.1307,1.0316,1.1133,0.9231,0.9815,206696487.6,186076479.6,170576470.5,131051606.4,115001094,3673870.44,3100484.12,3074734.21,2324485.8,2232362.86,204050,5-story shear model,pending,,,,,,
Case0284,Struct0142,NORTHRIDGE,ground_motion/northbridge.txt,0.02,g,1,1.0607,0.8123,0.8162,0.0323,0.0466,3.549,5,1.0826,1.0632,1.0721,0.9152,0.9035,1.1307,1.0316,1.1133,0.9231,0.9815,206696487.6,186076479.6,170576470.5,131051606.4,115001094,3673870.44,3100484.12,3074734.21,2324485.8,2232362.86,204050,5-story shear model,pending,,,,,,
Case0285,Struct0143,EI,ground_motion/ei3.txt,0.02,g,1,0.9902,1.0103,1.0442,0.0378,0.036,3.327,5,0.8689,1.0812,1.0019,1.134,1.1299,1.1415,0.9066,0.9741,1.0931,0.879,154869260.4,176649699.6,148812207,151589718,134259237.6,4613029.8,3388970.53,3346052.98,3423512.68,2486550.36,261050,5-story shear model,pending,,,,,,
Case0286,Struct0143,NORTHRIDGE,ground_motion/northbridge.txt,0.02,g,1,0.9902,1.0103,1.0442,0.0378,0.036,3.327,5,0.8689,1.0812,1.0019,1.134,1.1299,1.1415,0.9066,0.9741,1.0931,0.879,154869260.4,176649699.6,148812207,151589718,134259237.6,4613029.8,3388970.53,3346052.98,3423512.68,2486550.36,261050,5-story shear model,pending,,,,,,
Case0287,Struct0144,EI,ground_motion/ei3.txt,0.02,g,1,1.1585,1.0253,0.8451,0.0431,0.0185,3.025,5,1.0072,1.072,0.8838,1.0038,0.9477,0.9546,1.0545,0.8597,1.0144,1.1242,210031416,204915480,153582345,156991810.5,131749254,3915005.52,4000361.75,2996931.39,3224199.39,3227398.33,211275,5-story shear model,pending,,,,,,
Case0288,Struct0144,NORTHRIDGE,ground_motion/northbridge.txt,0.02,g,1,1.1585,1.0253,0.8451,0.0431,0.0185,3.025,5,1.0072,1.072,0.8838,1.0038,0.9477,0.9546,1.0545,0.8597,1.0144,1.1242,210031416,204915480,153582345,156991810.5,131749254,3915005.52,4000361.75,2996931.39,3224199.39,3227398.33,211275,5-story shear model,pending,,,,,,
Case0289,Struct0145,EI,ground_motion/ei3.txt,0.02,g,1,1.0652,0.9219,0.8384,0.0654,0.0349,3.296,5,0.9156,0.9791,0.9737,1.1361,0.8738,0.8739,1.0321,1.0828,1.1318,0.9038,175553481.6,172084657.8,155577786,163373452.2,111692611.2,3222593.64,3520524.06,3393993.29,3234559.9,2332997.02,209600,5-story shear model,pending,,,,,,
Case0290,Struct0145,NORTHRIDGE,ground_motion/northbridge.txt,0.02,g,1,1.0652,0.9219,0.8384,0.0654,0.0349,3.296,5,0.9156,0.9791,0.9737,1.1361,0.8738,0.8739,1.0321,1.0828,1.1318,0.9038,175553481.6,172084657.8,155577786,163373452.2,111692611.2,3222593.64,3520524.06,3393993.29,3234559.9,2332997.02,209600,5-story shear model,pending,,,,,,
Case0291,Struct0146,EI,ground_motion/ei3.txt,0.02,g,1,1.0432,1.2187,0.831,0.0747,0.0317,3.067,5,1.0069,0.967,0.922,0.9237,0.9569,1.0552,0.8687,0.9355,1.0785,1.0457,189071654.4,166447776,144274560,130086518.4,119788569.6,5143888.96,3917133.35,3876319.09,4074540.64,3568304.85,207750,5-story shear model,pending,,,,,,
Case0292,Struct0146,NORTHRIDGE,ground_motion/northbridge.txt,0.02,g,1,1.0432,1.2187,0.831,0.0747,0.0317,3.067,5,1.0069,0.967,0.922,0.9237,0.9569,1.0552,0.8687,0.9355,1.0785,1.0457,189071654.4,166447776,144274560,130086518.4,119788569.6,5143888.96,3917133.35,3876319.09,4074540.64,3568304.85,207750,5-story shear model,pending,,,,,,
Case0293,Struct0147,EI,ground_motion/ei3.txt,0.02,g,1,0.9728,0.8663,1.0751,0.0625,0.0494,3.551,5,1.066,1.102,1.0229,0.9015,0.8985,0.8845,0.9374,0.946,0.9073,0.9043,186660864,176884224,149261568,118392192,104887296,3064969.4,3004657.59,2786367.32,2436581.37,2193506.25,268775,5-story shear model,pending,,,,,,
Case0294,Struct0147,NORTHRIDGE,ground_motion/northbridge.txt,0.02,g,1,0.9728,0.8663,1.0751,0.0625,0.0494,3.551,5,1.066,1.102,1.0229,0.9015,0.8985,0.8845,0.9374,0.946,0.9073,0.9043,186660864,176884224,149261568,118392192,104887296,3064969.4,3004657.59,2786367.32,2436581.37,2193506.25,268775,5-story shear model,pending,,,,,,
Case0295,Struct0148,EI,ground_motion/ei3.txt,0.02,g,1,1.1529,0.9665,0.9265,0.0384,0.0134,3.594,5,0.8606,1.0401,1.1265,0.889,0.8918,0.9303,1.0813,1.0994,1.049,1.1052,178593433.2,197856662.9,194811277.5,138365293.5,123378746.4,3596539.8,3866782.86,3612738.34,3142961.35,2990892.24,231625,5-story shear model,pending,,,,,,
Case0296,Struct0148,NORTHRIDGE,ground_motion/northbridge.txt,0.02,g,1,1.1529,0.9665,0.9265,0.0384,0.0134,3.594,5,0.8606,1.0401,1.1265,0.889,0.8918,0.9303,1.0813,1.0994,1.049,1.1052,178593433.2,197856662.9,194811277.5,138365293.5,123378746.4,3596539.8,3866782.86,3612738.34,3142961.35,2990892.24,231625,5-story shear model,pending,,,,,,
Case0297,Struct0149,EI,ground_motion/ei3.txt,0.02,g,1,0.8159,0.8501,0.9359,0.0727,0.0321,3.521,5,0.8994,0.9005,1.073,1.0953,1.0842,0.8939,0.9306,1.0852,0.9235,0.8751,132087682.8,121228461.8,131319105,120643461.5,106151853.6,3039617.56,2927081.32,3136596.97,2433708.79,2082983.03,233975,5-story shear model,pending,,,,,,
Case0298,Struct0149,NORTHRIDGE,ground_motion/northbridge.txt,0.02,g,1,0.8159,0.8501,0.9359,0.0727,0.0321,3.521,5,0.8994,0.9005,1.073,1.0953,1.0842,0.8939,0.9306,1.0852,0.9235,0.8751,132087682.8,121228461.8,131319105,120643461.5,106151853.6,3039617.56,2927081.32,3136596.97,2433708.79,2082983.03,233975,5-story shear model,pending,,,,,,
Case0299,Struct0150,EI,ground_motion/ei3.txt,0.02,g,1,0.8622,0.8344,0.8454,0.028,0.0102,3.152,5,1.0371,0.9042,0.9279,0.8717,0.964,1.0778,1.117,1.0751,1.0969,0.907,160953771.6,128634204.6,120005307,101463264.9,99739296,3597265.28,3448491.76,3050015.7,2837285.42,2119042.24,211350,5-story shear model,pending,,,,,,
Case0300,Struct0150,NORTHRIDGE,ground_motion/northbridge.txt,0.02,g,1,0.8622,0.8344,0.8454,0.028,0.0102,3.152,5,1.0371,0.9042,0.9279,0.8717,0.964,1.0778,1.117,1.0751,1.0969,0.907,160953771.6,128634204.6,120005307,101463264.9,99739296,3597265.28,3448491.76,3050015.7,2837285.42,2119042.24,211350,5-story shear model,pending,,,,,,
Case0301,Struct0151,EI,ground_motion/ei3.txt,0.02,g,1,1.2155,0.7843,1.0439,0.0633,0.0433,3.322,5,1.1165,0.9588,0.9102,1.0316,0.8526,1.139,1.0756,1.1161,0.9227,1.0108,244279035,192294531,165952215,169277823,124360236,3573270.8,3121294.4,2976214.58,2243388.19,2219757.23,260975,5-story shear model,pending,,,,,,
Case0302,Struct0151,NORTHRIDGE,ground_motion/northbridge.txt,0.02,g,1,1.2155,0.7843,1.0439,0.0633,0.0433,3.322,5,1.1165,0.9588,0.9102,1.0316,0.8526,1.139,1.0756,1.1161,0.9227,1.0108,244279035,192294531,165952215,169277823,124360236,3573270.8,3121294.4,2976214.58,2243388.19,2219757.23,260975,5-story shear model,pending,,,,,,
Case0303,Struct0152,EI,ground_motion/ei3.txt,0.02,g,1,0.7725,0.8091,1.1496,0.0581,0.0193,3.469,5,0.9943,1.1465,0.903,1.0798,1.149,0.8595,1.0556,1.0741,0.883,1.0881,138257415,146135756.3,104635125,112609642.5,106512300,2781685.8,3160118.05,2954784.65,2214749.43,2465068.79,287400,5-story shear model,pending,,,,,,
Case0304,Struct0152,NORTHRIDGE,ground_motion/northbridge.txt,0.02,g,1,0.7725,0.8091,1.1496,0.0581,0.0193,3.469,5,0.9943,1.1465,0.903,1.0798,1.149,0.8595,1.0556,1.0741,0.883,1.0881,138257415,146135756.3,104635125,112609642.5,106512300,2781685.8,3160118.05,2954784.65,2214749.43,2465068.79,287400,5-story shear model,pending,,,,,,
Case0305,Struct0153,EI,ground_motion/ei3.txt,0.02,g,1,1.175,0.9606,0.9727,0.021,0.0279,3.56,5,0.9225,1.0536,1.0879,0.9017,1.0021,0.8722,0.966,0.9939,1.0685,1.1374,195108750,204266700,191742375,143032162.5,141296100,3351341.28,3433376.52,3246117.16,3181843.41,3059242.03,243175,5-story shear model,pending,,,,,,
Case0306,Struct0153,NORTHRIDGE,ground_motion/northbridge.txt,0.02,g,1,1.175,0.9606,0.9727,0.021,0.0279,3.56,5,0.9225,1.0536,1.0879,0.9017,1.0021,0.8722,0.966,0.9939,1.0685,1.1374,195108750,204266700,191742375,143032162.5,141296100,3351341.28,3433376.52,3246117.16,3181843.41,3059242.03,243175,5-story shear model,pending,,,,,,
Case0307,Struct0154,EI,ground_motion/ei3.txt,0.02,g,1,1.1164,0.8625,0.9193,0.0261,0.0162,3.452,5,0.88,0.9351,1.0638,0.8937,1.0178,0.9325,1.0711,1.0303,0.9326,1.1414,176837760,172251030.6,178143948,134693101.8,136352630.4,3217125,3418147.88,3021354.75,2493539.25,2756481,229825,5-story shear model,pending,,,,,,
Case0308,Struct0154,NORTHRIDGE,ground_motion/northbridge.txt,0.02,g,1,1.1164,0.8625,0.9193,0.0261,0.0162,3.452,5,0.88,0.9351,1.0638,0.8937,1.0178,0.9325,1.0711,1.0303,0.9326,1.1414,176837760,172251030.6,178143948,134693101.8,136352630.4,3217125,3418147.88,3021354.75,2493539.25,2756481,229825,5-story shear model,pending,,,,,,
Case0309,Struct0155,EI,ground_motion/ei3.txt,0.02,g,1,1.2014,0.9454,1.1751,0.0233,0.0439,3.539,5,1.0647,0.9907,1.0534,0.8861,0.8634,0.945,0.9959,0.9962,1.016,1.0296,230243504.4,196387451.7,189833214,143715672.9,124474651.2,3573612,3483638.28,3202145.43,2977631.84,2725474.75,293775,5-story shear model,pending,,,,,,
Case0310,Struct0155,NORTHRIDGE,ground_motion/northbridge.txt,0.02,g,1,1.2014,0.9454,1.1751,0.0233,0.0439,3.539,5,1.0647,0.9907,1.0534,0.8861,0.8634,0.945,0.9959,0.9962,1.016,1.0296,230243504.4,196387451.7,189833214,143715672.9,124474651.2,3573612,3483638.28,3202145.43,2977631.84,2725474.75,293775,5-story shear model,pending,,,,,,
Case0311,Struct0156,EI,ground_motion/ei3.txt,0.02,g,1,1.234,0.8342,0.9756,0.0556,0.0313,3.129,5,0.9974,1.1184,1.0369,0.8723,1.149,0.9127,1.0895,1.1255,1.0868,0.9005,221542488,227717424,191930190,145316457,170143920,3045497.36,3362785.33,3192233.14,2810486.54,2103351.88,243900,5-story shear model,pending,,,,,,
Case0312,Struct0156,NORTHRIDGE,ground_motion/northbridge.txt,0.02,g,1,1.234,0.8342,0.9756,0.0556,0.0313,3.129,5,0.9974,1.1184,1.0369,0.8723,1.149,0.9127,1.0895,1.1255,1.0868,0.9005,221542488,227717424,191930190,145316457,170143920,3045497.36,3362785.33,3192233.14,2810486.54,2103351.88,243900,5-story shear model,pending,,,,,,
Case0313,Struct0157,EI,ground_motion/ei3.txt,0.02,g,1,0.7793,0.8882,1.04,0.0372,0.0214,3.082,5,0.9088,0.8655,1.0522,0.9773,0.8664,1.0337,1.0266,0.8562,1.0769,0.9669,127481011.2,111289884.8,122996919,102817335.2,81022262.4,3672529.36,3373756.64,2585621.26,2965158,2404641.62,260000,5-story shear model,pending,,,,,,
Case0314,Struct0157,NORTHRIDGE,ground_motion/northbridge.txt,0.02,g,1,0.7793,0.8882,1.04,0.0372,0.0214,3.082,5,0.9088,0.8655,1.0522,0.9773,0.8664,1.0337,1.0266,0.8562,1.0769,0.9669,127481011.2,111289884.8,122996919,102817335.2,81022262.4,3672529.36,3373756.64,2585621.26,2965158,2404641.62,260000,5-story shear model,pending,,,,,,
Case0315,Struct0158,EI,ground_motion/ei3.txt,0.02,g,1,1.2138,0.7755,0.9781,0.0487,0.0319,3.119,5,1.0297,1.0177,0.9419,0.8746,1.0449,0.9545,0.8645,1.1204,0.8815,0.9099,224972974.8,203821902.9,171491733,143314579.8,152195954.4,2960859,2480553.08,2954158.68,2119170.07,1975756.86,244525,5-story shear model,pending,,,,,,
Case0316,Struct0158,NORTHRIDGE,ground_motion/northbridge.txt,0.02,g,1,1.2138,0.7755,0.9781,0.0487,0.0319,3.119,5,1.0297,1.0177,0.9419,0.8746,1.0449,0.9545,0.8645,1.1204,0.8815,0.9099,224972974.8,203821902.9,171491733,143314579.8,152195954.4,2960859,2480553.08,2954158.68,2119170.07,1975756.86,244525,5-story shear model,pending,,,,,,
Case0317,Struct0159,EI,ground_motion/ei3.txt,0.02,g,1,1.0886,0.7729,1.1332,0.0647,0.0145,3.478,5,0.9085,0.9689,1.1021,1.0045,0.9591,0.9492,1.118,1.0424,0.9946,1.0444,178018758,174032849.1,179961909,147622324.5,125289151.2,2934546.72,3197178.14,2739281.26,2383051.65,2260206.93,283300,5-story shear model,pending,,,,,,
Case0318,Struct0159,NORTHRIDGE,ground_motion/northbridge.txt,0.02,g,1,1.0886,0.7729,1.1332,0.0647,0.0145,3.478,5,0.9085,0.9689,1.1021,1.0045,0.9591,0.9492,1.118,1.0424,0.9946,1.0444,178018758,174032849.1,179961909,147622324.5,125289151.2,2934546.72,3197178.14,2739281.26,2383051.65,2260206.93,283300,5-story shear model,pending,,,,,,
Case0319,Struct0160,EI,ground_motion/ei3.txt,0.02,g,1,1.1731,1.2277,0.8004,0.0796,0.025,3.095,5,0.9671,1.1095,1.1151,0.9377,0.9628,0.8795,0.9559,1.1201,0.9097,1.0955,204210901.8,214756484.3,196218571.5,148502142.5,135535281.6,4319048.6,4342166.19,4675499.02,3462199.94,3765846.98,200100,5-story shear model,pending,,,,,,
Case0320,Struct0160,NORTHRIDGE,ground_motion/northbridge.txt,0.02,g,1,1.1731,1.2277,0.8004,0.0796,0.025,3.095,5,0.9671,1.1095,1.1151,0.9377,0.9628,0.8795,0.9559,1.1201,0.9097,1.0955,204210901.8,214756484.3,196218571.5,148502142.5,135535281.6,4319048.6,4342166.19,4675499.02,3462199.94,3765846.98,200100,5-story shear model,pending,,,,,,
Case0321,Struct0161,EI,ground_motion/ei3.txt,0.02,g,1,1.1408,0.921,1.1223,0.058,0.0331,3.576,5,0.9282,1.0982,1.0496,0.8744,0.954,0.92,1.0943,0.8521,1.1222,0.9767,190600300.8,206716382.4,179607552,134664595.2,130598784,3389280,3729046.11,2668265.94,3203993.22,2518713.96,280575,5-story shear model,pending,,,,,,
Case0322,Struct0161,NORTHRIDGE,ground_motion/northbridge.txt,0.02,g,1,1.1408,0.921,1.1223,0.058,0.0331,3.576,5,0.9282,1.0982,1.0496,0.8744,0.954,0.92,1.0943,0.8521,1.1222,0.9767,190600300.8,206716382.4,179607552,134664595.2,130598784,3389280,3729046.11,2668265.94,3203993.22,2518713.96,280575,5-story shear model,pending,,,,,,
Case0323,Struct0162,EI,ground_motion/ei3.txt,0.02,g,1,0.9789,1.0523,0.8114,0.0481,0.0132,3.192,5,1.1058,0.8867,1.0839,0.8501,0.9821,0.991,0.9056,0.9697,0.8854,0.8765,194844171.6,143218454,159154456.5,112341990.2,115365322.8,4171317.2,3525962.66,3469412.05,2888289.9,2582554.66,202850,5-story shear model,pending,,,,,,
Case0324,Struct0162,NORTHRIDGE,ground_motion/northbridge.txt,0.02,g,1,0.9789,1.0523,0.8114,0.0481,0.0132,3.192,5,1.1058,0.8867,1.0839,0.8501,0.9821,0.991,0.9056,0.9697,0.8854,0.8765,194844171.6,143218454,159154456.5,112341990.2,115365322.8,4171317.2,3525962.66,3469412.05,2888289.9,2582554.66,202850,5-story shear model,pending,,,,,,
Case0325,Struct0163,EI,ground_motion/ei3.txt,0.02,g,1,0.8187,1.1725,0.9827,0.0336,0.0251,3.428,5,0.927,1.1256,0.9429,1.0515,1.0134,1.0648,1.0139,0.9511,0.9848,1.1301,136608282,152052238.8,115792834.5,116216511.8,99560469.6,4993912,4398551.67,3791560.15,3579501.8,3710118.3,245675,5-story shear model,pending,,,,,,
Case0326,Struct0163,NORTHRIDGE,ground_motion/northbridge.txt,0.02,g,1,0.8187,1.1725,0.9827,0.0336,0.0251,3.428,5,0.927,1.1256,0.9429,1.0515,1.0134,1.0648,1.0139,0.9511,0.9848,1.1301,136608282,152052238.8,115792834.5,116216511.8,99560469.6,4993912,4398551.67,3791560.15,3579501.8,3710118.3,245675,5-story shear model,pending,,,,,,
Case0327,Struct0164,EI,ground_motion/ei3.txt,0.02,g,1,1.1256,0.7807,0.8978,0.0622,0.0394,3.427,5,0.8707,1.1049,1.1072,0.9509,0.9609,1.101,1.1439,0.9283,0.8748,0.8503,176410785.6,205206447.6,186939648,144494960.4,129790684.8,3438202.8,3304258.1,2464060.95,2117164.72,1858721.79,224450,5-story shear model,pending,,,,,,
Case0328,Struct0164,NORTHRIDGE,ground_motion/northbridge.txt,0.02,g,1,1.1256,0.7807,0.8978,0.0622,0.0394,3.427,5,0.8707,1.1049,1.1072,0.9509,0.9609,1.101,1.1439,0.9283,0.8748,0.8503,176410785.6,205206447.6,186939648,144494960.4,129790684.8,3438202.8,3304258.1,2464060.95,2117164.72,1858721.79,224450,5-story shear model,pending,,,,,,
Case0329,Struct0165,EI,ground_motion/ei3.txt,0.02,g,1,0.947,1.0294,0.8086,0.0459,0.0331,3.228,5,1.0816,1.0292,0.9723,1.0058,0.8839,0.8601,1.07,0.8618,0.8957,1.1449,184369536,160817646,138115215,128586501,100446396,3541547.76,4075394.6,3016265.53,2858304.1,3299968.17,202150,5-story shear model,pending,,,,,,
Case0330,Struct0165,NORTHRIDGE,ground_motion/northbridge.txt,0.02,g,1,0.947,1.0294,0.8086,0.0459,0.0331,3.228,5,1.0816,1.0292,0.9723,1.0058,0.8839,0.8601,1.07,0.8618,0.8957,1.1449,184369536,160817646,138115215,128586501,100446396,3541547.76,4075394.6,3016265.53,2858304.1,3299968.17,202150,5-story shear model,pending,,,,,,
Case0331,Struct0166,EI,ground_motion/ei3.txt,0.02,g,1,0.905,1.1668,1.1044,0.0429,0.0229,3.595,5,1.0785,1.0051,1.0402,0.9433,0.9359,1.0025,0.8594,1.0265,0.8686,0.933,175687650,150086557.5,141207150,115247677.5,101638740,4678868,3710167.3,4072248.68,3141795.69,3048148.32,276100,5-story shear model,pending,,,,,,
Case0332,Struct0166,NORTHRIDGE,ground_motion/northbridge.txt,0.02,g,1,0.905,1.1668,1.1044,0.0429,0.0229,3.595,5,1.0785,1.0051,1.0402,0.9433,0.9359,1.0025,0.8594,1.0265,0.8686,0.933,175687650,150086557.5,141207150,115247677.5,101638740,4678868,3710167.3,4072248.68,3141795.69,3048148.32,276100,5-story shear model,pending,,,,,,
Case0333,Struct0167,EI,ground_motion/ei3.txt,0.02,g,1,1.2107,0.9782,0.9433,0.0543,0.0301,3.479,5,0.9463,1.1246,0.8953,1.0636,0.8811,0.906,1.0526,1.0499,1.061,0.8624,206223373.8,224656281.3,162590956.5,173839570.2,128009732.4,3544996.8,3809717.28,3491841.41,3217397.62,2362079.1,235825,5-story shear model,pending,,,,,,
Case0334,Struct0167,NORTHRIDGE,ground_motion/northbridge.txt,0.02,g,1,1.2107,0.9782,0.9433,0.0543,0.0301,3.479,5,0.9463,1.1246,0.8953,1.0636,0.8811,0.906,1.0526,1.0499,1.061,0.8624,206223373.8,224656281.3,162590956.5,173839570.2,128009732.4,3544996.8,3809717.28,3491841.41,3217397.62,2362079.1,235825,5-story shear model,pending,,,,,,
Case0335,Struct0168,EI,ground_motion/ei3.txt,0.02,g,1,1.236,1.0425,1.0202,0.0341,0.0462,3.049,5,1.0967,1.0522,1.0619,0.8672,0.9277,1.0343,0.9179,0.9999,1.0221,1.1465,243993816,214585668,196876260,144700992,137596464,4313031,3540569.78,3544145.55,3303171.67,3346633.5,255050,5-story shear model,pending,,,,,,
Case0336,Struct0168,NORTHRIDGE,ground_motion/northbridge.txt,0.02,g,1,1.236,1.0425,1.0202,0.0341,0.0462,3.049,5,1.0967,1.0522,1.0619,0.8672,0.9277,1.0343,0.9179,0.9999,1.0221,1.1465,243993816,214585668,196876260,144700992,137596464,4313031,3540569.78,3544145.55,3303171.67,3346633.5,255050,5-story shear model,pending,,,,,,
Case0337,Struct0169,EI,ground_motion/ei3.txt,0.02,g,1,0.7903,0.9778,1.1909,0.0461,0.0307,3.574,5,1.0788,0.8868,0.9164,0.9674,0.8744,0.9787,0.8641,0.923,0.8563,1.0867,153463615.2,115638276.6,108634638,103212389.7,82924598.4,3827891.44,3126192.83,3068531.96,2595599.43,2975210.73,297725,5-story shear model,pending,,,,,,
Case0338,Struct0169,NORTHRIDGE,ground_motion/northbridge.txt,0.02,g,1,0.7903,0.9778,1.1909,0.0461,0.0307,3.574,5,1.0788,0.8868,0.9164,0.9674,0.8744,0.9787,0.8641,0.923,0.8563,1.0867,153463615.2,115638276.6,108634638,103212389.7,82924598.4,3827891.44,3126192.83,3068531.96,2595599.43,2975210.73,297725,5-story shear model,pending,,,,,,
Case0339,Struct0170,EI,ground_motion/ei3.txt,0.02,g,1,1.1116,1.0427,0.9524,0.0649,0.0351,3.536,5,1.0271,0.9696,1.0232,0.928,0.9852,1.1155,1.0203,0.9214,0.9785,1.1011,205510384.8,177838214.4,170608368,139261248,131417798.4,4652527.4,3936307.2,3266528.85,3162874.04,3214727.52,238100,5-story shear model,pending,,,,,,
Case0340,Struct0170,NORTHRIDGE,ground_motion/northbridge.txt,0.02,g,1,1.1116,1.0427,0.9524,0.0649,0.0351,3.536,5,1.0271,0.9696,1.0232,0.928,0.9852,1.1155,1.0203,0.9214,0.9785,1.1011,205510384.8,177838214.4,170608368,139261248,131417798.4,4652527.4,3936307.2,3266528.85,3162874.04,3214727.52,238100,5-story shear model,pending,,,,,,
Case0341,Struct0171,EI,ground_motion/ei3.txt,0.02,g,1,0.9571,1.0684,1.0716,0.0482,0.0307,3.013,5,0.8927,1.0219,1.0719,0.8806,1.1206,0.9808,1.1474,1.0211,0.9022,0.9578,153792570.6,161379980.9,153887323.5,113781005.1,128703151.2,4191546.88,4535763.99,3709207.02,2988122.49,2865277.86,267900,5-story shear model,pending,,,,,,
Case0342,Struct0171,NORTHRIDGE,ground_motion/northbridge.txt,0.02,g,1,0.9571,1.0684,1.0716,0.0482,0.0307,3.013,5,0.8927,1.0219,1.0719,0.8806,1.1206,0.9808,1.1474,1.0211,0.9022,0.9578,153792570.6,161379980.9,153887323.5,113781005.1,128703151.2,4191546.88,4535763.99,3709207.02,2988122.49,2865277.86,267900,5-story shear model,pending,,,,,,
Case0343,Struct0172,EI,ground_motion/ei3.txt,0.02,g,1,1.0624,0.7889,0.8898,0.0312,0.0184,3.323,5,1.1366,0.987,0.8578,1.0774,1.0681,0.9748,0.8723,1.0086,1.1331,1.089,217354291.2,173017152,136699008,154525017.6,136169932.8,3076078.88,2546182.64,2705327.44,2771098.03,2405513.88,222450,5-story shear model,pending,,,,,,
Case0344,Struct0172,NORTHRIDGE,ground_motion/northbridge.txt,0.02,g,1,1.0624,0.7889,0.8898,0.0312,0.0184,3.323,5,1.1366,0.987,0.8578,1.0774,1.0681,0.9748,0.8723,1.0086,1.1331,1.089,217354291.2,173017152,136699008,154525017.6,136169932.8,3076078.88,2546182.64,2705327.44,2771098.03,2405513.88,222450,5-story shear model,pending,,,,,,
Case0345,Struct0173,EI,ground_motion/ei3.txt,0.02,g,1,0.7813,1.0684,1.0411,0.0424,0.0331,3.056,5,1.1379,0.9542,1.0477,0.9332,0.9345,0.9119,0.9564,1.0614,1.0178,0.9521,160027428.6,123010215.9,122785201.5,98429736.6,87614982,3897095.84,3780725.71,3855599.18,3370994.31,2848226.19,260275,5-story shear model,pending,,,,,,
Case0346,Struct0173,NORTHRIDGE,ground_motion/northbridge.txt,0.02,g,1,0.7813,1.0684,1.0411,0.0424,0.0331,3.056,5,1.1379,0.9542,1.0477,0.9332,0.9345,0.9119,0.9564,1.0614,1.0178,0.9521,160027428.6,123010215.9,122785201.5,98429736.6,87614982,3897095.84,3780725.71,3855599.18,3370994.31,2848226.19,260275,5-story shear model,pending,,,,,,
Case0347,Struct0174,EI,ground_motion/ei3.txt,0.02,g,1,1.1609,0.8689,1.1086,0.0307,0.0223,3.223,5,1.0561,1.036,1.0389,1.1185,1.0028,0.8604,0.9425,0.9242,0.9902,0.9798,220684768.2,198444246,180908851.5,175292997.8,139698062.4,2990406.24,3030071.52,2730327.09,2667192.82,2383775.02,277150,5-story shear model,pending,,,,,,
Case0348,Struct0174,NORTHRIDGE,ground_motion/northbridge.txt,0.02,g,1,1.1609,0.8689,1.1086,0.0307,0.0223,3.223,5,1.0561,1.036,1.0389,1.1185,1.0028,0.8604,0.9425,0.9242,0.9902,0.9798,220684768.2,198444246,180908851.5,175292997.8,139698062.4,2990406.24,3030071.52,2730327.09,2667192.82,2383775.02,277150,5-story shear model,pending,,,,,,
Case0349,Struct0175,EI,ground_motion/ei3.txt,0.02,g,1,0.8135,0.9224,0.8731,0.0533,0.0239,3.041,5,0.8694,1.0079,1.0802,1.017,1.0344,0.8918,1.0835,0.9056,0.9717,0.8894,127306242,135287897.3,131811405,111689482.5,100978128,3290385.28,3697855.48,2840106.5,2778517.85,2297071.17,218275,5-story shear model,pending,,,,,,
Case0350,Struct0175,NORTHRIDGE,ground_motion/northbridge.txt,0.02,g,1,0.8135,0.9224,0.8731,0.0533,0.0239,3.041,5,0.8694,1.0079,1.0802,1.017,1.0344,0.8918,1.0835,0.9056,0.9717,0.8894,127306242,135287897.3,131811405,111689482.5,100978128,3290385.28,3697855.48,2840106.5,2778517.85,2297071.17,218275,5-story shear model,pending,,,,,,
Case0351,Struct0176,EI,ground_motion/ei3.txt,0.02,g,1,0.9773,0.8296,1.0008,0.069,0.0327,3.508,5,0.8602,0.8562,0.9797,1.1472,0.8896,0.8776,1.147,1.1368,1.1213,1.0419,151321222.8,138066102.9,143619121.5,151356405.6,104328729.6,2912227.84,3520739.44,3206503.55,2883714.49,2420208.67,250200,5-story shear model,pending,,,,,,
Case0352,Struct0176,NORTHRIDGE,ground_motion/northbridge.txt,0.02,g,1,0.9773,0.8296,1.0008,0.069,0.0327,3.508,5,0.8602,0.8562,0.9797,1.1472,0.8896,0.8776,1.147,1.1368,1.1213,1.0419,151321222.8,138066102.9,143619121.5,151356405.6,104328729.6,2912227.84,3520739.44,3206503.55,2883714.49,2420208.67,250200,5-story shear model,pending,,,,,,
Case0353,Struct0177,EI,ground_motion/ei3.txt,0.02,g,1,0.7875,0.9922,0.9085,0.0457,0.0112,3.434,5,0.875,0.861,0.8803,1.1352,1.0519,0.89,1.0107,1.0872,0.9924,1.1482,124031250,111876187.5,103985437.5,120685950,99404550,3532232,3710421.2,3667647.46,3052443.77,3189883.31,227125,5-story shear model,pending,,,,,,
Case0354,Struct0177,NORTHRIDGE,ground_motion/northbridge.txt,0.02,g,1,0.7875,0.9922,0.9085,0.0457,0.0112,3.434,5,0.875,0.861,0.8803,1.1352,1.0519,0.89,1.0107,1.0872,0.9924,1.1482,124031250,111876187.5,103985437.5,120685950,99404550,3532232,3710421.2,3667647.46,3052443.77,3189883.31,227125,5-story shear model,pending,,,,,,
Case0355,Struct0178,EI,ground_motion/ei3.txt,0.02,g,1,1.1203,0.8774,1.1194,0.0739,0.0163,3.096,5,0.924,0.9736,1.0687,1.0875,1.1087,1.114,1.1464,0.8651,0.8931,0.8699,186328296,179969473.2,179589691.5,164474043.8,149049193.2,3909694.4,3721650.03,2580731.72,2429178.41,2137100.73,279850,5-story shear model,pending,,,,,,
Case0356,Struct0178,NORTHRIDGE,ground_motion/northbridge.txt,0.02,g,1,1.1203,0.8774,1.1194,0.0739,0.0163,3.096,5,0.924,0.9736,1.0687,1.0875,1.1087,1.114,1.1464,0.8651,0.8931,0.8699,186328296,179969473.2,179589691.5,164474043.8,149049193.2,3909694.4,3721650.03,2580731.72,2429178.41,2137100.73,279850,5-story shear model,pending,,,,,,
Case0357,Struct0179,EI,ground_motion/ei3.txt,0.02,g,1,0.8228,0.9703,1.1522,0.0721,0.0107,3.576,5,1.0827,1.0913,1.0333,0.8538,1.1062,1.1138,0.8588,0.9397,0.8583,1.1086,160352200.8,148157070.6,127529886,94838396.4,109221763.2,4322880.56,3083186.47,3100089.09,2581706.32,3011888.82,288050,5-story shear model,pending,,,,,,
Case0358,Struct0179,NORTHRIDGE,ground_motion/northbridge.txt,0.02,g,1,0.8228,0.9703,1.1522,0.0721,0.0107,3.576,5,1.0827,1.0913,1.0333,0.8538,1.1062,1.1138,0.8588,0.9397,0.8583,1.1086,160352200.8,148157070.6,127529886,94838396.4,109221763.2,4322880.56,3083186.47,3100089.09,2581706.32,3011888.82,288050,5-story shear model,pending,,,,,,
Case0359,Struct0180,EI,ground_motion/ei3.txt,0.02,g,1,1.0427,0.8395,1.0756,0.0297,0.0295,3.209,5,1.0138,0.9201,1.1022,0.9296,1.0669,0.8609,1.0621,1.1276,0.8562,0.9397,190276066.8,158299064.6,172389591,130854679.2,133494795.6,2890902.2,3299041.92,3218508.68,2228217.69,2208858.82,268900,5-story shear model,pending,,,,,,
Case0360,Struct0180,NORTHRIDGE,ground_motion/northbridge.txt,0.02,g,1,1.0427,0.8395,1.0756,0.0297,0.0295,3.209,5,1.0138,0.9201,1.1022,0.9296,1.0669,0.8609,1.0621,1.1276,0.8562,0.9397,190276066.8,158299064.6,172389591,130854679.2,133494795.6,2890902.2,3299041.92,3218508.68,2228217.69,2208858.82,268900,5-story shear model,pending,,,,,,
Case0361,Struct0181,EI,ground_motion/ei3.txt,0.02,g,1,0.815,1.2373,0.9171,0.0227,0.0153,3.433,5,0.9156,1.1436,1.0537,1.0327,0.9751,1.0168,1.0584,1.0793,1.0627,0.8761,134318520,153785610,128814825,113622817.5,95364780,5032346.56,4845365.78,4540420.83,4076124,3035195.88,229275,5-story shear model,pending,,,,,,
Case0362,Struct0181,NORTHRIDGE,ground_motion/northbridge.txt,0.02,g,1,0.815,1.2373,0.9171,0.0227,0.0153,3.433,5,0.9156,1.1436,1.0537,1.0327,0.9751,1.0168,1.0584,1.0793,1.0627,0.8761,134318520,153785610,128814825,113622817.5,95364780,5032346.56,4845365.78,4540420.83,4076124,3035195.88,229275,5-story shear model,pending,,,,,,
Case0363,Struct0182,EI,ground_motion/ei3.txt,0.02,g,1,0.7933,0.9971,0.9691,0.0762,0.0407,3.357,5,0.8852,1.1298,0.8951,1.0016,1.142,0.9482,0.9817,1.0979,0.9399,0.898,126401248.8,147884606.1,106512424.5,107266852.8,108713832,3781800.88,3621756.36,3722034.71,2905240.3,2507108.24,242275,5-story shear model,pending,,,,,,
Case0364,Struct0182,NORTHRIDGE,ground_motion/northbridge.txt,0.02,g,1,0.7933,0.9971,0.9691,0.0762,0.0407,3.357,5,0.8852,1.1298,0.8951,1.0016,1.142,0.9482,0.9817,1.0979,0.9399,0.898,126401248.8,147884606.1,106512424.5,107266852.8,108713832,3781800.88,3621756.36,3722034.71,2905240.3,2507108.24,242275,5-story shear model,pending,,,,,,
Case0365,Struct0183,EI,ground_motion/ei3.txt,0.02,g,1,1.1498,0.8316,0.9739,0.0515,0.0251,3.192,5,1.1484,1.0381,1.1416,0.9816,0.9978,1.0236,1.0414,0.9695,0.9054,1.0305,237677457.6,196945217.7,196891752,152366896.8,137672452.8,3404903.04,3204304.49,2741203.08,2334084.98,2399498.64,243475,5-story shear model,pending,,,,,,
Case0366,Struct0183,NORTHRIDGE,ground_motion/northbridge.txt,0.02,g,1,1.1498,0.8316,0.9739,0.0515,0.0251,3.192,5,1.1484,1.0381,1.1416,0.9816,0.9978,1.0236,1.0414,0.9695,0.9054,1.0305,237677457.6,196945217.7,196891752,152366896.8,137672452.8,3404903.04,3204304.49,2741203.08,2334084.98,2399498.64,243475,5-story shear model,pending,,,,,,
Case0367,Struct0184,EI,ground_motion/ei3.txt,0.02,g,1,0.9135,1.1027,1.0866,0.0726,0.0401,3.035,5,0.8888,0.9016,0.9496,1.061,0.9581,0.8537,0.8955,0.943,1.1205,1.0743,146145384,135895914,130118940,130845172.5,105026922,3765499.96,3653631.04,3535476.74,3830283.58,3316965.71,271650,5-story shear model,pending,,,,,,
Case0368,Struct0184,NORTHRIDGE,ground_motion/northbridge.txt,0.02,g,1,0.9135,1.1027,1.0866,0.0726,0.0401,3.035,5,0.8888,0.9016,0.9496,1.061,0.9581,0.8537,0.8955,0.943,1.1205,1.0743,146145384,135895914,130118940,130845172.5,105026922,3765499.96,3653631.04,3535476.74,3830283.58,3316965.71,271650,5-story shear model,pending,,,,,,
Case0369,Struct0185,EI,ground_motion/ei3.txt,0.02,g,1,0.8635,0.8355,0.8231,0.0459,0.0129,3.385,5,0.9393,0.952,1.1226,0.994,0.925,1.1269,1.1337,0.9422,1.1412,1.0326,145995399,135638580,145404765,115873065,95848500,3766099.8,3504663.49,2676507.54,2955765.06,2415664.44,205775,5-story shear model,pending,,,,,,
Case0370,Struct0185,NORTHRIDGE,ground_motion/northbridge.txt,0.02,g,1,0.8635,0.8355,0.8231,0.0459,0.0129,3.385,5,0.9393,0.952,1.1226,0.994,0.925,1.1269,1.1337,0.9422,1.1412,1.0326,145995399,135638580,145404765,115873065,95848500,3766099.8,3504663.49,2676507.54,2955765.06,2415664.44,205775,5-story shear model,pending,,,,,,
Case0371,Struct0186,EI,ground_motion/ei3.txt,0.02,g,1,1.2056,1.1841,0.8133,0.0584,0.0365,3.058,5,1.0934,0.8903,1.1091,0.9832,0.9809,1.1132,0.8995,1.1324,0.9912,0.9659,237276547.2,177102037.2,200569644,160021699.2,141908764.8,5272560.48,3940862.42,4558974.46,3638407.75,3202422.13,203325,5-story shear model,pending,,,,,,
Case0372,Struct0186,NORTHRIDGE,ground_motion/northbridge.txt,0.02,g,1,1.2056,1.1841,0.8133,0.0584,0.0365,3.058,5,1.0934,0.8903,1.1091,0.9832,0.9809,1.1132,0.8995,1.1324,0.9912,0.9659,237276547.2,177102037.2,200569644,160021699.2,141908764.8,5272560.48,3940862.42,4558974.46,3638407.75,3202422.13,203325,5-story shear model,pending,,,,,,
Case0373,Struct0187,EI,ground_motion/ei3.txt,0.02,g,1,1.0697,1.1021,1.1774,0.0711,0.0109,3.067,5,0.9845,1.0716,0.8608,1.1371,0.951,0.9779,1.1234,1.0323,1.1361,1.1417,189561537,189137935.8,138119664,164208042.5,122074164,4310974.36,4580966.82,3868172.62,3881497.01,3523149.2,294350,5-story shear model,pending,,,,,,
Case0374,Struct0187,NORTHRIDGE,ground_motion/northbridge.txt,0.02,g,1,1.0697,1.1021,1.1774,0.0711,0.0109,3.067,5,0.9845,1.0716,0.8608,1.1371,0.951,0.9779,1.1234,1.0323,1.1361,1.1417,189561537,189137935.8,138119664,164208042.5,122074164,4310974.36,4580966.82,3868172.62,3881497.01,3523149.2,294350,5-story shear model,pending,,,,,,
Case0375,Struct0188,EI,ground_motion/ei3.txt,0.02,g,1,1.1819,0.9753,1.0558,0.052,0.025,3.087,5,0.9077,0.8571,0.9168,1.0836,0.8545,1.1128,1.0466,1.0807,1.0794,0.8662,193105913.4,167146070.9,162534888,172895423.4,121192026,4341255.36,3776771.23,3583622.81,3263490.34,2365453.61,263950,5-story shear model,pending,,,,,,
Case0376,Struct0188,NORTHRIDGE,ground_motion/northbridge.txt,0.02,g,1,1.1819,0.9753,1.0558,0.052,0.025,3.087,5,0.9077,0.8571,0.9168,1.0836,0.8545,1.1128,1.0466,1.0807,1.0794,0.8662,193105913.4,167146070.9,162534888,172895423.4,121192026,4341255.36,3776771.23,3583622.81,3263490.34,2365453.61,263950,5-story shear model,pending,,,,,,
Case0377,Struct0189,EI,ground_motion/ei3.txt,0.02,g,1,0.8287,1.1007,0.9106,0.0554,0.0306,3.016,5,1.0455,1.0869,1.0889,1.1107,0.8747,0.8502,1.0984,1.0673,0.9728,1.1166,155953053,148617815,135355714.5,124259007.2,86983666.8,3743260.56,4473332.86,3994242.17,3319358.98,3441316.54,227650,5-story shear model,pending,,,,,,
Case0378,Struct0189,NORTHRIDGE,ground_motion/northbridge.txt,0.02,g,1,0.8287,1.1007,0.9106,0.0554,0.0306,3.016,5,1.0455,1.0869,1.0889,1.1107,0.8747,0.8502,1.0984,1.0673,0.9728,1.1166,155953053,148617815,135355714.5,124259007.2,86983666.8,3743260.56,4473332.86,3994242.17,3319358.98,3441316.54,227650,5-story shear model,pending,,,,,,
Case0379,Struct0190,EI,ground_motion/ei3.txt,0.02,g,1,0.7522,0.8198,1.1016,0.0213,0.0307,3.467,5,1.1084,0.9395,0.8652,0.9257,0.8596,1.1254,0.916,0.9279,0.9735,0.9972,150072926.4,116604163.5,97620516,94002057.9,77590934.4,3690411.68,2778466.16,2586354.23,2474033.43,2289012.77,275400,5-story shear model,pending,,,,,,
Case0380,Struct0190,NORTHRIDGE,ground_motion/northbridge.txt,0.02,g,1,0.7522,0.8198,1.1016,0.0213,0.0307,3.467,5,1.1084,0.9395,0.8652,0.9257,0.8596,1.1254,0.916,0.9279,0.9735,0.9972,150072926.4,116604163.5,97620516,94002057.9,77590934.4,3690411.68,2778466.16,2586354.23,2474033.43,2289012.77,275400,5-story shear model,pending,,,,,,
Case0381,Struct0191,EI,ground_motion/ei3.txt,0.02,g,1,1.0067,1.1559,1.0711,0.0711,0.0235,3.156,5,1.0522,1.0741,1.0902,0.925,1.0538,1.1344,1.0448,0.9764,0.9631,0.9568,190664953.2,178413917.6,164625651,125711662.5,127303255.2,5245011.84,4468431.98,3837310.58,3451066.6,3096702.34,267775,5-story shear model,pending,,,,,,
Case0382,Struct0191,NORTHRIDGE,ground_motion/northbridge.txt,0.02,g,1,1.0067,1.1559,1.0711,0.0711,0.0235,3.156,5,1.0522,1.0741,1.0902,0.925,1.0538,1.1344,1.0448,0.9764,0.9631,0.9568,190664953.2,178413917.6,164625651,125711662.5,127303255.2,5245011.84,4468431.98,3837310.58,3451066.6,3096702.34,267775,5-story shear model,pending,,,,,,
Case0383,Struct0192,EI,ground_motion/ei3.txt,0.02,g,1,1.096,0.9835,1.124,0.045,0.0442,3.416,5,0.9502,0.9405,0.9498,0.9175,0.9605,1.0531,1.0648,1.0747,0.8936,1.0375,187455456,170080020,156147120,135753300,126324960,4142895.4,3874753.96,3593689.33,2724452.36,2857067.5,281000,5-story shear model,pending,,,,,,
Case0384,Struct0192,NORTHRIDGE,ground_motion/northbridge.txt,0.02,g,1,1.096,0.9835,1.124,0.045,0.0442,3.416,5,0.9502,0.9405,0.9498,0.9175,0.9605,1.0531,1.0648,1.0747,0.8936,1.0375,187455456,170080020,156147120,135753300,126324960,4142895.4,3874753.96,3593689.33,2724452.36,2857067.5,281000,5-story shear model,pending,,,,,,
Case0385,Struct0193,EI,ground_motion/ei3.txt,0.02,g,1,1.1006,1.1075,1.0224,0.0637,0.0212,3.314,5,1.0796,0.9972,1.0253,0.9724,0.9142,1.1155,1.1292,0.8544,0.9273,1.0941,213877396.8,181090522.8,169266777,144480164.4,120740222.4,4941665,4627179.3,3217243.2,3183652.73,3392804.1,255600,5-story shear model,pending,,,,,,
Case0386,Struct0193,NORTHRIDGE,ground_motion/northbridge.txt,0.02,g,1,1.1006,1.1075,1.0224,0.0637,0.0212,3.314,5,1.0796,0.9972,1.0253,0.9724,0.9142,1.1155,1.1292,0.8544,0.9273,1.0941,213877396.8,181090522.8,169266777,144480164.4,120740222.4,4941665,4627179.3,3217243.2,3183652.73,3392804.1,255600,5-story shear model,pending,,,,,,
Case0387,Struct0194,EI,ground_motion/ei3.txt,0.02,g,1,1.1629,1.0244,1.0948,0.0532,0.0154,3.199,5,0.9504,0.9689,0.9744,0.9619,0.9756,0.8908,1.0342,1.1181,0.9442,1.1146,198939628.8,185911078.7,169969464,151010123.9,136143028.8,3650142.08,3919907.58,3894297.58,2998439.29,3197029.47,273700,5-story shear model,pending,,,,,,
Case0388,Struct0194,NORTHRIDGE,ground_motion/northbridge.txt,0.02,g,1,1.1629,1.0244,1.0948,0.0532,0.0154,3.199,5,0.9504,0.9689,0.9744,0.9619,0.9756,0.8908,1.0342,1.1181,0.9442,1.1146,198939628.8,185911078.7,169969464,151010123.9,136143028.8,3650142.08,3919907.58,3894297.58,2998439.29,3197029.47,273700,5-story shear model,pending,,,,,,
Case0389,Struct0195,EI,ground_motion/ei3.txt,0.02,g,1,1.2147,0.8976,0.8645,0.0395,0.026,3.063,5,0.9857,0.9421,1.1454,1.0732,1.1115,0.93,1.0069,1.1381,1.0094,1.1097,215519362.2,188820863.6,208697607,175988165.4,162016686,3339072,3344035.73,3473299.1,2808716.06,2788986.82,216125,5-story shear model,pending,,,,,,
Case0390,Struct0195,NORTHRIDGE,ground_motion/northbridge.txt,0.02,g,1,1.2147,0.8976,0.8645,0.0395,0.026,3.063,5,0.9857,0.9421,1.1454,1.0732,1.1115,0.93,1.0069,1.1381,1.0094,1.1097,215519362.2,188820863.6,208697607,175988165.4,162016686,3339072,3344035.73,3473299.1,2808716.06,2788986.82,216125,5-story shear model,pending,,,,,,
Case0391,Struct0196,EI,ground_motion/ei3.txt,0.02,g,1,0.8734,0.7647,1.0168,0.0739,0.0186,3.349,5,0.9421,1.0144,0.9782,1.0202,0.9571,0.9501,1.0086,1.0924,0.956,0.9007,148109425.2,146186198.4,128153982,120290761.8,100311736.8,2906165.88,2853722.75,2840218.15,2266264.92,1928542.81,254200,5-story shear model,pending,,,,,,
Case0392,Struct0196,NORTHRIDGE,ground_motion/northbridge.txt,0.02,g,1,0.8734,0.7647,1.0168,0.0739,0.0186,3.349,5,0.9421,1.0144,0.9782,1.0202,0.9571,0.9501,1.0086,1.0924,0.956,0.9007,148109425.2,146186198.4,128153982,120290761.8,100311736.8,2906165.88,2853722.75,2840218.15,2266264.92,1928542.81,254200,5-story shear model,pending,,,,,,
Case0393,Struct0197,EI,ground_motion/ei3.txt,0.02,g,1,1.1454,1.0812,0.802,0.0541,0.0167,3.038,5,0.9321,0.9919,1.0617,1.0048,0.8532,0.9867,0.8801,1.0753,1.0836,0.9695,192172921.2,187460172.9,182410677,155371219.2,117270633.6,4267280.16,3520787.24,3952888.82,3631923.79,2935025.52,200500,5-story shear model,pending,,,,,,
Case0394,Struct0197,NORTHRIDGE,ground_motion/northbridge.txt,0.02,g,1,1.1454,1.0812,0.802,0.0541,0.0167,3.038,5,0.9321,0.9919,1.0617,1.0048,0.8532,0.9867,0.8801,1.0753,1.0836,0.9695,192172921.2,187460172.9,182410677,155371219.2,117270633.6,4267280.16,3520787.24,3952888.82,3631923.79,2935025.52,200500,5-story shear model,pending,,,,,,
Case0395,Struct0198,EI,ground_motion/ei3.txt,0.02,g,1,0.9179,1.1572,1.1295,0.0776,0.0205,3.229,5,0.9011,0.8835,0.8895,0.9809,1.0522,1.107,0.9983,0.948,1.0187,0.982,148881544.2,133809167.3,122470807.5,121549694.9,115897725.6,5124081.6,4274361.21,3729887.04,3654402.88,3181837.12,282375,5-story shear model,pending,,,,,,
Case0396,Struct0198,NORTHRIDGE,ground_motion/northbridge.txt,0.02,g,1,0.9179,1.1572,1.1295,0.0776,0.0205,3.229,5,0.9011,0.8835,0.8895,0.9809,1.0522,1.107,0.9983,0.948,1.0187,0.982,148881544.2,133809167.3,122470807.5,121549694.9,115897725.6,5124081.6,4274361.21,3729887.04,3654402.88,3181837.12,282375,5-story shear model,pending,,,,,,
Case0397,Struct0199,EI,ground_motion/ei3.txt,0.02,g,1,0.8046,0.992,0.8249,0.0216,0.0433,3.045,5,0.9391,1.0973,1.1104,0.9128,1.0592,0.8917,0.9798,0.923,0.8646,0.86,136007974.8,145676450.7,134014176,99149248.8,102267878.4,3538265.6,3596257.92,3113094.4,2658817.92,2388736,206225,5-story shear model,pending,,,,,,
Case0398,Struct0199,NORTHRIDGE,ground_motion/northbridge.txt,0.02,g,1,0.8046,0.992,0.8249,0.0216,0.0433,3.045,5,0.9391,1.0973,1.1104,0.9128,1.0592,0.8917,0.9798,0.923,0.8646,0.86,136007974.8,145676450.7,134014176,99149248.8,102267878.4,3538265.6,3596257.92,3113094.4,2658817.92,2388736,206225,5-story shear model,pending,,,,,,
Case0399,Struct0200,EI,ground_motion/ei3.txt,0.02,g,1,0.9168,1.2185,1.1277,0.0764,0.0461,3.414,5,0.9855,1.1324,0.9334,1.1409,1.0282,0.9884,0.9988,1.0049,0.9428,1.0652,162631152,171300412.8,128361168,141206911.2,113118451.2,4817461.6,4503039.86,4163200.21,3561285.58,3634249.36,281925,5-story shear model,pending,,,,,,
Case0400,Struct0200,NORTHRIDGE,ground_motion/northbridge.txt,0.02,g,1,0.9168,1.2185,1.1277,0.0764,0.0461,3.414,5,0.9855,1.1324,0.9334,1.1409,1.0282,0.9884,0.9988,1.0049,0.9428,1.0652,162631152,171300412.8,128361168,141206911.2,113118451.2,4817461.6,4503039.86,4163200.21,3561285.58,3634249.36,281925,5-story shear model,pending,,,,,,
Case0401,Struct0201,EI,ground_motion/ei3.txt,0.02,g,1,1.1718,1.2062,0.9119,0.0356,0.0139,3.586,5,1.0117,0.959,1.0464,0.9224,0.9211,0.9385,0.9547,1.0256,0.9717,1.002,213391810.8,185419773,183925728,145917223.2,129521397.6,4528074.8,4260768.82,4206067.65,3633400.07,3384114.72,227975,5-story shear model,pending,,,,,,
Case0402,Struct0201,NORTHRIDGE,ground_motion/northbridge.txt,0.02,g,1,1.1718,1.2062,0.9119,0.0356,0.0139,3.586,5,1.0117,0.959,1.0464,0.9224,0.9211,0.9385,0.9547,1.0256,0.9717,1.002,213391810.8,185419773,183925728,145917223.2,129521397.6,4528074.8,4260768.82,4206067.65,3633400.07,3384114.72,227975,5-story shear model,pending,,,,,,
Case0403,Struct0202,EI,ground_motion/ei3.txt,0.02,g,1,1.2137,0.9959,1.0406,0.0706,0.0389,3.354,5,0.9424,1.1172,1.1376,1.072,1.1233,1.104,0.8958,0.8659,1.0616,0.8637,205882358.4,223731030.6,207105768,175646664,163601905.2,4397894.4,3300870.71,2931989.35,3277467.06,2408444.72,260150,5-story shear model,pending,,,,,,
Case0404,Struct0202,NORTHRIDGE,ground_motion/northbridge.txt,0.02,g,1,1.2137,0.9959,1.0406,0.0706,0.0389,3.354,5,0.9424,1.1172,1.1376,1.072,1.1233,1.104,0.8958,0.8659,1.0616,0.8637,205882358.4,223731030.6,207105768,175646664,163601905.2,4397894.4,3300870.71,2931989.35,3277467.06,2408444.72,260150,5-story shear model,pending,,,,,,
Case0405,Struct0203,EI,ground_motion/ei3.txt,0.02,g,1,1.0225,1.1793,1.0265,0.0349,0.047,3.088,5,0.9791,0.8781,1.0943,0.9771,0.9344,1.0325,0.8844,1.0082,1.0416,1.0844,180203355,148146446.3,167838262.5,134876441.3,114650880,4870509,3858999.8,4042498.88,3807912.53,3580732.18,256625,5-story shear model,pending,,,,,,
Case0406,Struct0203,NORTHRIDGE,ground_motion/northbridge.txt,0.02,g,1,1.0225,1.1793,1.0265,0.0349,0.047,3.088,5,0.9791,0.8781,1.0943,0.9771,0.9344,1.0325,0.8844,1.0082,1.0416,1.0844,180203355,148146446.3,167838262.5,134876441.3,114650880,4870509,3858999.8,4042498.88,3807912.53,3580732.18,256625,5-story shear model,pending,,,,,,
Case0407,Struct0204,EI,ground_motion/ei3.txt,0.02,g,1,0.9374,1.1032,0.8042,0.0614,0.0423,3.378,5,1.084,1.1328,0.9118,0.9567,0.9707,1.0103,1.147,0.9131,1.0409,0.9372,182905488,175211308.8,128208198,121069428.3,109192101.6,4458251.84,4681870.48,3424928.53,3559794.73,2894973.31,201050,5-story shear model,pending,,,,,,
Case0408,Struct0204,NORTHRIDGE,ground_motion/northbridge.txt,0.02,g,1,0.9374,1.1032,0.8042,0.0614,0.0423,3.378,5,1.084,1.1328,0.9118,0.9567,0.9707,1.0103,1.147,0.9131,1.0409,0.9372,182905488,175211308.8,128208198,121069428.3,109192101.6,4458251.84,4681870.48,3424928.53,3559794.73,2894973.31,201050,5-story shear model,pending,,,,,,
Case0409,Struct0205,EI,ground_motion/ei3.txt,0.02,g,1,0.8038,1.1986,1.0023,0.0717,0.0392,3.337,5,1.0134,0.9563,1.0192,1.0473,1.0776,1.1409,0.9738,1.0149,0.9252,1.0751,146622765.6,126831200.1,122884944,113645664.9,103940985.6,5469930.96,4318627.72,4135961.08,3437728.63,3608121.61,250575,5-story shear model,pending,,,,,,
Case0410,Struct0205,NORTHRIDGE,ground_motion/northbridge.txt,0.02,g,1,0.8038,1.1986,1.0023,0.0717,0.0392,3.337,5,1.0134,0.9563,1.0192,1.0473,1.0776,1.1409,0.9738,1.0149,0.9252,1.0751,146622765.6,126831200.1,122884944,113645664.9,103940985.6,5469930.96,4318627.72,4135961.08,3437728.63,3608121.61,250575,5-story shear model,pending,,,,,,
Case0411,Struct0206,EI,ground_motion/ei3.txt,0.02,g,1,0.9861,0.8351,1.1405,0.0537,0.0269,3.385,5,0.8642,1.0286,0.8668,1.0866,1.0906,1.0335,0.8945,0.9701,1.1282,0.9506,153393771.6,167359905.9,128212722,144651995.1,129052879.2,3452303.4,2763888.71,2754443.73,2920695.44,2222768.97,285125,5-story shear model,pending,,,,,,
Case0412,Struct0206,NORTHRIDGE,ground_motion/northbridge.txt,0.02,g,1,0.9861,0.8351,1.1405,0.0537,0.0269,3.385,5,0.8642,1.0286,0.8668,1.0866,1.0906,1.0335,0.8945,0.9701,1.1282,0.9506,153393771.6,167359905.9,128212722,144651995.1,129052879.2,3452303.4,2763888.71,2754443.73,2920695.44,2222768.97,285125,5-story shear model,pending,,,,,,
Case0413,Struct0207,EI,ground_motion/ei3.txt,0.02,g,1,1.0598,1.0858,1.0051,0.0707,0.023,3.223,5,0.8608,0.8516,1.0407,0.9132,0.9025,0.8758,1.0463,1.1377,1.0433,0.9937,164209651.2,148916737.2,165440079,130654263.6,114776340,3803774.56,4203468.4,4200069.84,3511726.93,3021086.49,251275,5-story shear model,pending,,,,,,
Case0414,Struct0207,NORTHRIDGE,ground_motion/northbridge.txt,0.02,g,1,1.0598,1.0858,1.0051,0.0707,0.023,3.223,5,0.8608,0.8516,1.0407,0.9132,0.9025,0.8758,1.0463,1.1377,1.0433,0.9937,164209651.2,148916737.2,165440079,130654263.6,114776340,3803774.56,4203468.4,4200069.84,3511726.93,3021086.49,251275,5-story shear model,pending,,,,,,
Case0415,Struct0208,EI,ground_motion/ei3.txt,0.02,g,1,1.1248,1.1063,0.9088,0.0269,0.0198,3.347,5,1.0297,0.9536,1.0453,1.1242,0.9572,0.936,0.9484,0.9718,1.0074,0.9291,208477180.8,176980531.2,176363016,170707521.6,129199027.2,4141987.2,3882095.2,3655347.96,3454908.52,2878017.32,227200,5-story shear model,pending,,,,,,
Case0416,Struct0208,NORTHRIDGE,ground_motion/northbridge.txt,0.02,g,1,1.1248,1.1063,0.9088,0.0269,0.0198,3.347,5,1.0297,0.9536,1.0453,1.1242,0.9572,0.936,0.9484,0.9718,1.0074,0.9291,208477180.8,176980531.2,176363016,170707521.6,129199027.2,4141987.2,3882095.2,3655347.96,3454908.52,2878017.32,227200,5-story shear model,pending,,,,,,
Case0417,Struct0209,EI,ground_motion/ei3.txt,0.02,g,1,1.1712,0.8009,1.0849,0.0754,0.0132,3.01,5,0.9983,0.9194,0.9693,0.9944,0.9649,1.1342,1.0367,0.8537,1.0295,0.888,210457612.8,177672211.2,170286624,157226572.8,135610905.6,3633523.12,3072084.21,2324676.32,2556032.31,1991357.76,271225,5-story shear model,pending,,,,,,
Case0418,Struct0209,NORTHRIDGE,ground_motion/northbridge.txt,0.02,g,1,1.1712,0.8009,1.0849,0.0754,0.0132,3.01,5,0.9983,0.9194,0.9693,0.9944,0.9649,1.1342,1.0367,0.8537,1.0295,0.888,210457612.8,177672211.2,170286624,157226572.8,135610905.6,3633523.12,3072084.21,2324676.32,2556032.31,1991357.76,271225,5-story shear model,pending,,,,,,
Case0419,Struct0210,EI,ground_motion/ei3.txt,0.02,g,1,0.9768,1.2252,1.1754,0.035,0.0413,3.357,5,1.089,1.0792,1.1051,1.0255,1.058,0.9799,1.1217,1.0285,1.028,1.018,191472336,173936822.4,161919252,135230634,124014528,4802293.92,5084935.31,4284401.88,3904467.36,3492310.08,293850,5-story shear model,pending,,,,,,
Case0420,Struct0210,NORTHRIDGE,ground_motion/northbridge.txt,0.02,g,1,0.9768,1.2252,1.1754,0.035,0.0413,3.357,5,1.089,1.0792,1.1051,1.0255,1.058,0.9799,1.1217,1.0285,1.028,1.018,191472336,173936822.4,161919252,135230634,124014528,4802293.92,5084935.31,4284401.88,3904467.36,3492310.08,293850,5-story shear model,pending,,,,,,
Case0421,Struct0211,EI,ground_motion/ei3.txt,0.02,g,1,0.9636,1.1553,1.1697,0.0568,0.0224,3.385,5,1.0102,0.949,1.0712,0.9744,0.9933,0.9125,0.9022,0.8618,1.1385,0.8704,175217169.6,150885306,154831248,126755798.4,114857265.6,4216845,3856553.14,3385167.64,4077458.06,2815604.74,292425,5-story shear model,pending,,,,,,
Case0422,Struct0211,NORTHRIDGE,ground_motion/northbridge.txt,0.02,g,1,0.9636,1.1553,1.1697,0.0568,0.0224,3.385,5,1.0102,0.949,1.0712,0.9744,0.9933,0.9125,0.9022,0.8618,1.1385,0.8704,175217169.6,150885306,154831248,126755798.4,114857265.6,4216845,3856553.14,3385167.64,4077458.06,2815604.74,292425,5-story shear model,pending,,,,,,
Case0423,Struct0212,EI,ground_motion/ei3.txt,0.02,g,1,1.0478,1.1134,0.9147,0.0716,0.0172,3.411,5,0.9381,1.1379,1.1191,0.9473,0.9423,1.1252,0.8887,0.9759,0.9116,0.9907,176929412.4,196728117.3,175888947,133998426.9,118481032.8,5011190.72,3661070.75,3694328,3146423.86,3088527.06,228675,5-story shear model,pending,,,,,,
Case0424,Struct0212,NORTHRIDGE,ground_motion/northbridge.txt,0.02,g,1,1.0478,1.1134,0.9147,0.0716,0.0172,3.411,5,0.9381,1.1379,1.1191,0.9473,0.9423,1.1252,0.8887,0.9759,0.9116,0.9907,176929412.4,196728117.3,175888947,133998426.9,118481032.8,5011190.72,3661070.75,3694328,3146423.86,3088527.06,228675,5-story shear model,pending,,,,,,
Case0425,Struct0213,EI,ground_motion/ei3.txt,0.02,g,1,0.9447,0.919,0.9931,0.0692,0.0384,3.446,5,1.0034,1.0968,0.8527,1.0496,1.0026,1.1465,0.8776,0.9202,1.0127,0.9054,170624156.4,170964248.4,120831853.5,133860211.2,113658746.4,4214534,2984103.28,2875256.92,2885081.03,2329775.28,248275,5-story shear model,pending,,,,,,
Case0426,Struct0213,NORTHRIDGE,ground_motion/northbridge.txt,0.02,g,1,0.9447,0.919,0.9931,0.0692,0.0384,3.446,5,1.0034,1.0968,0.8527,1.0496,1.0026,1.1465,0.8776,0.9202,1.0127,0.9054,170624156.4,170964248.4,120831853.5,133860211.2,113658746.4,4214534,2984103.28,2875256.92,2885081.03,2329775.28,248275,5-story shear model,pending,,,,,,
Case0427,Struct0214,EI,ground_motion/ei3.txt,0.02,g,1,0.9896,0.895,0.9351,0.0262,0.0409,3.02,5,0.8747,1.082,1.0833,1.1197,0.9097,1.0209,1.0281,0.9239,1.0167,0.9763,155808561.6,176673288,160805052,149587441.2,108028694.4,3654822,3404553.15,2811427.7,2820834.15,2446607.8,233775,5-story shear model,pending,,,,,,
Case0428,Struct0214,NORTHRIDGE,ground_motion/northbridge.txt,0.02,g,1,0.9896,0.895,0.9351,0.0262,0.0409,3.02,5,0.8747,1.082,1.0833,1.1197,0.9097,1.0209,1.0281,0.9239,1.0167,0.9763,155808561.6,176673288,160805052,149587441.2,108028694.4,3654822,3404553.15,2811427.7,2820834.15,2446607.8,233775,5-story shear model,pending,,,,,,
Case0429,Struct0215,EI,ground_motion/ei3.txt,0.02,g,1,1.1232,1.1864,1.1846,0.0751,0.0449,3.346,5,1.0727,0.9968,0.8782,1.0101,0.9469,1.0942,1.1137,0.9467,1.1012,1.07,216874195.2,184734950.4,147959136,153163483.2,127626969.6,5192635.52,4888786.62,3818760.59,4050037.41,3554454.4,296150,5-story shear model,pending,,,,,,
Case0430,Struct0215,NORTHRIDGE,ground_motion/northbridge.txt,0.02,g,1,1.1232,1.1864,1.1846,0.0751,0.0449,3.346,5,1.0727,0.9968,0.8782,1.0101,0.9469,1.0942,1.1137,0.9467,1.1012,1.07,216874195.2,184734950.4,147959136,153163483.2,127626969.6,5192635.52,4888786.62,3818760.59,4050037.41,3554454.4,296150,5-story shear model,pending,,,,,,
Case0431,Struct0216,EI,ground_motion/ei3.txt,0.02,g,1,1.0093,0.9062,1.0756,0.0374,0.0121,3.009,5,1.047,1.0198,1.0655,0.9813,0.8588,0.8536,1.0347,0.9167,1.0664,1.0039,190212678,169831883.1,161311372.5,133707522.2,104014420.8,3094129.28,3469287.02,2824426.04,2995752.21,2547255.7,268900,5-story shear model,pending,,,,,,
Case0432,Struct0216,NORTHRIDGE,ground_motion/northbridge.txt,0.02,g,1,1.0093,0.9062,1.0756,0.0374,0.0121,3.009,5,1.047,1.0198,1.0655,0.9813,0.8588,0.8536,1.0347,0.9167,1.0664,1.0039,190212678,169831883.1,161311372.5,133707522.2,104014420.8,3094129.28,3469287.02,2824426.04,2995752.21,2547255.7,268900,5-story shear model,pending,,,,,,
Case0433,Struct0217,EI,ground_motion/ei3.txt,0.02,g,1,0.894,0.8923,0.8041,0.0581,0.0283,3.327,5,0.8551,0.9639,0.884,0.895,0.9961,0.9212,1.0866,0.8979,1.0262,0.9785,137602692,142184889,118544400,108017550,106861608,3287947.04,3587420.77,2724066.98,2838602.61,2444723.54,201025,5-story shear model,pending,,,,,,
Case0434,Struct0217,NORTHRIDGE,ground_motion/northbridge.txt,0.02,g,1,0.894,0.8923,0.8041,0.0581,0.0283,3.327,5,0.8551,0.9639,0.884,0.895,0.9961,0.9212,1.0866,0.8979,1.0262,0.9785,137602692,142184889,118544400,108017550,106861608,3287947.04,3587420.77,2724066.98,2838602.61,2444723.54,201025,5-story shear model,pending,,,,,,
Case0435,Struct0218,EI,ground_motion/ei3.txt,0.02,g,1,0.8863,1.1588,1.0635,0.0203,0.0398,3.6,5,1.0307,0.8512,0.8568,1.0346,0.8981,1.1211,0.9596,0.9412,0.8814,0.8966,164431693.8,124479062.4,113907276,123790407.3,95518323.6,5196522.72,4114342.58,3708252.7,3166235.59,2909144.22,265875,5-story shear model,pending,,,,,,
Case0436,Struct0218,NORTHRIDGE,ground_motion/northbridge.txt,0.02,g,1,0.8863,1.1588,1.0635,0.0203,0.0398,3.6,5,1.0307,0.8512,0.8568,1.0346,0.8981,1.1211,0.9596,0.9412,0.8814,0.8966,164431693.8,124479062.4,113907276,123790407.3,95518323.6,5196522.72,4114342.58,3708252.7,3166235.59,2909144.22,265875,5-story shear model,pending,,,,,,
Case0437,Struct0219,EI,ground_motion/ei3.txt,0.02,g,1,0.7734,0.9787,1.1454,0.0729,0.0296,3.293,5,1.0318,0.9977,0.9826,1.0554,0.8521,0.9146,0.9969,1.0925,1.0134,0.9449,143638941.6,127317494.7,113991426,110193258.6,79081696.8,3580476.08,3609964.31,3635381.15,3074625.2,2589366.16,286350,5-story shear model,pending,,,,,,
Case0438,Struct0219,NORTHRIDGE,ground_motion/northbridge.txt,0.02,g,1,0.7734,0.9787,1.1454,0.0729,0.0296,3.293,5,1.0318,0.9977,0.9826,1.0554,0.8521,0.9146,0.9969,1.0925,1.0134,0.9449,143638941.6,127317494.7,113991426,110193258.6,79081696.8,3580476.08,3609964.31,3635381.15,3074625.2,2589366.16,286350,5-story shear model,pending,,,,,,
Case0439,Struct0220,EI,ground_motion/ei3.txt,0.02,g,1,0.9427,1.2164,0.9762,0.061,0.0484,3.228,5,0.8942,1.0188,0.8524,1.015,1.1292,0.9927,0.8804,1.026,1.0155,0.9407,151733221.2,158469755.4,120533622,129173467.5,127739620.8,4830081.12,3962398.67,4243289.76,3829288.02,3203948.94,244050,5-story shear model,pending,,,,,,
Case0440,Struct0220,NORTHRIDGE,ground_motion/northbridge.txt,0.02,g,1,0.9427,1.2164,0.9762,0.061,0.0484,3.228,5,0.8942,1.0188,0.8524,1.015,1.1292,0.9927,0.8804,1.026,1.0155,0.9407,151733221.2,158469755.4,120533622,129173467.5,127739620.8,4830081.12,3962398.67,4243289.76,3829288.02,3203948.94,244050,5-story shear model,pending,,,,,,
Case0441,Struct0221,EI,ground_motion/ei3.txt,0.02,g,1,1.1177,1.1126,0.9232,0.0638,0.0403,3.173,5,1.1157,0.9145,1.0223,0.894,1.0732,1.0159,1.0985,1.0754,0.8645,1.0843,224463220.2,168652547.3,171393706.5,134895213,143941876.8,4521161.36,4522107.07,4068066.14,2981712.37,3377898.1,230800,5-story shear model,pending,,,,,,
Case0442,Struct0221,NORTHRIDGE,ground_motion/northbridge.txt,0.02,g,1,1.1177,1.1126,0.9232,0.0638,0.0403,3.173,5,1.1157,0.9145,1.0223,0.894,1.0732,1.0159,1.0985,1.0754,0.8645,1.0843,224463220.2,168652547.3,171393706.5,134895213,143941876.8,4521161.36,4522107.07,4068066.14,2981712.37,3377898.1,230800,5-story shear model,pending,,,,,,
Case0443,Struct0222,EI,ground_motion/ei3.txt,0.02,g,1,0.7756,0.793,1.1622,0.0527,0.0271,3.317,5,0.883,1.1044,0.8577,1.011,0.9526,0.9632,0.9174,1.0528,1.1042,0.9637,123273864,141334485.6,99784818,105857766,88660387.2,3055270.4,2691743.34,2838559.36,2714454.86,2139799.48,290550,5-story shear model,pending,,,,,,
Case0444,Struct0222,NORTHRIDGE,ground_motion/northbridge.txt,0.02,g,1,0.7756,0.793,1.1622,0.0527,0.0271,3.317,5,0.883,1.1044,0.8577,1.011,0.9526,0.9632,0.9174,1.0528,1.1042,0.9637,123273864,141334485.6,99784818,105857766,88660387.2,3055270.4,2691743.34,2838559.36,2714454.86,2139799.48,290550,5-story shear model,pending,,,,,,
Case0445,Struct0223,EI,ground_motion/ei3.txt,0.02,g,1,0.9777,1.2409,0.9264,0.0677,0.0388,3.018,5,1.1237,1.058,0.9584,0.9033,1.0857,0.854,1.1364,0.9549,0.8847,0.9292,197755468.2,170677089,140554152,119226115.4,127378666.8,4238914.4,5217587.41,4028780.39,3403255.11,3228523.98,231600,5-story shear model,pending,,,,,,
Case0446,Struct0223,NORTHRIDGE,ground_motion/northbridge.txt,0.02,g,1,0.9777,1.2409,0.9264,0.0677,0.0388,3.018,5,1.1237,1.058,0.9584,0.9033,1.0857,0.854,1.1364,0.9549,0.8847,0.9292,197755468.2,170677089,140554152,119226115.4,127378666.8,4238914.4,5217587.41,4028780.39,3403255.11,3228523.98,231600,5-story shear model,pending,,,,,,
Case0447,Struct0224,EI,ground_motion/ei3.txt,0.02,g,1,1.1539,0.9873,1.048,0.0681,0.0407,3.421,5,0.9319,0.9362,0.8863,0.885,1.0783,0.8576,0.9126,1.0807,1.1415,1.1356,193557493.8,178246394.7,153405235.5,137862202.5,149310044.4,3386833.92,3333736.93,3627715.37,3493709.15,3139298.06,262000,5-story shear model,pending,,,,,,
Case0448,Struct0224,NORTHRIDGE,ground_motion/northbridge.txt,0.02,g,1,1.1539,0.9873,1.048,0.0681,0.0407,3.421,5,0.9319,0.9362,0.8863,0.885,1.0783,0.8576,0.9126,1.0807,1.1415,1.1356,193557493.8,178246394.7,153405235.5,137862202.5,149310044.4,3386833.92,3333736.93,3627715.37,3493709.15,3139298.06,262000,5-story shear model,pending,,,,,,
Case0449,Struct0225,EI,ground_motion/ei3.txt,0.02,g,1,0.7893,1.2225,0.8756,0.0472,0.0161,3.507,5,0.9124,1.0068,0.8724,0.991,0.9816,1.0912,1.1258,0.931,1.1072,0.9281,129628317.6,131120094.6,103287798,105596500.5,92973225.6,5335968,5092274.85,3869701.5,4196011.2,3176886.3,218900,5-story shear model,pending,,,,,,
Case0450,Struct0225,NORTHRIDGE,ground_motion/northbridge.txt,0.02,g,1,0.7893,1.2225,0.8756,0.0472,0.0161,3.507,5,0.9124,1.0068,0.8724,0.991,0.9816,1.0912,1.1258,0.931,1.1072,0.9281,129628317.6,131120094.6,103287798,105596500.5,92973225.6,5335968,5092274.85,3869701.5,4196011.2,3176886.3,218900,5-story shear model,pending,,,,,,
Case0451,Struct0226,EI,ground_motion/ei3.txt,0.02,g,1,0.8762,1.1071,1.0602,0.0475,0.0433,3.47,5,1.0372,0.9385,0.8938,1.0166,0.89,1.1459,1.1453,1.0031,1.0484,1.0266,163583035.2,135681760.5,117472134,120250564.2,93578160,5074503.56,4691458.03,3775808.83,3598119.28,3182336.81,265050,5-story shear model,pending,,,,,,
Case0452,Struct0226,NORTHRIDGE,ground_motion/northbridge.txt,0.02,g,1,0.8762,1.1071,1.0602,0.0475,0.0433,3.47,5,1.0372,0.9385,0.8938,1.0166,0.89,1.1459,1.1453,1.0031,1.0484,1.0266,163583035.2,135681760.5,117472134,120250564.2,93578160,5074503.56,4691458.03,3775808.83,3598119.28,3182336.81,265050,5-story shear model,pending,,,,,,
Case0453,Struct0227,EI,ground_motion/ei3.txt,0.02,g,1,1.1634,1.0502,1.193,0.0591,0.0358,3.277,5,1.0698,1.0924,1.091,1.0232,1.0722,1.0511,0.9875,0.942,0.9461,1.1366,224028957.6,209698196.4,190390410,160702768.8,149687697.6,4415460.88,3837168.25,3363580.56,3080142.08,3342240.5,298250,5-story shear model,pending,,,,,,
Case0454,Struct0227,NORTHRIDGE,ground_motion/northbridge.txt,0.02,g,1,1.1634,1.0502,1.193,0.0591,0.0358,3.277,5,1.0698,1.0924,1.091,1.0232,1.0722,1.0511,0.9875,0.942,0.9461,1.1366,224028957.6,209698196.4,190390410,160702768.8,149687697.6,4415460.88,3837168.25,3363580.56,3080142.08,3342240.5,298250,5-story shear model,pending,,,,,,
Case0455,Struct0228,EI,ground_motion/ei3.txt,0.02,g,1,0.8005,0.8749,0.9936,0.0366,0.0479,3.385,5,1.0331,1.0982,0.8945,0.8868,1.0876,1.0254,0.929,1.053,0.8707,1.0422,148859379,145053001.5,107407087.5,95834259,104474856,3588489.84,3007293.77,3132316.98,2361503.83,2553098.18,248400,5-story shear model,pending,,,,,,
Case0456,Struct0228,NORTHRIDGE,ground_motion/northbridge.txt,0.02,g,1,0.8005,0.8749,0.9936,0.0366,0.0479,3.385,5,1.0331,1.0982,0.8945,0.8868,1.0876,1.0254,0.929,1.053,0.8707,1.0422,148859379,145053001.5,107407087.5,95834259,104474856,3588489.84,3007293.77,3132316.98,2361503.83,2553098.18,248400,5-story shear model,pending,,,,,,
Case0457,Struct0229,EI,ground_motion/ei3.txt,0.02,g,1,0.8389,1.0358,1.1763,0.0563,0.0179,3.484,5,0.9986,1.057,1.0871,1.0841,0.8688,1.0987,1.1015,0.9681,0.8826,0.9765,150790597.2,146308354.5,136795228.5,122775951.2,87460358.4,4552133.84,4221454.69,3409377.13,2834010.95,2832084.36,294075,5-story shear model,pending,,,,,,
Case0458,Struct0229,NORTHRIDGE,ground_motion/northbridge.txt,0.02,g,1,0.8389,1.0358,1.1763,0.0563,0.0179,3.484,5,0.9986,1.057,1.0871,1.0841,0.8688,1.0987,1.1015,0.9681,0.8826,0.9765,150790597.2,146308354.5,136795228.5,122775951.2,87460358.4,4552133.84,4221454.69,3409377.13,2834010.95,2832084.36,294075,5-story shear model,pending,,,,,,
Case0459,Struct0230,EI,ground_motion/ei3.txt,0.02,g,1,0.9442,0.9072,0.9187,0.0362,0.0342,3.286,5,0.8631,0.8749,1.0718,1.0274,1.1381,0.8744,1.1373,1.078,0.8647,0.9315,146689023.6,136303295.7,151799034,130959595.8,128951282.4,3173022.72,3817506.67,3325069.44,2431813.1,2366159.04,229675,5-story shear model,pending,,,,,,
Case0460,Struct0230,NORTHRIDGE,ground_motion/northbridge.txt,0.02,g,1,0.9442,0.9072,0.9187,0.0362,0.0342,3.286,5,0.8631,0.8749,1.0718,1.0274,1.1381,0.8744,1.1373,1.078,0.8647,0.9315,146689023.6,136303295.7,151799034,130959595.8,128951282.4,3173022.72,3817506.67,3325069.44,2431813.1,2366159.04,229675,5-story shear model,pending,,,,,,
Case0461,Struct0231,EI,ground_motion/ei3.txt,0.02,g,1,0.9454,1.2092,0.9999,0.0235,0.0322,3.345,5,0.9842,0.9489,1.0119,1.1447,0.9497,0.9523,0.9793,1.1179,1.1123,0.9582,167483282.4,148019859.9,143497539,146096916.3,107741565.6,4606084.64,4381427.37,4595999.91,4169478.8,3244235.23,249975,5-story shear model,pending,,,,,,
Case0462,Struct0231,NORTHRIDGE,ground_motion/northbridge.txt,0.02,g,1,0.9454,1.2092,0.9999,0.0235,0.0322,3.345,5,0.9842,0.9489,1.0119,1.1447,0.9497,0.9523,0.9793,1.1179,1.1123,0.9582,167483282.4,148019859.9,143497539,146096916.3,107741565.6,4606084.64,4381427.37,4595999.91,4169478.8,3244235.23,249975,5-story shear model,pending,,,,,,
Case0463,Struct0232,EI,ground_motion/ei3.txt,0.02,g,1,1.0697,1.2262,0.8112,0.0336,0.0317,3.554,5,1.109,1.0058,0.9788,1.0897,0.9009,0.9624,0.8501,0.9112,0.9394,0.8967,213533514,177524202.9,157053354,157363032.2,115643127.6,4720379.52,3856852.69,3798865.7,3570866.07,3078693.91,202800,5-story shear model,pending,,,,,,
Case0464,Struct0232,NORTHRIDGE,ground_motion/northbridge.txt,0.02,g,1,1.0697,1.2262,0.8112,0.0336,0.0317,3.554,5,1.109,1.0058,0.9788,1.0897,0.9009,0.9624,0.8501,0.9112,0.9394,0.8967,213533514,177524202.9,157053354,157363032.2,115643127.6,4720379.52,3856852.69,3798865.7,3570866.07,3078693.91,202800,5-story shear model,pending,,,,,,
Case0465,Struct0233,EI,ground_motion/ei3.txt,0.02,g,1,0.9377,1.0839,0.8763,0.0676,0.0392,3.123,5,0.9631,1.0549,1.0232,1.0321,1.1477,0.9201,0.8763,0.9487,0.8552,0.8606,162557796.6,163214655.5,143918196,130653023,129143794.8,3989185.56,3514339.81,3496206.16,2873548.97,2611852.15,219075,5-story shear model,pending,,,,,,
Case0466,Struct0233,NORTHRIDGE,ground_motion/northbridge.txt,0.02,g,1,0.9377,1.0839,0.8763,0.0676,0.0392,3.123,5,0.9631,1.0549,1.0232,1.0321,1.1477,0.9201,0.8763,0.9487,0.8552,0.8606,162557796.6,163214655.5,143918196,130653023,129143794.8,3989185.56,3514339.81,3496206.16,2873548.97,2611852.15,219075,5-story shear model,pending,,,,,,
Case0467,Struct0234,EI,ground_motion/ei3.txt,0.02,g,1,0.8923,0.9728,1.0883,0.0552,0.0249,3.553,5,1.0869,1.0882,1.0979,0.903,1.0003,1.0923,1.1389,0.8837,1.0813,1.1319,174571356.6,160215141.9,146948425.5,108775831.5,107108122.8,4250357.76,4099311.1,2922855.42,3260854.78,3083114.5,272075,5-story shear model,pending,,,,,,
Case0468,Struct0234,NORTHRIDGE,ground_motion/northbridge.txt,0.02,g,1,0.8923,0.9728,1.0883,0.0552,0.0249,3.553,5,1.0869,1.0882,1.0979,0.903,1.0003,1.0923,1.1389,0.8837,1.0813,1.1319,174571356.6,160215141.9,146948425.5,108775831.5,107108122.8,4250357.76,4099311.1,2922855.42,3260854.78,3083114.5,272075,5-story shear model,pending,,,,,,
Case0469,Struct0235,EI,ground_motion/ei3.txt,0.02,g,1,0.8082,0.8653,1.1477,0.0219,0.0232,3.105,5,1.1178,1.0819,0.885,0.9836,1.025,0.8972,0.8625,1.0738,0.9235,0.9771,162613072.8,144274610.7,107288550,107317645.2,99408600,3105388.64,2761388.62,3159141.08,2477224.1,2367356.96,286925,5-story shear model,pending,,,,,,
Case0470,Struct0235,NORTHRIDGE,ground_motion/northbridge.txt,0.02,g,1,0.8082,0.8653,1.1477,0.0219,0.0232,3.105,5,1.1178,1.0819,0.885,0.9836,1.025,0.8972,0.8625,1.0738,0.9235,0.9771,162613072.8,144274610.7,107288550,107317645.2,99408600,3105388.64,2761388.62,3159141.08,2477224.1,2367356.96,286925,5-story shear model,pending,,,,,,
Case0471,Struct0236,EI,ground_motion/ei3.txt,0.02,g,1,1.1301,0.7908,0.9184,0.0558,0.0459,3.143,5,1.1157,0.854,0.982,0.8669,0.9519,0.9043,0.9168,0.9157,0.893,1.1234,226953462.6,159242391,166463730,132257298.2,129089062.8,2860481.76,2682520.13,2462060.9,2189171.64,2487477.22,229600,5-story shear model,pending,,,,,,
Case0472,Struct0236,NORTHRIDGE,ground_motion/northbridge.txt,0.02,g,1,1.1301,0.7908,0.9184,0.0558,0.0459,3.143,5,1.1157,0.854,0.982,0.8669,0.9519,0.9043,0.9168,0.9157,0.893,1.1234,226953462.6,159242391,166463730,132257298.2,129089062.8,2860481.76,2682520.13,2462060.9,2189171.64,2487477.22,229600,5-story shear model,pending,,,,,,
Case0473,Struct0237,EI,ground_motion/ei3.txt,0.02,g,1,1.1364,1.0501,0.8633,0.0657,0.0414,3.108,5,0.929,0.9691,0.9848,1.1465,1.0581,1.0694,0.9121,1.0197,1.0878,1.0651,190028808,181712064.6,167869008,175889151,144290980.8,4491907.76,3543845.98,3640675.7,3541126.22,3131692.23,215825,5-story shear model,pending,,,,,,
Case0474,Struct0237,NORTHRIDGE,ground_motion/northbridge.txt,0.02,g,1,1.1364,1.0501,0.8633,0.0657,0.0414,3.108,5,0.929,0.9691,0.9848,1.1465,1.0581,1.0694,0.9121,1.0197,1.0878,1.0651,190028808,181712064.6,167869008,175889151,144290980.8,4491907.76,3543845.98,3640675.7,3541126.22,3131692.23,215825,5-story shear model,pending,,,,,,
Case0475,Struct0238,EI,ground_motion/ei3.txt,0.02,g,1,1.2149,0.8563,1.1772,0.0294,0.0117,3.054,5,0.9028,1.1167,1.0754,1.1424,0.969,1.1007,1.1385,1.0272,0.9007,1.1249,197426109.6,223852007,195975519,187366737.6,141268572,3770117.64,3607120.94,2990610.62,2390935.17,2697105.24,294300,5-story shear model,pending,,,,,,
Case0476,Struct0238,NORTHRIDGE,ground_motion/northbridge.txt,0.02,g,1,1.2149,0.8563,1.1772,0.0294,0.0117,3.054,5,0.9028,1.1167,1.0754,1.1424,0.969,1.1007,1.1385,1.0272,0.9007,1.1249,197426109.6,223852007,195975519,187366737.6,141268572,3770117.64,3607120.94,2990610.62,2390935.17,2697105.24,294300,5-story shear model,pending,,,,,,
Case0477,Struct0239,EI,ground_motion/ei3.txt,0.02,g,1,0.8235,0.8221,0.8575,0.0642,0.0478,3.12,5,0.9551,1.0982,0.9568,0.8928,0.9466,1.0875,0.8603,0.9984,0.9603,0.8713,141574473,149220670.5,118188720,99254808,93543012,3576135,2616834.73,2790667.78,2447334.15,2005628.04,214375,5-story shear model,pending,,,,,,
Case0478,Struct0239,NORTHRIDGE,ground_motion/northbridge.txt,0.02,g,1,0.8235,0.8221,0.8575,0.0642,0.0478,3.12,5,0.9551,1.0982,0.9568,0.8928,0.9466,1.0875,0.8603,0.9984,0.9603,0.8713,141574473,149220670.5,118188720,99254808,93543012,3576135,2616834.73,2790667.78,2447334.15,2005628.04,214375,5-story shear model,pending,,,,,,
Case0479,Struct0240,EI,ground_motion/ei3.txt,0.02,g,1,0.9514,0.7818,0.904,0.0551,0.0378,3.568,5,0.9136,0.9615,0.8682,0.9217,0.8651,1.1293,0.9717,0.9431,0.9502,1.0694,156455827.2,150937231.5,123900822,118382226.3,98766736.8,3531546.96,2810797.72,2506872.97,2302885.72,2340959.38,226000,5-story shear model,pending,,,,,,
Case0480,Struct0240,NORTHRIDGE,ground_motion/northbridge.txt,0.02,g,1,0.9514,0.7818,0.904,0.0551,0.0378,3.568,5,0.9136,0.9615,0.8682,0.9217,0.8651,1.1293,0.9717,0.9431,0.9502,1.0694,156455827.2,150937231.5,123900822,118382226.3,98766736.8,3531546.96,2810797.72,2506872.97,2302885.72,2340959.38,226000,5-story shear model,pending,,,,,,
Case0481,Struct0241,EI,ground_motion/ei3.txt,0.02,g,1,0.9224,0.7647,1.1885,0.0642,0.0128,3.368,5,0.9378,1.1168,1.0979,1.0277,0.8924,1.0367,1.0175,1.0832,0.9633,0.8531,155704809.6,169972492.8,151905444,127973314.8,98777971.2,3171057.96,2878904.33,2816298.34,2283570.08,1826623.6,297125,5-story shear model,pending,,,,,,
Case0482,Struct0241,NORTHRIDGE,ground_motion/northbridge.txt,0.02,g,1,0.9224,0.7647,1.1885,0.0642,0.0128,3.368,5,0.9378,1.1168,1.0979,1.0277,0.8924,1.0367,1.0175,1.0832,0.9633,0.8531,155704809.6,169972492.8,151905444,127973314.8,98777971.2,3171057.96,2878904.33,2816298.34,2283570.08,1826623.6,297125,5-story shear model,pending,,,,,,
Case0483,Struct0242,EI,ground_motion/ei3.txt,0.02,g,1,1.2149,1.2193,1.1774,0.0392,0.0474,3.031,5,0.8694,1.0039,1.1293,0.9966,1.0957,1.0268,0.9929,0.9959,0.9525,1.0095,190122130.8,201240288.2,205797985.5,163453860.9,159739911.6,5007908.96,4479378.99,4128622.96,3600288.08,3446473.38,294350,5-story shear model,pending,,,,,,
Case0484,Struct0242,NORTHRIDGE,ground_motion/northbridge.txt,0.02,g,1,1.2149,1.2193,1.1774,0.0392,0.0474,3.031,5,0.8694,1.0039,1.1293,0.9966,1.0957,1.0268,0.9929,0.9959,0.9525,1.0095,190122130.8,201240288.2,205797985.5,163453860.9,159739911.6,5007908.96,4479378.99,4128622.96,3600288.08,3446473.38,294350,5-story shear model,pending,,,,,,
Case0485,Struct0243,EI,ground_motion/ei3.txt,0.02,g,1,0.7653,0.9435,1.0937,0.0749,0.0416,3.038,5,1.0342,1.0349,1.0081,0.9808,0.8829,0.9312,0.9638,1.0237,1.091,1.0807,142465186.8,130681480.1,115724839.5,101331842.4,81082004.4,3514348.8,3364577.61,3283927.23,3191011.35,2854993.26,273425,5-story shear model,pending,,,,,,
Case0486,Struct0243,NORTHRIDGE,ground_motion/northbridge.txt,0.02,g,1,0.7653,0.9435,1.0937,0.0749,0.0416,3.038,5,1.0342,1.0349,1.0081,0.9808,0.8829,0.9312,0.9638,1.0237,1.091,1.0807,142465186.8,130681480.1,115724839.5,101331842.4,81082004.4,3514348.8,3364577.61,3283927.23,3191011.35,2854993.26,273425,5-story shear model,pending,,,,,,
Case0487,Struct0244,EI,ground_motion/ei3.txt,0.02,g,1,0.8273,1.07,1.1951,0.0764,0.0245,3.452,5,0.8685,1.1457,0.8668,1.0181,0.9961,1.0765,0.9905,1.0577,1.1254,1.0827,129331809,156393205.7,107565546,113707007.6,98888823.6,4607420,3921389.5,3847912.6,3732951.8,3243769.2,298775,5-story shear model,pending,,,,,,
Case0488,Struct0244,NORTHRIDGE,ground_motion/northbridge.txt,0.02,g,1,0.8273,1.07,1.1951,0.0764,0.0245,3.452,5,0.8685,1.1457,0.8668,1.0181,0.9961,1.0765,0.9905,1.0577,1.1254,1.0827,129331809,156393205.7,107565546,113707007.6,98888823.6,4607420,3921389.5,3847912.6,3732951.8,3243769.2,298775,5-story shear model,pending,,,,,,
Case0489,Struct0245,EI,ground_motion/ei3.txt,0.02,g,1,1.0068,0.9978,1.1011,0.0417,0.0358,3.218,5,0.887,1.0784,0.8737,1.1118,1.0802,0.9743,0.9746,1.1396,1.1476,1.0251,160745688,179145964.8,131946174,151113632.4,130505443.2,3888626.16,3598086.76,3866115.79,3549733.37,2863965.38,275275,5-story shear model,pending,,,,,,
Case0490,Struct0245,NORTHRIDGE,ground_motion/northbridge.txt,0.02,g,1,1.0068,0.9978,1.1011,0.0417,0.0358,3.218,5,0.887,1.0784,0.8737,1.1118,1.0802,0.9743,0.9746,1.1396,1.1476,1.0251,160745688,179145964.8,131946174,151113632.4,130505443.2,3888626.16,3598086.76,3866115.79,3549733.37,2863965.38,275275,5-story shear model,pending,,,,,,
Case0491,Struct0246,EI,ground_motion/ei3.txt,0.02,g,1,1.0853,1.1654,0.8329,0.0469,0.0325,3.285,5,1.0928,0.9076,0.9932,1.1054,0.8658,1.1001,1.026,0.9165,1.1065,1.1218,213482851.2,162528016.2,161687994,161958233.7,112758328.8,5128226.16,4424091.48,3631502.94,3997496.81,3660568.02,208225,5-story shear model,pending,,,,,,
Case0492,Struct0246,NORTHRIDGE,ground_motion/northbridge.txt,0.02,g,1,1.0853,1.1654,0.8329,0.0469,0.0325,3.285,5,1.0928,0.9076,0.9932,1.1054,0.8658,1.1001,1.026,0.9165,1.1065,1.1218,213482851.2,162528016.2,161687994,161958233.7,112758328.8,5128226.16,4424091.48,3631502.94,3997496.81,3660568.02,208225,5-story shear model,pending,,,,,,
Case0493,Struct0247,EI,ground_motion/ei3.txt,0.02,g,1,0.868,0.8703,1.1513,0.038,0.0125,3.56,5,0.8995,1.0986,1.074,1.0556,1.075,0.8557,1.1414,0.8606,1.0513,0.9948,140537880,157341492,139834800,123695208,111972000,2978862.84,3675433.55,2546532.61,2836333.81,2424168.43,287825,5-story shear model,pending,,,,,,
Case0494,Struct0247,NORTHRIDGE,ground_motion/northbridge.txt,0.02,g,1,0.868,0.8703,1.1513,0.038,0.0125,3.56,5,0.8995,1.0986,1.074,1.0556,1.075,0.8557,1.1414,0.8606,1.0513,0.9948,140537880,157341492,139834800,123695208,111972000,2978862.84,3675433.55,2546532.61,2836333.81,2424168.43,287825,5-story shear model,pending,,,,,,
Case0495,Struct0248,EI,ground_motion/ei3.txt,0.02,g,1,0.8437,1.2192,1.0929,0.0248,0.0251,3.065,5,0.9946,0.9449,0.9021,0.8513,1.0411,0.8716,1.0452,0.9545,1.0309,1.0671,151045923.6,131540001.5,114165265.5,96962644.35,105405128.4,4250618.88,4714939.01,3956669.76,3896307.17,3642823.3,273225,5-story shear model,pending,,,,,,
Case0496,Struct0248,NORTHRIDGE,ground_motion/northbridge.txt,0.02,g,1,0.8437,1.2192,1.0929,0.0248,0.0251,3.065,5,0.9946,0.9449,0.9021,0.8513,1.0411,0.8716,1.0452,0.9545,1.0309,1.0671,151045923.6,131540001.5,114165265.5,96962644.35,105405128.4,4250618.88,4714939.01,3956669.76,3896307.17,3642823.3,273225,5-story shear model,pending,,,,,,
Case0497,Struct0249,EI,ground_motion/ei3.txt,0.02,g,1,0.8923,1.0132,1.0961,0.0652,0.032,3.119,5,1.15,0.9246,1.1172,0.9303,0.9701,1.0814,0.9888,1.0515,0.9806,1.0303,184706100,136128395.7,149531634,112064403.2,103874427.6,4382697.92,3706852.99,3622291.32,3079986.15,2922919.89,274025,5-story shear model,pending,,,,,,
Case0498,Struct0249,NORTHRIDGE,ground_motion/northbridge.txt,0.02,g,1,0.8923,1.0132,1.0961,0.0652,0.032,3.119,5,1.15,0.9246,1.1172,0.9303,0.9701,1.0814,0.9888,1.0515,0.9806,1.0303,184706100,136128395.7,149531634,112064403.2,103874427.6,4382697.92,3706852.99,3622291.32,3079986.15,2922919.89,274025,5-story shear model,pending,,,,,,
Case0499,Struct0250,EI,ground_motion/ei3.txt,0.02,g,1,1.1127,1.016,1.0565,0.0764,0.0239,3.493,5,1.0946,0.9243,0.8938,0.9164,1.0796,1.0486,1.0548,0.9706,0.8703,0.9051,219233055.6,169697320.7,149179689,137656567.8,144152510.4,4261510.4,3965204.16,3352840.64,2741096.88,2574828.48,264125,5-story shear model,pending,,,,,,
Case0500,Struct0250,NORTHRIDGE,ground_motion/northbridge.txt,0.02,g,1,1.1127,1.016,1.0565,0.0764,0.0239,3.493,5,1.0946,0.9243,0.8938,0.9164,1.0796,1.0486,1.0548,0.9706,0.8703,0.9051,219233055.6,169697320.7,149179689,137656567.8,144152510.4,4261510.4,3965204.16,3352840.64,2741096.88,2574828.48,264125,5-story shear model,pending,,,,,,
Case0501,Struct0251,EI,ground_motion/ei3.txt,0.02,g,1,0.8236,0.9965,1.081,0.0376,0.0492,3.332,5,1.1045,0.9231,1.0504,0.9026,1.001,1.062,1.0553,0.8691,0.8856,0.9908,163739916,125443751.4,129766416,100356483.6,98930832,4233132,3890943.86,2944597.71,2735751.24,2764530.16,270250,5-story shear model,pending,,,,,,
Case0502,Struct0251,NORTHRIDGE,ground_motion/northbridge.txt,0.02,g,1,0.8236,0.9965,1.081,0.0376,0.0492,3.332,5,1.1045,0.9231,1.0504,0.9026,1.001,1.062,1.0553,0.8691,0.8856,0.9908,163739916,125443751.4,129766416,100356483.6,98930832,4233132,3890943.86,2944597.71,2735751.24,2764530.16,270250,5-story shear model,pending,,,,,,
Case0503,Struct0252,EI,ground_motion/ei3.txt,0.02,g,1,0.8941,0.9415,0.883,0.0705,0.0316,3.318,5,0.9641,1.1344,0.9411,0.9923,0.9246,0.8609,0.934,0.869,0.9209,0.9396,155160325.8,167354061.6,126215626.5,119774083.1,99202183.2,3242149.4,3253635.7,2781755.9,2687784.79,2476973.52,220750,5-story shear model,pending,,,,,,
Case0504,Struct0252,NORTHRIDGE,ground_motion/northbridge.txt,0.02,g,1,0.8941,0.9415,0.883,0.0705,0.0316,3.318,5,0.9641,1.1344,0.9411,0.9923,0.9246,0.8609,0.934,0.869,0.9209,0.9396,155160325.8,167354061.6,126215626.5,119774083.1,99202183.2,3242149.4,3253635.7,2781755.9,2687784.79,2476973.52,220750,5-story shear model,pending,,,,,,
Case0505,Struct0253,EI,ground_motion/ei3.txt,0.02,g,1,0.9719,1.2412,0.8927,0.0552,0.0215,3.037,5,1.0525,0.9879,1.0934,0.9713,0.8758,1.0888,1.0109,1.1179,0.9774,0.926,184126455,158423101.7,159401319,127440873.5,102142802.4,5405674.24,4642497.6,4717627.43,3760761.53,3218183.36,223175,5-story shear model,pending,,,,,,
Case0506,Struct0253,NORTHRIDGE,ground_motion/northbridge.txt,0.02,g,1,0.9719,1.2412,0.8927,0.0552,0.0215,3.037,5,1.0525,0.9879,1.0934,0.9713,0.8758,1.0888,1.0109,1.1179,0.9774,0.926,184126455,158423101.7,159401319,127440873.5,102142802.4,5405674.24,4642497.6,4717627.43,3760761.53,3218183.36,223175,5-story shear model,pending,,,,,,
Case0507,Struct0254,EI,ground_motion/ei3.txt,0.02,g,1,1.132,1.0529,0.9513,0.0719,0.0375,3.099,5,0.9268,1.0068,1.1369,0.8513,0.8813,0.9595,1.0399,1.0238,0.8923,1.0608,188844768,188050104,193045620,130095666,119715792,4041030.2,4051169.63,3665060.67,2912458.28,3127365.7,237825,5-story shear model,pending,,,,,,
Case0508,Struct0254,NORTHRIDGE,ground_motion/northbridge.txt,0.02,g,1,1.132,1.0529,0.9513,0.0719,0.0375,3.099,5,0.9268,1.0068,1.1369,0.8513,0.8813,0.9595,1.0399,1.0238,0.8923,1.0608,188844768,188050104,193045620,130095666,119715792,4041030.2,4051169.63,3665060.67,2912458.28,3127365.7,237825,5-story shear model,pending,,,,,,
Case0509,Struct0255,EI,ground_motion/ei3.txt,0.02,g,1,1.158,0.8417,0.9432,0.0515,0.0181,3.53,5,0.9602,1.0762,0.993,0.984,0.8749,0.9046,0.9999,1.0918,1.0146,0.8627,200144088,205629534,172484100,153828720,121576104,3045607.28,3113978.57,3124491.4,2647365.34,2033176.85,235800,5-story shear model,pending,,,,,,
Case0510,Struct0255,NORTHRIDGE,ground_motion/northbridge.txt,0.02,g,1,1.158,0.8417,0.9432,0.0515,0.0181,3.53,5,0.9602,1.0762,0.993,0.984,0.8749,0.9046,0.9999,1.0918,1.0146,0.8627,200144088,205629534,172484100,153828720,121576104,3045607.28,3113978.57,3124491.4,2647365.34,2033176.85,235800,5-story shear model,pending,,,,,,
Case0511,Struct0256,EI,ground_motion/ei3.txt,0.02,g,1,1.1904,1.0497,1.0685,0.078,0.0192,3.165,5,0.9191,1.0082,1.0085,0.8947,1.0533,1.0358,1.1455,0.9504,0.9944,1.0609,196937395.2,198026611.2,180077760,143781868.8,150461798.4,4349117.04,4448996,3391958.59,3235847.21,3118154.84,267125,5-story shear model,pending,,,,,,
Case0512,Struct0256,NORTHRIDGE,ground_motion/northbridge.txt,0.02,g,1,1.1904,1.0497,1.0685,0.078,0.0192,3.165,5,0.9191,1.0082,1.0085,0.8947,1.0533,1.0358,1.1455,0.9504,0.9944,1.0609,196937395.2,198026611.2,180077760,143781868.8,150461798.4,4349117.04,4448996,3391958.59,3235847.21,3118154.84,267125,5-story shear model,pending,,,,,,
Case0513,Struct0257,EI,ground_motion/ei3.txt,0.02,g,1,0.8582,0.9435,1.1274,0.0774,0.0477,3.317,5,0.9019,1.0169,0.9335,0.862,0.9236,1.1216,1.0383,1.0777,0.9636,0.9265,139321904.4,143996090.7,120169455,99868734,95116022.4,4232918.4,3624653.38,3457153.83,2818385.46,2447627.7,281850,5-story shear model,pending,,,,,,
Case0514,Struct0257,NORTHRIDGE,ground_motion/northbridge.txt,0.02,g,1,0.8582,0.9435,1.1274,0.0774,0.0477,3.317,5,0.9019,1.0169,0.9335,0.862,0.9236,1.1216,1.0383,1.0777,0.9636,0.9265,139321904.4,143996090.7,120169455,99868734,95116022.4,4232918.4,3624653.38,3457153.83,2818385.46,2447627.7,281850,5-story shear model,pending,,,,,,
Case0515,Struct0258,EI,ground_motion/ei3.txt,0.02,g,1,0.9533,1.03,0.9675,0.0548,0.0172,3.125,5,1.0348,0.9588,0.8662,1.0876,0.945,0.8573,0.901,1.0182,1.1038,0.9146,177565471.2,150813966.6,123862269,139969225.8,108104220,3532076,3433711,3565736.4,3524433.4,2637706.4,241875,5-story shear model,pending,,,,,,
Case0516,Struct0258,NORTHRIDGE,ground_motion/northbridge.txt,0.02,g,1,0.9533,1.03,0.9675,0.0548,0.0172,3.125,5,1.0348,0.9588,0.8662,1.0876,0.945,0.8573,0.901,1.0182,1.1038,0.9146,177565471.2,150813966.6,123862269,139969225.8,108104220,3532076,3433711,3565736.4,3524433.4,2637706.4,241875,5-story shear model,pending,,,,,,
Case0517,Struct0259,EI,ground_motion/ei3.txt,0.02,g,1,1.0406,0.9906,0.8596,0.0775,0.0375,3.422,5,1.0524,1.0771,0.9473,0.9107,1.0079,0.9797,1.0012,1.1124,0.9673,1.1004,197122939.2,184936992.9,147864057,127936046.7,125858488.8,3881963.28,3669618.26,3746607.7,2970442.88,3052157.47,214900,5-story shear model,pending,,,,,,
Case0518,Struct0259,NORTHRIDGE,ground_motion/northbridge.txt,0.02,g,1,1.0406,0.9906,0.8596,0.0775,0.0375,3.422,5,1.0524,1.0771,0.9473,0.9107,1.0079,0.9797,1.0012,1.1124,0.9673,1.1004,197122939.2,184936992.9,147864057,127936046.7,125858488.8,3881963.28,3669618.26,3746607.7,2970442.88,3052157.47,214900,5-story shear model,pending,,,,,,
Case0519,Struct0260,EI,ground_motion/ei3.txt,0.02,g,1,0.8046,1.1868,1.1326,0.0393,0.037,3.006,5,1.1474,0.8991,0.9503,0.9196,0.8568,0.9727,0.9911,0.9848,1.0884,0.8686,166175647.2,119363616.9,114691707,99887871.6,82725753.6,4617601.44,4352078.68,3973786.18,4004310.67,2886392.54,283150,5-story shear model,pending,,,,,,
Case0520,Struct0260,NORTHRIDGE,ground_motion/northbridge.txt,0.02,g,1,0.8046,1.1868,1.1326,0.0393,0.037,3.006,5,1.1474,0.8991,0.9503,0.9196,0.8568,0.9727,0.9911,0.9848,1.0884,0.8686,166175647.2,119363616.9,114691707,99887871.6,82725753.6,4617601.44,4352078.68,3973786.18,4004310.67,2886392.54,283150,5-story shear model,pending,,,,,,
Case0521,Struct0261,EI,ground_motion/ei3.txt,0.02,g,1,1.0145,0.9447,1.089,0.0406,0.0315,3.501,5,0.9261,1.1116,1.1372,0.9067,1.0042,1.0611,0.8763,1.0498,1.0601,1.009,169115121,186073503,173053410,124179365.3,122251308,4009684.68,3063010.26,3371936.6,3104577.06,2668966.44,272250,5-story shear model,pending,,,,,,
Case0522,Struct0261,NORTHRIDGE,ground_motion/northbridge.txt,0.02,g,1,1.0145,0.9447,1.089,0.0406,0.0315,3.501,5,0.9261,1.1116,1.1372,0.9067,1.0042,1.0611,0.8763,1.0498,1.0601,1.009,169115121,186073503,173053410,124179365.3,122251308,4009684.68,3063010.26,3371936.6,3104577.06,2668966.44,272250,5-story shear model,pending,,,,,,
Case0523,Struct0262,EI,ground_motion/ei3.txt,0.02,g,1,0.9673,0.9004,1.1486,0.0535,0.0205,3.16,5,1.1149,1.0457,0.9155,1.0577,0.9893,1.0243,1.0439,1.0198,0.9573,1.0426,194119698.6,166898425.7,132834472.5,138120283.4,114833986.8,3689118.88,3477731.97,3121974.93,2672054.05,2628519.71,287150,5-story shear model,pending,,,,,,
Case0524,Struct0262,NORTHRIDGE,ground_motion/northbridge.txt,0.02,g,1,0.9673,0.9004,1.1486,0.0535,0.0205,3.16,5,1.1149,1.0457,0.9155,1.0577,0.9893,1.0243,1.0439,1.0198,0.9573,1.0426,194119698.6,166898425.7,132834472.5,138120283.4,114833986.8,3689118.88,3477731.97,3121974.93,2672054.05,2628519.71,287150,5-story shear model,pending,,,,,,
Case0525,Struct0263,EI,ground_motion/ei3.txt,0.02,g,1,1.053,0.99,0.8816,0.0727,0.023,3.458,5,0.9007,0.9597,1.0744,1.1319,1.0017,0.99,1.0095,0.9176,0.9683,0.9365,170718678,166743076.5,169701480,160905244.5,126574812,3920400,3697798.5,3088641.6,2971712.7,2595978,220400,5-story shear model,pending,,,,,,
Case0526,Struct0263,NORTHRIDGE,ground_motion/northbridge.txt,0.02,g,1,1.053,0.99,0.8816,0.0727,0.023,3.458,5,0.9007,0.9597,1.0744,1.1319,1.0017,0.99,1.0095,0.9176,0.9683,0.9365,170718678,166743076.5,169701480,160905244.5,126574812,3920400,3697798.5,3088641.6,2971712.7,2595978,220400,5-story shear model,pending,,,,,,
Case0527,Struct0264,EI,ground_motion/ei3.txt,0.02,g,1,0.9552,0.8282,0.8068,0.0668,0.042,3.037,5,1.0017,0.9861,0.9787,0.973,1.1162,0.9097,1.059,1.0987,0.8594,1.0068,172228291.2,155417248.8,140228136,125470296,127943308.8,3013654.16,3245136.06,3093807.36,2206440.75,2334728.93,201700,5-story shear model,pending,,,,,,
Case0528,Struct0264,NORTHRIDGE,ground_motion/northbridge.txt,0.02,g,1,0.9552,0.8282,0.8068,0.0668,0.042,3.037,5,1.0017,0.9861,0.9787,0.973,1.1162,0.9097,1.059,1.0987,0.8594,1.0068,172228291.2,155417248.8,140228136,125470296,127943308.8,3013654.16,3245136.06,3093807.36,2206440.75,2334728.93,201700,5-story shear model,pending,,,,,,
Case0529,Struct0265,EI,ground_motion/ei3.txt,0.02,g,1,0.7951,1.0609,1.0456,0.067,0.03,3.349,5,1.1415,0.9,0.9743,0.8876,0.9936,0.921,1.043,0.9657,1.0956,1.1056,163369197,118072350,116199889.5,95273652.6,94801363.2,3908355.6,4094119.19,3483337.84,3603198.32,3284206.91,261400,5-story shear model,pending,,,,,,
Case0530,Struct0265,NORTHRIDGE,ground_motion/northbridge.txt,0.02,g,1,0.7951,1.0609,1.0456,0.067,0.03,3.349,5,1.1415,0.9,0.9743,0.8876,0.9936,0.921,1.043,0.9657,1.0956,1.1056,163369197,118072350,116199889.5,95273652.6,94801363.2,3908355.6,4094119.19,3483337.84,3603198.32,3284206.91,261400,5-story shear model,pending,,,,,,
Case0531,Struct0266,EI,ground_motion/ei3.txt,0.02,g,1,1.1698,1.1406,1.1833,0.0353,0.0257,3.117,5,0.9286,0.8663,0.9284,0.8578,1.1129,0.9773,0.8521,0.8596,0.9399,1.1286,195529730.4,167210627.1,162906348,135466349.4,156224450.4,4458833.52,3596049.46,3333563.18,3323354.81,3604387.25,295825,5-story shear model,pending,,,,,,
Case0532,Struct0266,NORTHRIDGE,ground_motion/northbridge.txt,0.02,g,1,1.1698,1.1406,1.1833,0.0353,0.0257,3.117,5,0.9286,0.8663,0.9284,0.8578,1.1129,0.9773,0.8521,0.8596,0.9399,1.1286,195529730.4,167210627.1,162906348,135466349.4,156224450.4,4458833.52,3596049.46,3333563.18,3323354.81,3604387.25,295825,5-story shear model,pending,,,,,,
Case0533,Struct0267,EI,ground_motion/ei3.txt,0.02,g,1,1.2432,1.0363,0.9244,0.0276,0.0494,3.51,5,0.9244,0.9058,0.854,0.9732,0.9577,0.9612,1.0552,1.1323,1.1268,1.0297,206858534.4,185804942.4,159253920,163334102.4,142873516.8,3984366.24,4045963.91,3989568.47,3619878.8,2987818.71,231100,5-story shear model,pending,,,,,,
Case0534,Struct0267,NORTHRIDGE,ground_motion/northbridge.txt,0.02,g,1,1.2432,1.0363,0.9244,0.0276,0.0494,3.51,5,0.9244,0.9058,0.854,0.9732,0.9577,0.9612,1.0552,1.1323,1.1268,1.0297,206858534.4,185804942.4,159253920,163334102.4,142873516.8,3984366.24,4045963.91,3989568.47,3619878.8,2987818.71,231100,5-story shear model,pending,,,,,,
Case0535,Struct0268,EI,ground_motion/ei3.txt,0.02,g,1,0.9435,0.8176,0.8464,0.0379,0.0438,3.353,5,0.9166,1.0906,0.8762,0.8714,0.917,0.9816,1.0581,1.1232,0.9862,1.0294,155666178,169781881.5,124004205,110992396.5,103822740,3210224.64,3200879.47,3122316.29,2499583.07,2356584.83,211600,5-story shear model,pending,,,,,,
Case0536,Struct0268,NORTHRIDGE,ground_motion/northbridge.txt,0.02,g,1,0.9435,0.8176,0.8464,0.0379,0.0438,3.353,5,0.9166,1.0906,0.8762,0.8714,0.917,0.9816,1.0581,1.1232,0.9862,1.0294,155666178,169781881.5,124004205,110992396.5,103822740,3210224.64,3200879.47,3122316.29,2499583.07,2356584.83,211600,5-story shear model,pending,,,,,,
Case0537,Struct0269,EI,ground_motion/ei3.txt,0.02,g,1,0.9029,1.1868,1.0767,0.0443,0.0411,3.569,5,0.8975,1.0634,0.9714,1.0778,0.9691,1.1404,0.9221,0.85,0.9349,0.9215,145863495,158423736.9,131561559,131374658.7,105000046.8,5413706.88,4049088.64,3429852,3439571.89,3062181.36,269175,5-story shear model,pending,,,,,,
Case0538,Struct0269,NORTHRIDGE,ground_motion/northbridge.txt,0.02,g,1,0.9029,1.1868,1.0767,0.0443,0.0411,3.569,5,0.8975,1.0634,0.9714,1.0778,0.9691,1.1404,0.9221,0.85,0.9349,0.9215,145863495,158423736.9,131561559,131374658.7,105000046.8,5413706.88,4049088.64,3429852,3439571.89,3062181.36,269175,5-story shear model,pending,,,,,,
Case0539,Struct0270,EI,ground_motion/ei3.txt,0.02,g,1,1.2266,1.0846,0.9081,0.021,0.0357,3.326,5,0.8916,0.9619,1.1162,1.1044,0.9695,1.0879,0.8684,0.9632,0.9344,0.9099,196854580.8,194677979.1,205369638,182878700.4,142702644,4719745.36,3484906.57,3551934.85,3141695.74,2763257.11,227025,5-story shear model,pending,,,,,,
Case0540,Struct0270,NORTHRIDGE,ground_motion/northbridge.txt,0.02,g,1,1.2266,1.0846,0.9081,0.021,0.0357,3.326,5,0.8916,0.9619,1.1162,1.1044,0.9695,1.0879,0.8684,0.9632,0.9344,0.9099,196854580.8,194677979.1,205369638,182878700.4,142702644,4719745.36,3484906.57,3551934.85,3141695.74,2763257.11,227025,5-story shear model,pending,,,,,,
Case0541,Struct0271,EI,ground_motion/ei3.txt,0.02,g,1,0.7659,0.8622,1.0256,0.0359,0.0395,3.485,5,0.9256,1.0294,0.9231,0.9357,0.8511,1.0031,0.8576,0.8531,1.1476,1.0699,127605067.2,130088880.9,106050343.5,96748105.05,78222898.8,3459491.28,2735864.06,2500845.59,3067328.23,2582909.78,256400,5-story shear model,pending,,,,,,
Case0542,Struct0271,NORTHRIDGE,ground_motion/northbridge.txt,0.02,g,1,0.7659,0.8622,1.0256,0.0359,0.0395,3.485,5,0.9256,1.0294,0.9231,0.9357,0.8511,1.0031,0.8576,0.8531,1.1476,1.0699,127605067.2,130088880.9,106050343.5,96748105.05,78222898.8,3459491.28,2735864.06,2500845.59,3067328.23,2582909.78,256400,5-story shear model,pending,,,,,,
Case0543,Struct0272,EI,ground_motion/ei3.txt,0.02,g,1,1.2107,0.9109,0.9042,0.052,0.0111,3.115,5,1.0997,1.0939,0.8566,1.0661,0.9575,0.9051,1.1146,0.8998,1.1496,1.0403,239653222.2,218523480.5,155562843,174248181.5,139109430,3297822.36,3756569.82,2786734.59,3246228.98,2653305.96,226050,5-story shear model,pending,,,,,,
Case0544,Struct0272,NORTHRIDGE,ground_motion/northbridge.txt,0.02,g,1,1.2107,0.9109,0.9042,0.052,0.0111,3.115,5,1.0997,1.0939,0.8566,1.0661,0.9575,0.9051,1.1146,0.8998,1.1496,1.0403,239653222.2,218523480.5,155562843,174248181.5,139109430,3297822.36,3756569.82,2786734.59,3246228.98,2653305.96,226050,5-story shear model,pending,,,,,,
Case0545,Struct0273,EI,ground_motion/ei3.txt,0.02,g,1,1.1746,0.9945,0.973,0.0526,0.0425,3.531,5,1.1355,1.1367,1.007,0.8895,1.1399,0.9247,0.8717,0.8791,0.9282,0.9203,240076494,220302690.3,177423330,141048904.5,160671184.8,3678456.6,3207550.91,2972500.83,2861594.19,2562667.38,243250,5-story shear model,pending,,,,,,
Case0546,Struct0273,NORTHRIDGE,ground_motion/northbridge.txt,0.02,g,1,1.1746,0.9945,0.973,0.0526,0.0425,3.531,5,1.1355,1.1367,1.007,0.8895,1.1399,0.9247,0.8717,0.8791,0.9282,0.9203,240076494,220302690.3,177423330,141048904.5,160671184.8,3678456.6,3207550.91,2972500.83,2861594.19,2562667.38,243250,5-story shear model,pending,,,,,,
Case0547,Struct0274,EI,ground_motion/ei3.txt,0.02,g,1,0.9323,0.9245,0.9796,0.0273,0.0388,3.241,5,0.9251,0.8637,0.9089,1.0396,1.1107,0.99,1.1479,1.0965,1.0112,0.9755,155244731.4,132862539.2,127105120.5,130844575.8,124260673.2,3661020,3926564.13,3446628.45,2898048.64,2525179.3,244900,5-story shear model,pending,,,,,,
Case0548,Struct0274,NORTHRIDGE,ground_motion/northbridge.txt,0.02,g,1,0.9323,0.9245,0.9796,0.0273,0.0388,3.241,5,0.9251,0.8637,0.9089,1.0396,1.1107,0.99,1.1479,1.0965,1.0112,0.9755,155244731.4,132862539.2,127105120.5,130844575.8,124260673.2,3661020,3926564.13,3446628.45,2898048.64,2525179.3,244900,5-story shear model,pending,,,,,,
Case0549,Struct0275,EI,ground_motion/ei3.txt,0.02,g,1,1.2355,1.1786,0.8555,0.0377,0.0447,3.234,5,0.8824,0.9118,0.967,0.8891,1.0806,0.9445,0.9035,1.1465,1.1015,0.9263,196236936,185877268.5,179209275,148295211.8,160209756,4452750.8,3940000.87,4594300.66,4024506.49,3056864.1,213875,5-story shear model,pending,,,,,,
Case0550,Struct0275,NORTHRIDGE,ground_motion/northbridge.txt,0.02,g,1,1.2355,1.1786,0.8555,0.0377,0.0447,3.234,5,0.8824,0.9118,0.967,0.8891,1.0806,0.9445,0.9035,1.1465,1.1015,0.9263,196236936,185877268.5,179209275,148295211.8,160209756,4452750.8,3940000.87,4594300.66,4024506.49,3056864.1,213875,5-story shear model,pending,,,,,,
Case0551,Struct0276,EI,ground_motion/ei3.txt,0.02,g,1,1.1908,0.9421,0.8212,0.0223,0.0494,3.01,5,1.0598,0.8622,0.94,0.8812,1.0796,0.9431,1.0651,0.9731,1.0208,0.8906,227161771.2,169406780.4,167902800,141659949.6,154270521.6,3553978.04,3712693.63,3116975.53,2981256.61,2349295.93,205300,5-story shear model,pending,,,,,,
Case0552,Struct0276,NORTHRIDGE,ground_motion/northbridge.txt,0.02,g,1,1.1908,0.9421,0.8212,0.0223,0.0494,3.01,5,1.0598,0.8622,0.94,0.8812,1.0796,0.9431,1.0651,0.9731,1.0208,0.8906,227161771.2,169406780.4,167902800,141659949.6,154270521.6,3553978.04,3712693.63,3116975.53,2981256.61,2349295.93,205300,5-story shear model,pending,,,,,,
Case0553,Struct0277,EI,ground_motion/ei3.txt,0.02,g,1,0.9171,1.03,1.0418,0.0245,0.0201,3.493,5,0.9949,1.0055,0.9381,0.8751,0.9114,0.9702,0.9237,1.0937,1.1116,1.1429,164236102.2,152153768.3,129049726.5,108344818.4,100301392.8,3997224,3520220.7,3830137.4,3549338.8,3296123.6,260450,5-story shear model,pending,,,,,,
Case0554,Struct0277,NORTHRIDGE,ground_motion/northbridge.txt,0.02,g,1,0.9171,1.03,1.0418,0.0245,0.0201,3.493,5,0.9949,1.0055,0.9381,0.8751,0.9114,0.9702,0.9237,1.0937,1.1116,1.1429,164236102.2,152153768.3,129049726.5,108344818.4,100301392.8,3997224,3520220.7,3830137.4,3549338.8,3296123.6,260450,5-story shear model,pending,,,,,,
Case0555,Struct0278,EI,ground_motion/ei3.txt,0.02,g,1,1.0296,0.8168,1.1396,0.0526,0.0348,3.001,5,1.1156,0.9044,1.0222,0.8752,1.1412,1.0741,1.0558,1.1164,0.9957,0.8875,206751916.8,153643089.6,157868568,121649299.2,140997542.4,3509299.52,3190796.53,3100376.77,2521192.06,2029748,284900,5-story shear model,pending,,,,,,
Case0556,Struct0278,NORTHRIDGE,ground_motion/northbridge.txt,0.02,g,1,1.0296,0.8168,1.1396,0.0526,0.0348,3.001,5,1.1156,0.9044,1.0222,0.8752,1.1412,1.0741,1.0558,1.1164,0.9957,0.8875,206751916.8,153643089.6,157868568,121649299.2,140997542.4,3509299.52,3190796.53,3100376.77,2521192.06,2029748,284900,5-story shear model,pending,,,,,,
Case0557,Struct0279,EI,ground_motion/ei3.txt,0.02,g,1,1.0946,0.9414,1.1989,0.0269,0.0278,3.313,5,0.9169,1.1009,1.0435,0.8906,1.1017,1.1467,1.1415,1.0725,1.087,1.1432,180654973.2,198832448.1,171332265,131604852.6,144710498.4,4318013.52,3976049.97,3432815.1,3172235.58,3013383.74,299725,5-story shear model,pending,,,,,,
Case0558,Struct0279,NORTHRIDGE,ground_motion/northbridge.txt,0.02,g,1,1.0946,0.9414,1.1989,0.0269,0.0278,3.313,5,0.9169,1.1009,1.0435,0.8906,1.1017,1.1467,1.1415,1.0725,1.087,1.1432,180654973.2,198832448.1,171332265,131604852.6,144710498.4,4318013.52,3976049.97,3432815.1,3172235.58,3013383.74,299725,5-story shear model,pending,,,,,,
Case0559,Struct0280,EI,ground_motion/ei3.txt,0.02,g,1,0.8771,1.231,0.877,0.0578,0.0487,3.14,5,1.0823,0.988,1.1052,1.047,1.048,0.9476,1.023,1.1345,0.8997,0.914,170871359.4,142984842,145405638,123973699.5,110304096,4665982.4,4659458.1,4748336.3,3433345.17,3150375.2,219250,5-story shear model,pending,,,,,,
Case0560,Struct0280,NORTHRIDGE,ground_motion/northbridge.txt,0.02,g,1,0.8771,1.231,0.877,0.0578,0.0487,3.14,5,1.0823,0.988,1.1052,1.047,1.048,0.9476,1.023,1.1345,0.8997,0.914,170871359.4,142984842,145405638,123973699.5,110304096,4665982.4,4659458.1,4748336.3,3433345.17,3150375.2,219250,5-story shear model,pending,,,,,,
Case0561,Struct0281,EI,ground_motion/ei3.txt,0.02,g,1,0.8523,1.0174,1.0195,0.0334,0.035,3.061,5,0.8701,1.0093,1.0727,0.8966,0.858,0.931,0.9554,0.8613,0.9024,0.9044,133485521.4,141937354.4,137139331.5,103163244.3,87752808,3788797.6,3596488.65,2979374.51,2846115.46,2576382.37,254875,5-story shear model,pending,,,,,,
Case0562,Struct0281,NORTHRIDGE,ground_motion/northbridge.txt,0.02,g,1,0.8523,1.0174,1.0195,0.0334,0.035,3.061,5,0.8701,1.0093,1.0727,0.8966,0.858,0.931,0.9554,0.8613,0.9024,0.9044,133485521.4,141937354.4,137139331.5,103163244.3,87752808,3788797.6,3596488.65,2979374.51,2846115.46,2576382.37,254875,5-story shear model,pending,,,,,,
Case0563,Struct0282,EI,ground_motion/ei3.txt,0.02,g,1,1.207,0.9411,0.8597,0.0634,0.0125,3.263,5,1.009,1.1107,1.1107,0.9523,0.9441,1.0731,1.031,0.8857,0.9808,1.0133,219215340,221201458.5,201092235,155172523.5,136743444,4039577.64,3590014.17,2834009.72,2861395.73,2670126.56,214925,5-story shear model,pending,,,,,,
Case0564,Struct0282,NORTHRIDGE,ground_motion/northbridge.txt,0.02,g,1,1.207,0.9411,0.8597,0.0634,0.0125,3.263,5,1.009,1.1107,1.1107,0.9523,0.9441,1.0731,1.031,0.8857,0.9808,1.0133,219215340,221201458.5,201092235,155172523.5,136743444,4039577.64,3590014.17,2834009.72,2861395.73,2670126.56,214925,5-story shear model,pending,,,,,,
Case0565,Struct0283,EI,ground_motion/ei3.txt,0.02,g,1,0.9346,0.9917,1.0509,0.0501,0.0345,3.34,5,1.0612,1.1408,0.8686,1.1047,1.0296,1.0285,0.9058,0.9447,0.9654,0.8985,178523553.6,175921627.2,121769034,139381103.7,115471699.2,4079853.8,3323642.88,3185320.57,2967900.26,2494918.86,262725,5-story shear model,pending,,,,,,
Case0566,Struct0283,NORTHRIDGE,ground_motion/northbridge.txt,0.02,g,1,0.9346,0.9917,1.0509,0.0501,0.0345,3.34,5,1.0612,1.1408,0.8686,1.1047,1.0296,1.0285,0.9058,0.9447,0.9654,0.8985,178523553.6,175921627.2,121769034,139381103.7,115471699.2,4079853.8,3323642.88,3185320.57,2967900.26,2494918.86,262725,5-story shear model,pending,,,,,,
Case0567,Struct0284,EI,ground_motion/ei3.txt,0.02,g,1,0.7932,1.154,0.8063,0.0686,0.017,3.218,5,1.1284,0.9964,1.1277,0.9761,1.0507,1.1326,0.9368,1.0632,0.8714,0.9265,161108438.4,130406839.2,134173746,104522740.2,100009828.8,5228081.6,3999948.64,4171571.52,3117346.36,2993706.8,201575,5-story shear model,pending,,,,,,
Case0568,Struct0284,NORTHRIDGE,ground_motion/northbridge.txt,0.02,g,1,0.7932,1.154,0.8063,0.0686,0.017,3.218,5,1.1284,0.9964,1.1277,0.9761,1.0507,1.1326,0.9368,1.0632,0.8714,0.9265,161108438.4,130406839.2,134173746,104522740.2,100009828.8,5228081.6,3999948.64,4171571.52,3117346.36,2993706.8,201575,5-story shear model,pending,,,,,,
Case0569,Struct0285,EI,ground_motion/ei3.txt,0.02,g,1,1.0436,1.0951,1.0615,0.0394,0.0247,3.53,5,1.0293,1.0225,0.915,0.9402,1.0091,1.1377,0.8859,0.9286,0.9119,0.9455,193351946.4,176068365,143234100,132461017.2,126371611.2,4983581.08,3589551.63,3457493.52,3095727.24,2899167.74,265375,5-story shear model,pending,,,,,,
Case0570,Struct0285,NORTHRIDGE,ground_motion/northbridge.txt,0.02,g,1,1.0436,1.0951,1.0615,0.0394,0.0247,3.53,5,1.0293,1.0225,0.915,0.9402,1.0091,1.1377,0.8859,0.9286,0.9119,0.9455,193351946.4,176068365,143234100,132461017.2,126371611.2,4983581.08,3589551.63,3457493.52,3095727.24,2899167.74,265375,5-story shear model,pending,,,,,,
Case0571,Struct0286,EI,ground_motion/ei3.txt,0.02,g,1,0.9155,0.9247,1.1141,0.0518,0.0397,3.547,5,1.0535,0.8641,0.9443,0.8996,1.0815,1.0884,0.865,0.9006,0.8537,0.8756,173606265,130528785.8,129675997.5,111183813,118813590,4025773.92,2959502.35,2831468.39,2447190.81,2267068.5,278525,5-story shear model,pending,,,,,,
Case0572,Struct0286,NORTHRIDGE,ground_motion/northbridge.txt,0.02,g,1,0.9155,0.9247,1.1141,0.0518,0.0397,3.547,5,1.0535,0.8641,0.9443,0.8996,1.0815,1.0884,0.865,0.9006,0.8537,0.8756,173606265,130528785.8,129675997.5,111183813,118813590,4025773.92,2959502.35,2831468.39,2447190.81,2267068.5,278525,5-story shear model,pending,,,,,,
Case0573,Struct0287,EI,ground_motion/ei3.txt,0.02,g,1,1.1156,1.0268,1.0951,0.0373,0.042,3.046,5,1.0577,0.9257,1.1246,0.9743,1.0564,0.8954,0.9317,0.9706,1.1412,1.1098,212394621.6,170397301.8,188190564,146735425.8,141422380.8,3677586.88,3539677.37,3388481.07,3632530.9,3190719.39,273775,5-story shear model,pending,,,,,,
Case0574,Struct0287,NORTHRIDGE,ground_motion/northbridge.txt,0.02,g,1,1.1156,1.0268,1.0951,0.0373,0.042,3.046,5,1.0577,0.9257,1.1246,0.9743,1.0564,0.8954,0.9317,0.9706,1.1412,1.1098,212394621.6,170397301.8,188190564,146735425.8,141422380.8,3677586.88,3539677.37,3388481.07,3632530.9,3190719.39,273775,5-story shear model,pending,,,,,,
Case0575,Struct0288,EI,ground_motion/ei3.txt,0.02,g,1,1.1085,1.1624,0.8563,0.0744,0.0122,3.027,5,0.9777,0.9511,1.0966,0.9887,1.0804,0.8811,0.8573,0.8613,1.1039,1.0485,195080481,173958567.8,182337165,147956483.3,143714808,4096762.56,3687144.42,3403995.41,3977837.42,3412573.92,214075,5-story shear model,pending,,,,,,
Case0576,Struct0288,NORTHRIDGE,ground_motion/northbridge.txt,0.02,g,1,1.1085,1.1624,0.8563,0.0744,0.0122,3.027,5,0.9777,0.9511,1.0966,0.9887,1.0804,0.8811,0.8573,0.8613,1.1039,1.0485,195080481,173958567.8,182337165,147956483.3,143714808,4096762.56,3687144.42,3403995.41,3977837.42,3412573.92,214075,5-story shear model,pending,,,,,,
Case0577,Struct0289,EI,ground_motion/ei3.txt,0.02,g,1,0.9162,0.7943,0.8623,0.0282,0.0106,3.068,5,0.9101,1.055,1.0697,0.9503,0.8581,1.0911,1.1322,0.9173,1.0741,0.9702,150090051.6,159487515,147008871,117539756.1,94342946.4,3466642.92,3327433.9,2477278.73,2644788.65,2157763.61,215575,5-story shear model,pending,,,,,,
Case0578,Struct0289,NORTHRIDGE,ground_motion/northbridge.txt,0.02,g,1,0.9162,0.7943,0.8623,0.0282,0.0106,3.068,5,0.9101,1.055,1.0697,0.9503,0.8581,1.0911,1.1322,0.9173,1.0741,0.9702,150090051.6,159487515,147008871,117539756.1,94342946.4,3466642.92,3327433.9,2477278.73,2644788.65,2157763.61,215575,5-story shear model,pending,,,,,,
Case0579,Struct0290,EI,ground_motion/ei3.txt,0.02,g,1,1.1052,0.9105,0.9916,0.0376,0.035,3.255,5,1.0598,0.9154,0.994,1.0744,0.9954,0.8547,0.9077,0.8858,1.0236,0.8965,210832372.8,166930513.2,164785320,160302628.8,132013929.6,3112817.4,3057905.15,2742171.06,2889162.18,2285537.1,247900,5-story shear model,pending,,,,,,
Case0580,Struct0290,NORTHRIDGE,ground_motion/northbridge.txt,0.02,g,1,1.1052,0.9105,0.9916,0.0376,0.035,3.255,5,1.0598,0.9154,0.994,1.0744,0.9954,0.8547,0.9077,0.8858,1.0236,0.8965,210832372.8,166930513.2,164785320,160302628.8,132013929.6,3112817.4,3057905.15,2742171.06,2889162.18,2285537.1,247900,5-story shear model,pending,,,,,,
Case0581,Struct0291,EI,ground_motion/ei3.txt,0.02,g,1,1.1241,1.0163,1.0708,0.0615,0.0369,3.386,5,1.1387,1.0859,0.8827,0.964,0.8622,1.1313,0.9396,0.916,0.8753,1.085,230402280.6,201408931.4,148836460.5,146290374,116303882.4,4598960.76,3533187.28,3165164.72,2757658.91,3087519.4,267700,5-story shear model,pending,,,,,,
Case0582,Struct0291,NORTHRIDGE,ground_motion/northbridge.txt,0.02,g,1,1.1241,1.0163,1.0708,0.0615,0.0369,3.386,5,1.1387,1.0859,0.8827,0.964,0.8622,1.1313,0.9396,0.916,0.8753,1.085,230402280.6,201408931.4,148836460.5,146290374,116303882.4,4598960.76,3533187.28,3165164.72,2757658.91,3087519.4,267700,5-story shear model,pending,,,,,,
Case0583,Struct0292,EI,ground_motion/ei3.txt,0.02,g,1,1.1887,0.8682,0.8499,0.0495,0.0125,3.579,5,1.0436,0.8853,0.9848,1.1473,1.049,1.0311,1.0403,1.0481,0.9897,1.0195,223294917.6,173638758.2,175594764,184112393.9,149633556,3580804.08,3341797.3,3093865.43,2663698.37,2478363.72,212475,5-story shear model,pending,,,,,,
Case0584,Struct0292,NORTHRIDGE,ground_motion/northbridge.txt,0.02,g,1,1.1887,0.8682,0.8499,0.0495,0.0125,3.579,5,1.0436,0.8853,0.9848,1.1473,1.049,1.0311,1.0403,1.0481,0.9897,1.0195,223294917.6,173638758.2,175594764,184112393.9,149633556,3580804.08,3341797.3,3093865.43,2663698.37,2478363.72,212475,5-story shear model,pending,,,,,,
Case0585,Struct0293,EI,ground_motion/ei3.txt,0.02,g,1,0.8562,1.0405,1.1937,0.0511,0.0352,3.077,5,0.8919,0.983,0.9483,0.9999,0.9712,0.9254,0.9581,1.015,0.8998,0.8713,137456060.4,138871359,121790169,115575441.3,99784972.8,3851514.8,3688541.28,3590765.5,2902349.89,2538445.42,298425,5-story shear model,pending,,,,,,
Case0586,Struct0293,NORTHRIDGE,ground_motion/northbridge.txt,0.02,g,1,0.8562,1.0405,1.1937,0.0511,0.0352,3.077,5,0.8919,0.983,0.9483,0.9999,0.9712,0.9254,0.9581,1.015,0.8998,0.8713,137456060.4,138871359,121790169,115575441.3,99784972.8,3851514.8,3688541.28,3590765.5,2902349.89,2538445.42,298425,5-story shear model,pending,,,,,,
Case0587,Struct0294,EI,ground_motion/ei3.txt,0.02,g,1,0.9732,0.7832,0.9472,0.068,0.0347,3.343,5,0.9508,0.8713,1.0331,1.1312,1.0721,0.8584,0.9756,0.8896,1.0254,0.9221,166557340.8,139911611.4,150811938,148619318.4,125204126.4,2689195.52,2827132.7,2368898.05,2489589.17,2022128.42,236800,5-story shear model,pending,,,,,,
Case0588,Struct0294,NORTHRIDGE,ground_motion/northbridge.txt,0.02,g,1,0.9732,0.7832,0.9472,0.068,0.0347,3.343,5,0.9508,0.8713,1.0331,1.1312,1.0721,0.8584,0.9756,0.8896,1.0254,0.9221,166557340.8,139911611.4,150811938,148619318.4,125204126.4,2689195.52,2827132.7,2368898.05,2489589.17,2022128.42,236800,5-story shear model,pending,,,,,,
Case0589,Struct0295,EI,ground_motion/ei3.txt,0.02,g,1,0.8386,0.8568,1.0014,0.0373,0.0131,3.088,5,1.1079,0.9713,0.9338,1.0373,0.9942,1.0549,1.1059,1.106,1.1202,1.0587,167235289.2,134397809.7,117462702,117433770.3,100048334.4,3615353.28,3505879.94,3221910.72,2975340.82,2539863.65,250350,5-story shear model,pending,,,,,,
Case0590,Struct0295,NORTHRIDGE,ground_motion/northbridge.txt,0.02,g,1,0.8386,0.8568,1.0014,0.0373,0.0131,3.088,5,1.1079,0.9713,0.9338,1.0373,0.9942,1.0549,1.1059,1.106,1.1202,1.0587,167235289.2,134397809.7,117462702,117433770.3,100048334.4,3615353.28,3505879.94,3221910.72,2975340.82,2539863.65,250350,5-story shear model,pending,,,,,,
Case0591,Struct0296,EI,ground_motion/ei3.txt,0.02,g,1,1.232,0.937,1.02,0.0489,0.017,3.493,5,1.0161,0.9939,1.1192,0.9407,1.1002,0.9971,1.0502,0.9462,1.0344,0.9741,225330336,202039992,206828160,156457224,162653568,3737130.8,3640938.38,3014403.96,3004621.68,2555648.76,255000,5-story shear model,pending,,,,,,
Case0592,Struct0296,NORTHRIDGE,ground_motion/northbridge.txt,0.02,g,1,1.232,0.937,1.02,0.0489,0.017,3.493,5,1.0161,0.9939,1.1192,0.9407,1.1002,0.9971,1.0502,0.9462,1.0344,0.9741,225330336,202039992,206828160,156457224,162653568,3737130.8,3640938.38,3014403.96,3004621.68,2555648.76,255000,5-story shear model,pending,,,,,,
Case0593,Struct0297,EI,ground_motion/ei3.txt,0.02,g,1,1.1399,0.8743,1.0224,0.0459,0.0442,3.025,5,0.9676,1.1014,1.0334,0.9726,0.898,1.1058,1.0473,0.885,0.8605,1.0401,198534103.2,207155166.9,176695899,149670009.9,122835624,3867203.76,3387921.24,2630768.7,2332238.97,2546206.4,255600,5-story shear model,pending,,,,,,
Case0594,Struct0297,NORTHRIDGE,ground_motion/northbridge.txt,0.02,g,1,1.1399,0.8743,1.0224,0.0459,0.0442,3.025,5,0.9676,1.1014,1.0334,0.9726,0.898,1.1058,1.0473,0.885,0.8605,1.0401,198534103.2,207155166.9,176695899,149670009.9,122835624,3867203.76,3387921.24,2630768.7,2332238.97,2546206.4,255600,5-story shear model,pending,,,,,,
Case0595,Struct0298,EI,ground_motion/ei3.txt,0.02,g,1,1.2246,1.0425,0.8378,0.0558,0.0229,3.373,5,1.1483,0.9332,1.1328,0.8678,0.937,1.0574,0.9896,1.0427,1.0225,1.1136,253117472.4,188561458.8,208084032,143465563.8,137694024,4409358,3817134.6,3695850.15,3304464.38,3250598.4,209450,5-story shear model,pending,,,,,,
Case0596,Struct0298,NORTHRIDGE,ground_motion/northbridge.txt,0.02,g,1,1.2246,1.0425,0.8378,0.0558,0.0229,3.373,5,1.1483,0.9332,1.1328,0.8678,0.937,1.0574,0.9896,1.0427,1.0225,1.1136,253117472.4,188561458.8,208084032,143465563.8,137694024,4409358,3817134.6,3695850.15,3304464.38,3250598.4,209450,5-story shear model,pending,,,,,,
Case0597,Struct0299,EI,ground_motion/ei3.txt,0.02,g,1,0.9465,0.7818,0.977,0.0576,0.0191,3.22,5,0.8547,0.9513,1.0091,0.9065,1.089,1.095,1.1372,1.0881,0.9077,1.0706,145615239,148566899.3,143266972.5,115830303.8,123688620,3424284,3289532.95,2892300.37,2199883.57,2343586.22,244250,5-story shear model,pending,,,,,,
Case0598,Struct0299,NORTHRIDGE,ground_motion/northbridge.txt,0.02,g,1,0.9465,0.7818,0.977,0.0576,0.0191,3.22,5,0.8547,0.9513,1.0091,0.9065,1.089,1.095,1.1372,1.0881,0.9077,1.0706,145615239,148566899.3,143266972.5,115830303.8,123688620,3424284,3289532.95,2892300.37,2199883.57,2343586.22,244250,5-story shear model,pending,,,,,,
Case0599,Struct0300,EI,ground_motion/ei3.txt,0.02,g,1,0.8376,0.8845,1.1179,0.0664,0.0427,3.444,5,0.9016,0.9818,1.045,1.0122,1.061,1.0024,1.0944,0.9871,1.0862,1.1392,135932428.8,135688687.2,131293800,114455527.2,106643232,3546491.2,3581588.16,2968505.83,2978306.09,2821342.72,279475,5-story shear model,pending,,,,,,
Case0600,Struct0300,NORTHRIDGE,ground_motion/northbridge.txt,0.02,g,1,0.8376,0.8845,1.1179,0.0664,0.0427,3.444,5,0.9016,0.9818,1.045,1.0122,1.061,1.0024,1.0944,0.9871,1.0862,1.1392,135932428.8,135688687.2,131293800,114455527.2,106643232,3546491.2,3581588.16,2968505.83,2978306.09,2821342.72,279475,5-story shear model,pending,,,,,,
Case0601,Struct0301,EI,ground_motion/ei3.txt,0.02,g,1,0.9741,1.1888,0.8712,0.0521,0.0145,3.031,5,0.889,0.983,1.0898,0.9276,0.8724,0.9622,0.9753,1.0558,1.1427,1.0044,155875482,157994149.5,159236127,121982646.6,101976580.8,4575453.44,4289915.57,4267459.14,4211169.46,3343286.02,217800,5-story shear model,pending,,,,,,
Case0602,Struct0301,NORTHRIDGE,ground_motion/northbridge.txt,0.02,g,1,0.9741,1.1888,0.8712,0.0521,0.0145,3.031,5,0.889,0.983,1.0898,0.9276,0.8724,0.9622,0.9753,1.0558,1.1427,1.0044,155875482,157994149.5,159236127,121982646.6,101976580.8,4575453.44,4289915.57,4267459.14,4211169.46,3343286.02,217800,5-story shear model,pending,,,,,,
Case0603,Struct0302,EI,ground_motion/ei3.txt,0.02,g,1,1.1919,0.8411,1.0478,0.0434,0.024,3.049,5,1.0849,0.9197,1.0236,0.9421,1.0858,1.1458,1.003,1.1353,0.8719,1.0038,232756615.8,180871421,183004326,151590013.7,155299802.4,3854929.52,3121406.21,3246662.82,2273400.78,2364029.3,261950,5-story shear model,pending,,,,,,
Case0604,Struct0302,NORTHRIDGE,ground_motion/northbridge.txt,0.02,g,1,1.1919,0.8411,1.0478,0.0434,0.024,3.049,5,1.0849,0.9197,1.0236,0.9421,1.0858,1.1458,1.003,1.1353,0.8719,1.0038,232756615.8,180871421,183004326,151590013.7,155299802.4,3854929.52,3121406.21,3246662.82,2273400.78,2364029.3,261950,5-story shear model,pending,,,,,,
Case0605,Struct0303,EI,ground_motion/ei3.txt,0.02,g,1,0.8402,0.9067,1.1705,0.0799,0.0258,3.512,5,1.0626,1.0279,0.9457,0.8703,0.9179,1.1306,1.0047,1.1478,1.0699,0.9647,160703373.6,142500860.7,119186571,98715518.1,92546349.6,4100460.08,3370557.51,3538414.88,3007242.82,2449141.77,292625,5-story shear model,pending,,,,,,
Case0606,Struct0303,NORTHRIDGE,ground_motion/northbridge.txt,0.02,g,1,0.8402,0.9067,1.1705,0.0799,0.0258,3.512,5,1.0626,1.0279,0.9457,0.8703,0.9179,1.1306,1.0047,1.1478,1.0699,0.9647,160703373.6,142500860.7,119186571,98715518.1,92546349.6,4100460.08,3370557.51,3538414.88,3007242.82,2449141.77,292625,5-story shear model,pending,,,,,,
Case0607,Struct0304,EI,ground_motion/ei3.txt,0.02,g,1,1.0819,1.1425,0.821,0.0447,0.0336,3.22,5,0.8738,0.8774,0.9122,1.0047,1.0422,1.0904,0.9032,0.8908,0.8874,0.8823,170165559.6,156627744.9,148036377,146742965.6,135306741.6,4983128,3818052.2,3460312.6,3142948.95,2822477.7,205250,5-story shear model,pending,,,,,,
Case0608,Struct0304,NORTHRIDGE,ground_motion/northbridge.txt,0.02,g,1,1.0819,1.1425,0.821,0.0447,0.0336,3.22,5,0.8738,0.8774,0.9122,1.0047,1.0422,1.0904,0.9032,0.8908,0.8874,0.8823,170165559.6,156627744.9,148036377,146742965.6,135306741.6,4983128,3818052.2,3460312.6,3142948.95,2822477.7,205250,5-story shear model,pending,,,,,,
Case0609,Struct0305,EI,ground_motion/ei3.txt,0.02,g,1,1.203,1.2102,1.1833,0.0356,0.0402,3.12,5,0.9128,0.908,1.0799,1.0993,0.9609,1.0281,0.8617,1.1181,1.0817,0.929,197657712,180233460,194867955,178531816.5,138715524,4976826.48,3858468.56,4600623.71,4058127.35,3147972.24,295825,5-story shear model,pending,,,,,,
Case0610,Struct0305,NORTHRIDGE,ground_motion/northbridge.txt,0.02,g,1,1.203,1.2102,1.1833,0.0356,0.0402,3.12,5,0.9128,0.908,1.0799,1.0993,0.9609,1.0281,0.8617,1.1181,1.0817,0.929,197657712,180233460,194867955,178531816.5,138715524,4976826.48,3858468.56,4600623.71,4058127.35,3147972.24,295825,5-story shear model,pending,,,,,,
Case0611,Struct0306,EI,ground_motion/ei3.txt,0.02,g,1,0.763,1.0887,1.0792,0.072,0.0404,3.432,5,1.04,0.9995,0.8656,0.967,1.0341,0.852,1.0176,0.8594,1.1091,0.8854,142833600,125832052.5,99067920,99605835,94682196,3710289.6,4099086.14,3181137.85,3743179.23,2699017.94,269800,5-story shear model,pending,,,,,,
Case0612,Struct0306,NORTHRIDGE,ground_motion/northbridge.txt,0.02,g,1,0.763,1.0887,1.0792,0.072,0.0404,3.432,5,1.04,0.9995,0.8656,0.967,1.0341,0.852,1.0176,0.8594,1.1091,0.8854,142833600,125832052.5,99067920,99605835,94682196,3710289.6,4099086.14,3181137.85,3743179.23,2699017.94,269800,5-story shear model,pending,,,,,,
Case0613,Struct0307,EI,ground_motion/ei3.txt,0.02,g,1,0.8272,1.0015,0.9676,0.078,0.0393,3.12,5,0.8993,1.052,0.9634,1.1009,0.8818,0.9835,1.0019,1.0804,0.9469,0.865,133902172.8,143585376,119538672,122939704.8,87530995.2,3939901,3712590.54,3678870.04,2939793.08,2425633,241900,5-story shear model,pending,,,,,,
Case0614,Struct0307,NORTHRIDGE,ground_motion/northbridge.txt,0.02,g,1,0.8272,1.0015,0.9676,0.078,0.0393,3.12,5,0.8993,1.052,0.9634,1.1009,0.8818,0.9835,1.0019,1.0804,0.9469,0.865,133902172.8,143585376,119538672,122939704.8,87530995.2,3939901,3712590.54,3678870.04,2939793.08,2425633,241900,5-story shear model,pending,,,,,,
Case0615,Struct0308,EI,ground_motion/ei3.txt,0.02,g,1,0.8722,1.1746,1.141,0.0626,0.0224,3.112,5,1.1422,0.8758,0.9861,0.889,0.9664,1.0733,1.0006,0.8936,1.0387,0.9762,179320831.2,126039005.4,129011463,104677083,101147289.6,5042792.72,4348627.61,3568716.7,3782176.76,3210604.66,285250,5-story shear model,pending,,,,,,
Case0616,Struct0308,NORTHRIDGE,ground_motion/northbridge.txt,0.02,g,1,0.8722,1.1746,1.141,0.0626,0.0224,3.112,5,1.1422,0.8758,0.9861,0.889,0.9664,1.0733,1.0006,0.8936,1.0387,0.9762,179320831.2,126039005.4,129011463,104677083,101147289.6,5042792.72,4348627.61,3568716.7,3782176.76,3210604.66,285250,5-story shear model,pending,,,,,,
Case0617,Struct0309,EI,ground_motion/ei3.txt,0.02,g,1,0.7863,0.9156,0.8623,0.0464,0.0112,3.595,5,1.0201,1.1413,0.8762,1.0904,0.8879,0.8526,0.8605,1.1232,0.9107,1.0239,144378833.4,148071691.4,103343409,115746505.2,83778692.4,3122562.24,2915133.06,3496566.53,2584894.45,2624951.95,215575,5-story shear model,pending,,,,,,
Case0618,Struct0309,NORTHRIDGE,ground_motion/northbridge.txt,0.02,g,1,0.7863,0.9156,0.8623,0.0464,0.0112,3.595,5,1.0201,1.1413,0.8762,1.0904,0.8879,0.8526,0.8605,1.1232,0.9107,1.0239,144378833.4,148071691.4,103343409,115746505.2,83778692.4,3122562.24,2915133.06,3496566.53,2584894.45,2624951.95,215575,5-story shear model,pending,,,,,,
Case0619,Struct0310,EI,ground_motion/ei3.txt,0.02,g,1,0.8435,1.1944,1.1901,0.0283,0.0206,3.534,5,1.129,1.0363,0.8559,1.1323,1.0458,1.0568,0.8898,1.0363,0.92,1.0195,171416070,144229643.3,108292747.5,128937831.8,105855876,5048967.68,3932275.34,4208372.85,3406428.8,3409534.24,297525,5-story shear model,pending,,,,,,
Case0620,Struct0310,NORTHRIDGE,ground_motion/northbridge.txt,0.02,g,1,0.8435,1.1944,1.1901,0.0283,0.0206,3.534,5,1.129,1.0363,0.8559,1.1323,1.0458,1.0568,0.8898,1.0363,0.92,1.0195,171416070,144229643.3,108292747.5,128937831.8,105855876,5048967.68,3932275.34,4208372.85,3406428.8,3409534.24,297525,5-story shear model,pending,,,,,,
Case0621,Struct0311,EI,ground_motion/ei3.txt,0.02,g,1,1.1288,1.1538,0.8338,0.048,0.0362,3.589,5,1.1011,0.9675,0.8723,0.8872,1.068,0.9194,0.8608,1.0525,1.078,1.0517,223725902.4,180198810,147697836,135198633.6,144667008,4243214.88,3674806.85,4128873.3,3855768.84,3397664.09,208450,5-story shear model,pending,,,,,,
Case0622,Struct0311,NORTHRIDGE,ground_motion/northbridge.txt,0.02,g,1,1.1288,1.1538,0.8338,0.048,0.0362,3.589,5,1.1011,0.9675,0.8723,0.8872,1.068,0.9194,0.8608,1.0525,1.078,1.0517,223725902.4,180198810,147697836,135198633.6,144667008,4243214.88,3674806.85,4128873.3,3855768.84,3397664.09,208450,5-story shear model,pending,,,,,,
Case0623,Struct0312,EI,ground_motion/ei3.txt,0.02,g,1,0.9519,0.7836,0.8345,0.0763,0.0368,3.372,5,0.9481,0.9246,0.8927,1.0722,1.0116,0.9258,0.9994,1.0981,1.1277,0.8852,162449350.2,145220912.1,127464169.5,137784669.3,115553044.8,2901827.52,2897580.41,2925601.94,2739363.73,1942199.62,208625,5-story shear model,pending,,,,,,
Case0624,Struct0312,NORTHRIDGE,ground_motion/northbridge.txt,0.02,g,1,0.9519,0.7836,0.8345,0.0763,0.0368,3.372,5,0.9481,0.9246,0.8927,1.0722,1.0116,0.9258,0.9994,1.0981,1.1277,0.8852,162449350.2,145220912.1,127464169.5,137784669.3,115553044.8,2901827.52,2897580.41,2925601.94,2739363.73,1942199.62,208625,5-story shear model,pending,,,,,,
Case0625,Struct0313,EI,ground_motion/ei3.txt,0.02,g,1,0.9609,1.1342,0.9816,0.0678,0.0245,3.364,5,1.0749,1.0723,0.9568,0.8623,1.0726,1.1198,0.9937,0.9289,0.9873,0.8777,185916853.8,170011556.6,137908368,111858849.5,123679360.8,5080308.64,4170101.8,3582098.49,3471366.55,2787364.55,245400,5-story shear model,pending,,,,,,
Case0626,Struct0313,NORTHRIDGE,ground_motion/northbridge.txt,0.02,g,1,0.9609,1.1342,0.9816,0.0678,0.0245,3.364,5,1.0749,1.0723,0.9568,0.8623,1.0726,1.1198,0.9937,0.9289,0.9873,0.8777,185916853.8,170011556.6,137908368,111858849.5,123679360.8,5080308.64,4170101.8,3582098.49,3471366.55,2787364.55,245400,5-story shear model,pending,,,,,,
Case0627,Struct0314,EI,ground_motion/ei3.txt,0.02,g,1,1.2478,0.7911,1.0791,0.046,0.0234,3.141,5,1.0491,1.0849,1.1134,0.9401,0.8874,1.1222,0.9827,1.1364,1.0998,1.0747,235632056.4,223366806.3,208395078,158362665.3,132875726.4,3551089.68,2876431.69,3056620.54,2697160.52,2380546.48,269775,5-story shear model,pending,,,,,,
Case0628,Struct0314,NORTHRIDGE,ground_motion/northbridge.txt,0.02,g,1,1.2478,0.7911,1.0791,0.046,0.0234,3.141,5,1.0491,1.0849,1.1134,0.9401,0.8874,1.1222,0.9827,1.1364,1.0998,1.0747,235632056.4,223366806.3,208395078,158362665.3,132875726.4,3551089.68,2876431.69,3056620.54,2697160.52,2380546.48,269775,5-story shear model,pending,,,,,,
Case0629,Struct0315,EI,ground_motion/ei3.txt,0.02,g,1,1.2436,1.0218,0.9958,0.0461,0.0485,3.247,5,0.9903,0.9181,1.1068,0.9,1.0574,0.9734,1.0856,1.1009,0.9367,0.9728,221676674.4,188388611.4,206462472,151097400,157797916.8,3978480.48,4104284.5,3824658.71,2967072.19,2783219.71,248950,5-story shear model,pending,,,,,,
Case0630,Struct0315,NORTHRIDGE,ground_motion/northbridge.txt,0.02,g,1,1.2436,1.0218,0.9958,0.0461,0.0485,3.247,5,0.9903,0.9181,1.1068,0.9,1.0574,0.9734,1.0856,1.1009,0.9367,0.9728,221676674.4,188388611.4,206462472,151097400,157797916.8,3978480.48,4104284.5,3824658.71,2967072.19,2783219.71,248950,5-story shear model,pending,,,,,,
Case0631,Struct0316,EI,ground_motion/ei3.txt,0.02,g,1,0.7887,0.8576,1.074,0.0379,0.0402,3.033,5,0.8571,1.0043,1.0888,1.1337,0.8854,1.0046,1.1089,1.071,0.9291,1.1242,121679058.6,130695082.7,128810484,120710140.7,83797797.6,3446179.84,3518672.77,3122864.64,2470068.1,2699518.98,268500,5-story shear model,pending,,,,,,
Case0632,Struct0316,NORTHRIDGE,ground_motion/northbridge.txt,0.02,g,1,0.7887,0.8576,1.074,0.0379,0.0402,3.033,5,0.8571,1.0043,1.0888,1.1337,0.8854,1.0046,1.1089,1.071,0.9291,1.1242,121679058.6,130695082.7,128810484,120710140.7,83797797.6,3446179.84,3518672.77,3122864.64,2470068.1,2699518.98,268500,5-story shear model,pending,,,,,,
Case0633,Struct0317,EI,ground_motion/ei3.txt,0.02,g,1,0.8312,1.1151,0.828,0.0597,0.02,3.501,5,1.0748,0.9098,0.9159,0.9281,0.9933,1.0866,1.0852,0.9738,0.9755,0.9954,160807276.8,124777250.4,114194412,104143957.2,99075715.2,4846670.64,4477394.12,3692006.89,3372118.16,3107917.51,207000,5-story shear model,pending,,,,,,
Case0634,Struct0317,NORTHRIDGE,ground_motion/northbridge.txt,0.02,g,1,0.8312,1.1151,0.828,0.0597,0.02,3.501,5,1.0748,0.9098,0.9159,0.9281,0.9933,1.0866,1.0852,0.9738,0.9755,0.9954,160807276.8,124777250.4,114194412,104143957.2,99075715.2,4846670.64,4477394.12,3692006.89,3372118.16,3107917.51,207000,5-story shear model,pending,,,,,,
Case0635,Struct0318,EI,ground_motion/ei3.txt,0.02,g,1,1.0448,1.2238,0.8362,0.0227,0.0443,3.453,5,0.8738,0.9938,0.9243,0.9528,0.8731,1.0338,1.0528,0.9246,1.0303,1.0093,164330323.2,171323169.6,144856296,134390534.4,109465785.6,5060657.76,4767141.57,3847186.63,3908731.53,3458507.75,209050,5-story shear model,pending,,,,,,
Case0636,Struct0318,NORTHRIDGE,ground_motion/northbridge.txt,0.02,g,1,1.0448,1.2238,0.8362,0.0227,0.0443,3.453,5,0.8738,0.9938,0.9243,0.9528,0.8731,1.0338,1.0528,0.9246,1.0303,1.0093,164330323.2,171323169.6,144856296,134390534.4,109465785.6,5060657.76,4767141.57,3847186.63,3908731.53,3458507.75,209050,5-story shear model,pending,,,,,,
Case0637,Struct0319,EI,ground_motion/ei3.txt,0.02,g,1,0.9331,0.9824,0.9984,0.0587,0.0277,3.134,5,0.9184,1.1232,1.0926,1.0071,0.9904,0.9651,1.0012,1.1058,1.0717,1.0878,154252627.2,172929556.8,152925759,126862876.4,110897068.8,3792456.96,3639241.86,3693548.93,3263798.05,2992233.22,249600,5-story shear model,pending,,,,,,
Case0638,Struct0319,NORTHRIDGE,ground_motion/northbridge.txt,0.02,g,1,0.9331,0.9824,0.9984,0.0587,0.0277,3.134,5,0.9184,1.1232,1.0926,1.0071,0.9904,0.9651,1.0012,1.1058,1.0717,1.0878,154252627.2,172929556.8,152925759,126862876.4,110897068.8,3792456.96,3639241.86,3693548.93,3263798.05,2992233.22,249600,5-story shear model,pending,,,,,,
Case0639,Struct0320,EI,ground_motion/ei3.txt,0.02,g,1,1.2102,0.754,0.8672,0.0483,0.023,3.337,5,1.0713,1.1492,1.0937,0.8701,0.9504,0.98,0.9598,0.8511,0.9367,0.9857,233367706.8,229475703.6,198539361,142154327.7,138020889.6,2955680,2677650.04,2181879.96,2189442.58,2081009.84,216800,5-story shear model,pending,,,,,,
Case0640,Struct0320,NORTHRIDGE,ground_motion/northbridge.txt,0.02,g,1,1.2102,0.754,0.8672,0.0483,0.023,3.337,5,1.0713,1.1492,1.0937,0.8701,0.9504,0.98,0.9598,0.8511,0.9367,0.9857,233367706.8,229475703.6,198539361,142154327.7,138020889.6,2955680,2677650.04,2181879.96,2189442.58,2081009.84,216800,5-story shear model,pending,,,,,,
Case0641,Struct0321,EI,ground_motion/ei3.txt,0.02,g,1,0.7944,0.8997,1.1893,0.0571,0.0348,3.193,5,0.8724,0.9499,0.9256,0.9538,1.0596,0.8645,1.0581,0.9518,1.0681,1.0701,124746220.8,124509092.4,110294496,102289327.2,101009548.8,3111162.6,3522298.51,2911537.16,2979005.67,2695753.12,297325,5-story shear model,pending,,,,,,
Case0642,Struct0321,NORTHRIDGE,ground_motion/northbridge.txt,0.02,g,1,0.7944,0.8997,1.1893,0.0571,0.0348,3.193,5,0.8724,0.9499,0.9256,0.9538,1.0596,0.8645,1.0581,0.9518,1.0681,1.0701,124746220.8,124509092.4,110294496,102289327.2,101009548.8,3111162.6,3522298.51,2911537.16,2979005.67,2695753.12,297325,5-story shear model,pending,,,,,,
Case0643,Struct0322,EI,ground_motion/ei3.txt,0.02,g,1,1.0844,1.123,0.8408,0.0583,0.0125,3.487,5,1.1286,1.1373,1.1433,1.0841,1.1239,0.9051,0.9626,1.1162,0.968,0.9074,220293691.2,203492539.8,185969178,158705735.4,146250859.2,4065709.2,3999699.26,4261874.84,3369898.4,2853228.56,210200,5-story shear model,pending,,,,,,
Case0644,Struct0322,NORTHRIDGE,ground_motion/northbridge.txt,0.02,g,1,1.0844,1.123,0.8408,0.0583,0.0125,3.487,5,1.1286,1.1373,1.1433,1.0841,1.1239,0.9051,0.9626,1.1162,0.968,0.9074,220293691.2,203492539.8,185969178,158705735.4,146250859.2,4065709.2,3999699.26,4261874.84,3369898.4,2853228.56,210200,5-story shear model,pending,,,,,,
Case0645,Struct0323,EI,ground_motion/ei3.txt,0.02,g,1,1.1558,0.9425,1.0939,0.0334,0.0291,3.371,5,0.8584,0.998,0.8878,1.0491,1.0923,0.9979,0.9494,0.8904,1.1452,0.9053,178584969.6,190325586,153917886,163694220.3,151497640.8,3762083,3310795.15,2853286.8,3345988.1,2389086.7,273475,5-story shear model,pending,,,,,,
Case0646,Struct0323,NORTHRIDGE,ground_motion/northbridge.txt,0.02,g,1,1.1558,0.9425,1.0939,0.0334,0.0291,3.371,5,0.8584,0.998,0.8878,1.0491,1.0923,0.9979,0.9494,0.8904,1.1452,0.9053,178584969.6,190325586,153917886,163694220.3,151497640.8,3762083,3310795.15,2853286.8,3345988.1,2389086.7,273475,5-story shear model,pending,,,,,,
Case0647,Struct0324,EI,ground_motion/ei3.txt,0.02,g,1,0.9709,0.893,1.1081,0.0465,0.0399,3.542,5,1.0006,1.1485,0.9466,1.026,1.0723,1.0418,1.0807,1.0042,1.1133,0.9967,174866857.2,183987977.3,137858091,134479359,124931528.4,3721309.6,3570740.87,3048952.04,3081948.39,2492148.68,277025,5-story shear model,pending,,,,,,
Case0648,Struct0324,NORTHRIDGE,ground_motion/northbridge.txt,0.02,g,1,0.9709,0.893,1.1081,0.0465,0.0399,3.542,5,1.0006,1.1485,0.9466,1.026,1.0723,1.0418,1.0807,1.0042,1.1133,0.9967,174866857.2,183987977.3,137858091,134479359,124931528.4,3721309.6,3570740.87,3048952.04,3081948.39,2492148.68,277025,5-story shear model,pending,,,,,,
Case0649,Struct0325,EI,ground_motion/ei3.txt,0.02,g,1,1.0357,0.8653,0.9532,0.0479,0.0208,3.005,5,1.044,1.0318,1.0788,0.8977,0.9466,1.0316,0.9518,1.0723,0.9671,1.0763,194628744,176324817.9,167596974,125515965.2,117647234.4,3570573.92,3047292.4,3154728.05,2594178.05,2607702.69,238300,5-story shear model,pending,,,,,,
Case0650,Struct0325,NORTHRIDGE,ground_motion/northbridge.txt,0.02,g,1,1.0357,0.8653,0.9532,0.0479,0.0208,3.005,5,1.044,1.0318,1.0788,0.8977,0.9466,1.0316,0.9518,1.0723,0.9671,1.0763,194628744,176324817.9,167596974,125515965.2,117647234.4,3570573.92,3047292.4,3154728.05,2594178.05,2607702.69,238300,5-story shear model,pending,,,,,,
Case0651,Struct0326,EI,ground_motion/ei3.txt,0.02,g,1,1.0461,1.1503,1.0307,0.0551,0.0289,3.207,5,1.1474,1.0898,1.0725,0.9329,0.8562,1.1402,0.9775,0.9877,0.942,1.0905,216053125.2,188106563.7,168291337.5,131747403.2,107480498.4,5246288.24,4160347.53,3862914.45,3359106.06,3512326.02,257675,5-story shear model,pending,,,,,,
Case0652,Struct0326,NORTHRIDGE,ground_motion/northbridge.txt,0.02,g,1,1.0461,1.1503,1.0307,0.0551,0.0289,3.207,5,1.1474,1.0898,1.0725,0.9329,0.8562,1.1402,0.9775,0.9877,0.942,1.0905,216053125.2,188106563.7,168291337.5,131747403.2,107480498.4,5246288.24,4160347.53,3862914.45,3359106.06,3512326.02,257675,5-story shear model,pending,,,,,,
Case0653,Struct0327,EI,ground_motion/ei3.txt,0.02,g,1,0.9645,1.2469,0.9755,0.0419,0.02,3.242,5,1.1012,0.8667,0.8898,0.8941,1.1429,1.1045,0.8521,0.9597,1.0984,0.8958,191179332,137928804.8,128731815,116418525.8,132279246,5508804.2,3931188.91,4068609.76,4245744.38,3127524.46,243875,5-story shear model,pending,,,,,,
Case0654,Struct0327,NORTHRIDGE,ground_motion/northbridge.txt,0.02,g,1,0.9645,1.2469,0.9755,0.0419,0.02,3.242,5,1.1012,0.8667,0.8898,0.8941,1.1429,1.1045,0.8521,0.9597,1.0984,0.8958,191179332,137928804.8,128731815,116418525.8,132279246,5508804.2,3931188.91,4068609.76,4245744.38,3127524.46,243875,5-story shear model,pending,,,,,,
Case0655,Struct0328,EI,ground_motion/ei3.txt,0.02,g,1,1.2466,0.9544,0.9815,0.0351,0.0192,3.299,5,1.026,0.9655,0.9454,0.8867,0.8998,0.9212,0.8505,0.9086,1.0204,1.0081,230222088,198592729.5,176780346,149223629.7,134602881.6,3516773.12,3003353.64,2948370.66,3018996.26,2693965.79,245375,5-story shear model,pending,,,,,,
Case0656,Struct0328,NORTHRIDGE,ground_motion/northbridge.txt,0.02,g,1,1.2466,0.9544,0.9815,0.0351,0.0192,3.299,5,1.026,0.9655,0.9454,0.8867,0.8998,0.9212,0.8505,0.9086,1.0204,1.0081,230222088,198592729.5,176780346,149223629.7,134602881.6,3516773.12,3003353.64,2948370.66,3018996.26,2693965.79,245375,5-story shear model,pending,,,,,,
Case0657,Struct0329,EI,ground_motion/ei3.txt,0.02,g,1,1.0102,0.8573,1.1505,0.0424,0.0292,3.302,5,1.042,1.0042,1.0148,0.8709,0.9506,0.855,1.0961,1.1013,1.021,0.8933,189473112,167383068.6,153772644,118770729.3,115235534.4,2931966,3476840.16,3210091.27,2713440.23,2144313.05,287625,5-story shear model,pending,,,,,,
Case0658,Struct0329,NORTHRIDGE,ground_motion/northbridge.txt,0.02,g,1,1.0102,0.8573,1.1505,0.0424,0.0292,3.302,5,1.042,1.0042,1.0148,0.8709,0.9506,0.855,1.0961,1.1013,1.021,0.8933,189473112,167383068.6,153772644,118770729.3,115235534.4,2931966,3476840.16,3210091.27,2713440.23,2144313.05,287625,5-story shear model,pending,,,,,,
Case0659,Struct0330,EI,ground_motion/ei3.txt,0.02,g,1,0.903,1.0029,1.1512,0.0681,0.0145,3.105,5,0.9278,0.9682,1.0463,1.0694,1.0538,0.9517,1.1282,0.8748,0.909,0.9701,150804612,144256959,141721335,130365207,114189768,3817839.72,4186445.59,2982945.53,2826071.91,2724157.21,287800,5-story shear model,pending,,,,,,
Case0660,Struct0330,NORTHRIDGE,ground_motion/northbridge.txt,0.02,g,1,0.903,1.0029,1.1512,0.0681,0.0145,3.105,5,0.9278,0.9682,1.0463,1.0694,1.0538,0.9517,1.1282,0.8748,0.909,0.9701,150804612,144256959,141721335,130365207,114189768,3817839.72,4186445.59,2982945.53,2826071.91,2724157.21,287800,5-story shear model,pending,,,,,,
Case0661,Struct0331,EI,ground_motion/ei3.txt,0.02,g,1,1.0782,0.96,0.9997,0.0664,0.027,3.352,5,0.8634,0.8886,0.9019,1.0624,0.8692,1.1365,0.9707,0.9816,0.8797,1.0478,167565218.4,158084605.8,145864287,154639756.8,112460572.8,4364160,3447926.4,3203942.4,2617987.2,2816486.4,249925,5-story shear model,pending,,,,,,
Case0662,Struct0331,NORTHRIDGE,ground_motion/northbridge.txt,0.02,g,1,1.0782,0.96,0.9997,0.0664,0.027,3.352,5,0.8634,0.8886,0.9019,1.0624,0.8692,1.1365,0.9707,0.9816,0.8797,1.0478,167565218.4,158084605.8,145864287,154639756.8,112460572.8,4364160,3447926.4,3203942.4,2617987.2,2816486.4,249925,5-story shear model,pending,,,,,,
Case0663,Struct0332,EI,ground_motion/ei3.txt,0.02,g,1,0.8953,0.8009,0.9634,0.0237,0.0475,3.04,5,0.8868,0.9881,1.081,0.9256,0.9184,1.0132,1.128,0.8783,1.0017,0.9905,142911367.2,145966578.5,145172895,111873106.8,98669222.4,3245887.52,3342636.24,2391663.6,2487010.74,2221216.06,240850,5-story shear model,pending,,,,,,
Case0664,Struct0332,NORTHRIDGE,ground_motion/northbridge.txt,0.02,g,1,0.8953,0.8009,0.9634,0.0237,0.0475,3.04,5,0.8868,0.9881,1.081,0.9256,0.9184,1.0132,1.128,0.8783,1.0017,0.9905,142911367.2,145966578.5,145172895,111873106.8,98669222.4,3245887.52,3342636.24,2391663.6,2487010.74,2221216.06,240850,5-story shear model,pending,,,,,,
Case0665,Struct0333,EI,ground_motion/ei3.txt,0.02,g,1,1.1442,1.0303,0.806,0.0445,0.015,3.454,5,0.8842,1.125,1.1025,1.1226,1.0628,0.959,1.1498,0.9534,1.1085,0.9167,182106295.2,212392125,189222075,173404654.2,145926691.2,3952230.8,4383164.08,3339779.27,3540471.41,2644532.83,201500,5-story shear model,pending,,,,,,
Case0666,Struct0333,NORTHRIDGE,ground_motion/northbridge.txt,0.02,g,1,1.1442,1.0303,0.806,0.0445,0.015,3.454,5,0.8842,1.125,1.1025,1.1226,1.0628,0.959,1.1498,0.9534,1.1085,0.9167,182106295.2,212392125,189222075,173404654.2,145926691.2,3952230.8,4383164.08,3339779.27,3540471.41,2644532.83,201500,5-story shear model,pending,,,,,,
Case0667,Struct0334,EI,ground_motion/ei3.txt,0.02,g,1,1.2067,0.8892,0.884,0.0264,0.0416,3.057,5,1.0331,1.127,1.0098,0.8685,0.9055,1.0618,0.9842,1.1219,1.0265,1.0734,224395518.6,224391898.5,182778849,141482558.3,131120022,3776610.24,3238057.37,3391817.83,2829567.78,2672508.38,221000,5-story shear model,pending,,,,,,
Case0668,Struct0334,NORTHRIDGE,ground_motion/northbridge.txt,0.02,g,1,1.2067,0.8892,0.884,0.0264,0.0416,3.057,5,1.0331,1.127,1.0098,0.8685,0.9055,1.0618,0.9842,1.1219,1.0265,1.0734,224395518.6,224391898.5,182778849,141482558.3,131120022,3776610.24,3238057.37,3391817.83,2829567.78,2672508.38,221000,5-story shear model,pending,,,,,,
Case0669,Struct0335,EI,ground_motion/ei3.txt,0.02,g,1,0.9182,1.1011,0.9674,0.0396,0.0328,3.06,5,1.0986,1.0936,0.8812,0.9094,1.1459,0.928,1.1028,0.9869,0.889,1.085,181572213.6,165683680.8,121367676,112726495.8,126259845.6,4087283.2,4492884.4,3694697.01,3034521.49,3345141.8,241850,5-story shear model,pending,,,,,,
Case0670,Struct0335,NORTHRIDGE,ground_motion/northbridge.txt,0.02,g,1,0.9182,1.1011,0.9674,0.0396,0.0328,3.06,5,1.0986,1.0936,0.8812,0.9094,1.1459,0.928,1.1028,0.9869,0.889,1.085,181572213.6,165683680.8,121367676,112726495.8,126259845.6,4087283.2,4492884.4,3694697.01,3034521.49,3345141.8,241850,5-story shear model,pending,,,,,,
Case0671,Struct0336,EI,ground_motion/ei3.txt,0.02,g,1,1.1604,1.2489,1.0181,0.0681,0.0441,3.267,5,1.0079,1.0839,1.0564,0.9286,0.9428,1.0418,1.118,1.0419,0.9456,0.8875,210522088.8,207529997.4,183876984,145468904.4,131283014.4,5204416.08,5166199.74,4424178.29,3660975.5,3103516.5,254525,5-story shear model,pending,,,,,,
Case0672,Struct0336,NORTHRIDGE,ground_motion/northbridge.txt,0.02,g,1,1.1604,1.2489,1.0181,0.0681,0.0441,3.267,5,1.0079,1.0839,1.0564,0.9286,0.9428,1.0418,1.118,1.0419,0.9456,0.8875,210522088.8,207529997.4,183876984,145468904.4,131283014.4,5204416.08,5166199.74,4424178.29,3660975.5,3103516.5,254525,5-story shear model,pending,,,,,,
Case0673,Struct0337,EI,ground_motion/ei3.txt,0.02,g,1,1.1655,0.9725,1.121,0.0352,0.0447,3.329,5,1.123,0.9612,1.0251,1.0828,1.0319,0.9084,0.9445,0.8672,0.9528,0.8679,235594170,184845969,179213107.5,170370459,144321534,3533676,3398547.12,2867396.8,2872453.8,2363291.7,280250,5-story shear model,pending,,,,,,
Case0674,Struct0337,NORTHRIDGE,ground_motion/northbridge.txt,0.02,g,1,1.1655,0.9725,1.121,0.0352,0.0447,3.329,5,1.123,0.9612,1.0251,1.0828,1.0319,0.9084,0.9445,0.8672,0.9528,0.8679,235594170,184845969,179213107.5,170370459,144321534,3533676,3398547.12,2867396.8,2872453.8,2363291.7,280250,5-story shear model,pending,,,,,,
Case0675,Struct0338,EI,ground_motion/ei3.txt,0.02,g,1,1.1602,0.8329,0.9743,0.0432,0.0112,3.265,5,1.147,1.0476,0.9567,1.0408,1.0915,1.0481,0.8711,1.0773,0.95,1.0559,239534892,200545210.8,166494501,163017381.6,151962996,3491849.96,2684495,3050762.78,2452890.5,2462485.51,243575,5-story shear model,pending,,,,,,
Case0676,Struct0338,NORTHRIDGE,ground_motion/northbridge.txt,0.02,g,1,1.1602,0.8329,0.9743,0.0432,0.0112,3.265,5,1.147,1.0476,0.9567,1.0408,1.0915,1.0481,0.8711,1.0773,0.95,1.0559,239534892,200545210.8,166494501,163017381.6,151962996,3491849.96,2684495,3050762.78,2452890.5,2462485.51,243575,5-story shear model,pending,,,,,,
Case0677,Struct0339,EI,ground_motion/ei3.txt,0.02,g,1,1.1295,0.7592,1.0663,0.0723,0.0101,3.059,5,0.9821,1.0228,0.9331,0.8545,0.8893,0.9733,1.0389,1.0944,0.9143,1.1248,199670751,190616679,158090467.5,130296296.3,120535722,2955717.44,2918311.66,2824952.83,2151823.34,2391054.85,266575,5-story shear model,pending,,,,,,
Case0678,Struct0339,NORTHRIDGE,ground_motion/northbridge.txt,0.02,g,1,1.1295,0.7592,1.0663,0.0723,0.0101,3.059,5,0.9821,1.0228,0.9331,0.8545,0.8893,0.9733,1.0389,1.0944,0.9143,1.1248,199670751,190616679,158090467.5,130296296.3,120535722,2955717.44,2918311.66,2824952.83,2151823.34,2391054.85,266575,5-story shear model,pending,,,,,,
Case0679,Struct0340,EI,ground_motion/ei3.txt,0.02,g,1,1.2241,0.992,1.1068,0.0364,0.0109,3.411,5,1.1287,0.9243,1.0187,0.8517,1.1323,1.0924,0.9471,0.9523,0.9027,1.1293,248695500.6,186686879,187048600.5,140746406,166325811.6,4334643.2,3476235.84,3211917.44,2775983.04,3136743.68,276700,5-story shear model,pending,,,,,,
Case0680,Struct0340,NORTHRIDGE,ground_motion/northbridge.txt,0.02,g,1,1.2241,0.992,1.1068,0.0364,0.0109,3.411,5,1.1287,0.9243,1.0187,0.8517,1.1323,1.0924,0.9471,0.9523,0.9027,1.1293,248695500.6,186686879,187048600.5,140746406,166325811.6,4334643.2,3476235.84,3211917.44,2775983.04,3136743.68,276700,5-story shear model,pending,,,,,,
Case0681,Struct0341,EI,ground_motion/ei3.txt,0.02,g,1,1.1152,1.2297,1.1011,0.0516,0.0186,3.596,5,0.9022,0.9025,0.9745,0.8874,0.9829,0.8516,1.0179,1.1083,0.8954,0.8558,181104019.2,166067220,163014360,133599844.8,131535609.6,4188850.08,4631333.03,4633780.13,3413327.48,2946656.33,275275,5-story shear model,pending,,,,,,
Case0682,Struct0341,NORTHRIDGE,ground_motion/northbridge.txt,0.02,g,1,1.1152,1.2297,1.1011,0.0516,0.0186,3.596,5,0.9022,0.9025,0.9745,0.8874,0.9829,0.8516,1.0179,1.1083,0.8954,0.8558,181104019.2,166067220,163014360,133599844.8,131535609.6,4188850.08,4631333.03,4633780.13,3413327.48,2946656.33,275275,5-story shear model,pending,,,,,,
Case0683,Struct0342,EI,ground_motion/ei3.txt,0.02,g,1,1.0736,1.207,1.1018,0.032,0.012,3.422,5,0.9492,1.0729,0.8744,0.8713,1.1306,0.9518,0.926,1.1171,1.123,1.04,183431001.6,190057797.6,140813376,126282736.8,145657459.2,4595290.4,4135423.4,4584354.98,4201929.1,3514784,275450,5-story shear model,pending,,,,,,
Case0684,Struct0342,NORTHRIDGE,ground_motion/northbridge.txt,0.02,g,1,1.0736,1.207,1.1018,0.032,0.012,3.422,5,0.9492,1.0729,0.8744,0.8713,1.1306,0.9518,0.926,1.1171,1.123,1.04,183431001.6,190057797.6,140813376,126282736.8,145657459.2,4595290.4,4135423.4,4584354.98,4201929.1,3514784,275450,5-story shear model,pending,,,,,,
Case0685,Struct0343,EI,ground_motion/ei3.txt,0.02,g,1,1.1775,0.966,0.9348,0.0261,0.0189,3.345,5,1.0138,0.8843,0.909,1.1362,0.9302,0.9123,0.939,0.8787,0.9184,0.9225,214874910,171808436.3,160552125,180613192.5,131437260,3525127.2,3356173.8,2886002.28,2750240.64,2495178,233700,5-story shear model,pending,,,,,,
Case0686,Struct0343,NORTHRIDGE,ground_motion/northbridge.txt,0.02,g,1,1.1775,0.966,0.9348,0.0261,0.0189,3.345,5,1.0138,0.8843,0.909,1.1362,0.9302,0.9123,0.939,0.8787,0.9184,0.9225,214874910,171808436.3,160552125,180613192.5,131437260,3525127.2,3356173.8,2886002.28,2750240.64,2495178,233700,5-story shear model,pending,,,,,,
Case0687,Struct0344,EI,ground_motion/ei3.txt,0.02,g,1,1.2358,1.0306,0.8913,0.0485,0.0337,3.401,5,0.8953,0.9033,0.8547,0.9555,1.135,0.9247,1.1253,0.9747,0.8861,1.1063,199154113.2,184189193.1,158435739,159408931.5,168315960,3811983.28,4291016.47,3415387.79,2830965.45,3192427.78,222825,5-story shear model,pending,,,,,,
Case0688,Struct0344,NORTHRIDGE,ground_motion/northbridge.txt,0.02,g,1,1.2358,1.0306,0.8913,0.0485,0.0337,3.401,5,0.8953,0.9033,0.8547,0.9555,1.135,0.9247,1.1253,0.9747,0.8861,1.1063,199154113.2,184189193.1,158435739,159408931.5,168315960,3811983.28,4291016.47,3415387.79,2830965.45,3192427.78,222825,5-story shear model,pending,,,,,,
Case0689,Struct0345,EI,ground_motion/ei3.txt,0.02,g,1,1.0556,1.1286,1.0529,0.0589,0.0259,3.353,5,0.942,0.8922,0.884,1.0757,1.0066,1.1093,0.9912,1.1377,0.908,0.9188,178987536,155398042.8,139972560,153293704.2,127508035.2,5007823.92,4139072.78,4365627.95,3176783.28,2903481.5,263225,5-story shear model,pending,,,,,,
Case0690,Struct0345,NORTHRIDGE,ground_motion/northbridge.txt,0.02,g,1,1.0556,1.1286,1.0529,0.0589,0.0259,3.353,5,0.942,0.8922,0.884,1.0757,1.0066,1.1093,0.9912,1.1377,0.908,0.9188,178987536,155398042.8,139972560,153293704.2,127508035.2,5007823.92,4139072.78,4365627.95,3176783.28,2903481.5,263225,5-story shear model,pending,,,,,,
Case0691,Struct0346,EI,ground_motion/ei3.txt,0.02,g,1,1.0855,0.7592,0.9549,0.047,0.0198,3.382,5,1.1164,1.064,0.9359,1.135,0.8611,0.8969,0.9501,1.0751,1.0121,1.0824,218133396,190570380,152387917.5,166325737.5,112166886,2723705.92,2668868.9,2775134.13,2381997.59,2300922.62,238725,5-story shear model,pending,,,,,,
Case0692,Struct0346,NORTHRIDGE,ground_motion/northbridge.txt,0.02,g,1,1.0855,0.7592,0.9549,0.047,0.0198,3.382,5,1.1164,1.064,0.9359,1.135,0.8611,0.8969,0.9501,1.0751,1.0121,1.0824,218133396,190570380,152387917.5,166325737.5,112166886,2723705.92,2668868.9,2775134.13,2381997.59,2300922.62,238725,5-story shear model,pending,,,,,,
Case0693,Struct0347,EI,ground_motion/ei3.txt,0.02,g,1,0.8505,1.2363,0.9861,0.0452,0.0254,3.298,5,0.9409,0.9832,0.9122,1.0899,0.8831,1.1144,0.9097,1.0383,1.073,1.0827,144042381,137974914,116373915,125139593.3,90129186,5510930.88,4161249.81,4364410.99,4112304.69,3747917.63,246525,5-story shear model,pending,,,,,,
Case0694,Struct0347,NORTHRIDGE,ground_motion/northbridge.txt,0.02,g,1,0.8505,1.2363,0.9861,0.0452,0.0254,3.298,5,0.9409,0.9832,0.9122,1.0899,0.8831,1.1144,0.9097,1.0383,1.073,1.0827,144042381,137974914,116373915,125139593.3,90129186,5510930.88,4161249.81,4364410.99,4112304.69,3747917.63,246525,5-story shear model,pending,,,,,,
Case0695,Struct0348,EI,ground_motion/ei3.txt,0.02,g,1,0.9233,1.0267,1.1549,0.0781,0.0378,3.314,5,0.8627,1.0012,1.127,1.0867,0.9543,0.8596,1.1333,0.9343,0.9758,1.0869,143375563.8,152527313.4,156083865,135452264.9,105732622.8,3530205.28,4305168.71,3261435.75,3105746.97,3124576.64,288725,5-story shear model,pending,,,,,,
Case0696,Struct0348,NORTHRIDGE,ground_motion/northbridge.txt,0.02,g,1,0.9233,1.0267,1.1549,0.0781,0.0378,3.314,5,0.8627,1.0012,1.127,1.0867,0.9543,0.8596,1.1333,0.9343,0.9758,1.0869,143375563.8,152527313.4,156083865,135452264.9,105732622.8,3530205.28,4305168.71,3261435.75,3105746.97,3124576.64,288725,5-story shear model,pending,,,,,,
Case0697,Struct0349,EI,ground_motion/ei3.txt,0.02,g,1,1.2257,1.0999,0.8906,0.0489,0.0366,3.491,5,0.9014,1.0153,1.0159,0.9531,0.9792,1.0966,0.9915,0.9449,0.9009,1.0822,198872276.4,205334779.7,186778294.5,157708980.5,144024652.8,4824601.36,4035038.15,3533604.73,3071789.72,3332872.98,222650,5-story shear model,pending,,,,,,
Case0698,Struct0349,NORTHRIDGE,ground_motion/northbridge.txt,0.02,g,1,1.2257,1.0999,0.8906,0.0489,0.0366,3.491,5,0.9014,1.0153,1.0159,0.9531,0.9792,1.0966,0.9915,0.9449,0.9009,1.0822,198872276.4,205334779.7,186778294.5,157708980.5,144024652.8,4824601.36,4035038.15,3533604.73,3071789.72,3332872.98,222650,5-story shear model,pending,,,,,,
Case0699,Struct0350,EI,ground_motion/ei3.txt,0.02,g,1,0.8013,0.8742,1.0059,0.063,0.015,3.048,5,1.0789,1.1357,0.9449,0.8983,1.0803,0.981,1.094,0.9082,1.1356,1.0381,155614062.6,150156007.7,113572255.5,97174051.65,103877326.8,3430360.8,3538586.76,2699424.7,3077498.71,2541019.66,251475,5-story shear model,pending,,,,,,
Case0700,Struct0350,NORTHRIDGE,ground_motion/northbridge.txt,0.02,g,1,0.8013,0.8742,1.0059,0.063,0.015,3.048,5,1.0789,1.1357,0.9449,0.8983,1.0803,0.981,1.094,0.9082,1.1356,1.0381,155614062.6,150156007.7,113572255.5,97174051.65,103877326.8,3430360.8,3538586.76,2699424.7,3077498.71,2541019.66,251475,5-story shear model,pending,,,,,,
Case0701,Struct0351,EI,ground_motion/ei3.txt,0.02,g,1,1.2177,1.1026,1.1723,0.0265,0.0383,3.304,5,0.917,1.0737,0.9927,1.0902,0.9385,0.9816,0.8615,1.1039,0.9093,1.0021,200993562,215728340.9,181321618.5,179217432.9,137137374,4329248.64,3514592.63,4138344.48,3108041.96,3093763.29,293075,5-story shear model,pending,,,,,,
Case0702,Struct0351,NORTHRIDGE,ground_motion/northbridge.txt,0.02,g,1,1.2177,1.1026,1.1723,0.0265,0.0383,3.304,5,0.917,1.0737,0.9927,1.0902,0.9385,0.9816,0.8615,1.1039,0.9093,1.0021,200993562,215728340.9,181321618.5,179217432.9,137137374,4329248.64,3514592.63,4138344.48,3108041.96,3093763.29,293075,5-story shear model,pending,,,,,,
Case0703,Struct0352,EI,ground_motion/ei3.txt,0.02,g,1,0.9354,0.8404,1.171,0.0724,0.0471,3.165,5,0.9728,0.8769,0.9707,0.8838,1.1145,0.9776,0.9252,0.9522,1.088,0.8858,163792281.6,135341622.9,136198917,111605380.2,125100396,3286300.16,2876890.9,2720778.19,2834501.12,2084393.7,292750,5-story shear model,pending,,,,,,
Case0704,Struct0352,NORTHRIDGE,ground_motion/northbridge.txt,0.02,g,1,0.9354,0.8404,1.171,0.0724,0.0471,3.165,5,0.9728,0.8769,0.9707,0.8838,1.1145,0.9776,0.9252,0.9522,1.088,0.8858,163792281.6,135341622.9,136198917,111605380.2,125100396,3286300.16,2876890.9,2720778.19,2834501.12,2084393.7,292750,5-story shear model,pending,,,,,,
Case0705,Struct0353,EI,ground_motion/ei3.txt,0.02,g,1,0.8934,1.0352,0.9446,0.0771,0.035,3.511,5,1.107,0.8801,0.9848,0.9112,1.0789,1.0665,0.862,1.0784,0.9608,0.9727,178018884,129736421.1,131973048,109898920.8,115666711.2,4416163.2,3301666.88,3795622.91,3083322.5,2819429.31,236150,5-story shear model,pending,,,,,,
Case0706,Struct0353,NORTHRIDGE,ground_motion/northbridge.txt,0.02,g,1,0.8934,1.0352,0.9446,0.0771,0.035,3.511,5,1.107,0.8801,0.9848,0.9112,1.0789,1.0665,0.862,1.0784,0.9608,0.9727,178018884,129736421.1,131973048,109898920.8,115666711.2,4416163.2,3301666.88,3795622.91,3083322.5,2819429.31,236150,5-story shear model,pending,,,,,,
Case0707,Struct0354,EI,ground_motion/ei3.txt,0.02,g,1,0.8672,0.9611,0.8358,0.0261,0.0225,3.517,5,0.9887,0.9308,0.8758,0.9109,0.9399,0.8697,1.0885,1.0312,1.0688,1.0178,154332115.2,133186310.4,113924064,106640884.8,97809753.6,3343474.68,3870782.2,3369693.49,3184393.41,2738981.22,208950,5-story shear model,pending,,,,,,
Case0708,Struct0354,NORTHRIDGE,ground_motion/northbridge.txt,0.02,g,1,0.8672,0.9611,0.8358,0.0261,0.0225,3.517,5,0.9887,0.9308,0.8758,0.9109,0.9399,0.8697,1.0885,1.0312,1.0688,1.0178,154332115.2,133186310.4,113924064,106640884.8,97809753.6,3343474.68,3870782.2,3369693.49,3184393.41,2738981.22,208950,5-story shear model,pending,,,,,,
Case0709,Struct0355,EI,ground_motion/ei3.txt,0.02,g,1,1.059,1.1279,1.1162,0.0716,0.0443,3.328,5,0.859,0.9403,0.878,1.0252,1.0809,0.9438,1.1078,1.0587,1.1149,1.0493,163742580,164303320.5,139470300,146567718,137360772,4258048.08,4623104.19,4059966.28,3898236.7,3313815.32,279050,5-story shear model,pending,,,,,,
Case0710,Struct0355,NORTHRIDGE,ground_motion/northbridge.txt,0.02,g,1,1.059,1.1279,1.1162,0.0716,0.0443,3.328,5,0.859,0.9403,0.878,1.0252,1.0809,0.9438,1.1078,1.0587,1.1149,1.0493,163742580,164303320.5,139470300,146567718,137360772,4258048.08,4623104.19,4059966.28,3898236.7,3313815.32,279050,5-story shear model,pending,,,,,,
Case0711,Struct0356,EI,ground_motion/ei3.txt,0.02,g,1,1.2054,0.8951,1.1264,0.075,0.0476,3.567,5,1.0563,1.0107,1.0743,1.0699,0.8748,0.9161,1.0461,0.8549,1.1027,0.9738,229187523.6,201019133.7,194244183,174103757.1,126538070.4,3280004.44,3464547.21,2601751.37,3059782.99,2440615.46,281600,5-story shear model,pending,,,,,,
Case0712,Struct0356,NORTHRIDGE,ground_motion/northbridge.txt,0.02,g,1,1.2054,0.8951,1.1264,0.075,0.0476,3.567,5,1.0563,1.0107,1.0743,1.0699,0.8748,0.9161,1.0461,0.8549,1.1027,0.9738,229187523.6,201019133.7,194244183,174103757.1,126538070.4,3280004.44,3464547.21,2601751.37,3059782.99,2440615.46,281600,5-story shear model,pending,,,,,,
Case0713,Struct0357,EI,ground_motion/ei3.txt,0.02,g,1,1.0756,1.049,1.0556,0.0702,0.019,3.242,5,1.0698,0.8617,0.9304,1.0542,1.0773,0.912,0.8886,1.0123,1.0367,1.0022,207121838.4,152929345.8,150110736,153076165.2,139049265.6,3826752,3448923.18,3610469.18,3371244.73,2943661.84,263900,5-story shear model,pending,,,,,,
Case0714,Struct0357,NORTHRIDGE,ground_motion/northbridge.txt,0.02,g,1,1.0756,1.049,1.0556,0.0702,0.019,3.242,5,1.0698,0.8617,0.9304,1.0542,1.0773,0.912,0.8886,1.0123,1.0367,1.0022,207121838.4,152929345.8,150110736,153076165.2,139049265.6,3826752,3448923.18,3610469.18,3371244.73,2943661.84,263900,5-story shear model,pending,,,,,,
Case0715,Struct0358,EI,ground_motion/ei3.txt,0.02,g,1,0.7512,1.0122,1.09,0.0284,0.0325,3.258,5,0.8983,0.8531,0.9013,1.0649,1.1073,1.0059,1.1426,1.0817,0.9523,1.0538,121464532.8,105740038.8,101558484,107993638.8,99816451.2,4072687.92,4279196.96,3722648.92,2988145.99,2986637.81,272500,5-story shear model,pending,,,,,,
Case0716,Struct0358,NORTHRIDGE,ground_motion/northbridge.txt,0.02,g,1,0.7512,1.0122,1.09,0.0284,0.0325,3.258,5,0.8983,0.8531,0.9013,1.0649,1.1073,1.0059,1.1426,1.0817,0.9523,1.0538,121464532.8,105740038.8,101558484,107993638.8,99816451.2,4072687.92,4279196.96,3722648.92,2988145.99,2986637.81,272500,5-story shear model,pending,,,,,,
Case0717,Struct0359,EI,ground_motion/ei3.txt,0.02,g,1,0.7907,1.136,1.041,0.0343,0.0171,3.295,5,1.0563,1.0418,1.013,0.9411,1.1195,1.1104,1.0666,1.1153,0.9386,1.1071,150338953.8,135918957.9,120146865,100457249,106222638,5045657.6,4483133.12,4307734.72,3305373.76,3521463.68,260250,5-story shear model,pending,,,,,,
Case0718,Struct0359,NORTHRIDGE,ground_motion/northbridge.txt,0.02,g,1,0.7907,1.136,1.041,0.0343,0.0171,3.295,5,1.0563,1.0418,1.013,0.9411,1.1195,1.1104,1.0666,1.1153,0.9386,1.1071,150338953.8,135918957.9,120146865,100457249,106222638,5045657.6,4483133.12,4307734.72,3305373.76,3521463.68,260250,5-story shear model,pending,,,,,,
Case0719,Struct0360,EI,ground_motion/ei3.txt,0.02,g,1,0.7775,1.03,1.1869,0.024,0.0194,3.446,5,0.8823,1.0398,0.9939,0.9598,0.8522,1.0884,1.0953,1.0683,0.8691,1.0755,123477885,133393342.5,115913587.5,100743007.5,79510260,4484208,4174188.3,3741186.6,2775036.3,3101742,296725,5-story shear model,pending,,,,,,
Case0720,Struct0360,NORTHRIDGE,ground_motion/northbridge.txt,0.02,g,1,0.7775,1.03,1.1869,0.024,0.0194,3.446,5,0.8823,1.0398,0.9939,0.9598,0.8522,1.0884,1.0953,1.0683,0.8691,1.0755,123477885,133393342.5,115913587.5,100743007.5,79510260,4484208,4174188.3,3741186.6,2775036.3,3101742,296725,5-story shear model,pending,,,,,,
Case0721,Struct0361,EI,ground_motion/ei3.txt,0.02,g,1,0.9264,1.0802,1.1362,0.0509,0.0134,3.444,5,1.1395,1.0279,1.1165,1.1139,1.0768,0.9188,1.1126,1.0897,1.1374,1.0107,190013904,157120682.4,155148840,139308789.6,119705702.4,3969951.04,4446772.92,4002119.4,3808720.39,3056922.79,284050,5-story shear model,pending,,,,,,
Case0722,Struct0361,NORTHRIDGE,ground_motion/northbridge.txt,0.02,g,1,0.9264,1.0802,1.1362,0.0509,0.0134,3.444,5,1.1395,1.0279,1.1165,1.1139,1.0768,0.9188,1.1126,1.0897,1.1374,1.0107,190013904,157120682.4,155148840,139308789.6,119705702.4,3969951.04,4446772.92,4002119.4,3808720.39,3056922.79,284050,5-story shear model,pending,,,,,,
Case0723,Struct0362,EI,ground_motion/ei3.txt,0.02,g,1,1.1947,1.0239,1.1281,0.0759,0.0267,3.077,5,0.9006,0.8524,0.8975,1.0492,0.9423,0.8981,1.0986,0.93,1.003,1.0851,193670427.6,168029776.2,160836487.5,169219697.4,135091897.2,3678258.36,4161969.2,3237571.8,3183612.27,3110894.89,282025,5-story shear model,pending,,,,,,
Case0724,Struct0362,NORTHRIDGE,ground_motion/northbridge.txt,0.02,g,1,1.1947,1.0239,1.1281,0.0759,0.0267,3.077,5,0.9006,0.8524,0.8975,1.0492,0.9423,0.8981,1.0986,0.93,1.003,1.0851,193670427.6,168029776.2,160836487.5,169219697.4,135091897.2,3678258.36,4161969.2,3237571.8,3183612.27,3110894.89,282025,5-story shear model,pending,,,,,,
Case0725,Struct0363,EI,ground_motion/ei3.txt,0.02,g,1,0.9207,1.2422,0.9827,0.0763,0.02,3.511,5,0.9816,0.8654,1.0592,0.9524,0.9726,0.9379,0.9117,1.0097,1.0401,1.0967,162676641.6,131467673.7,146280816,118378081.8,107456738.4,4660237.52,4190300.84,4264447.76,4005237.88,3814498.07,245675,5-story shear model,pending,,,,,,
Case0726,Struct0363,NORTHRIDGE,ground_motion/northbridge.txt,0.02,g,1,0.9207,1.2422,0.9827,0.0763,0.02,3.511,5,0.9816,0.8654,1.0592,0.9524,0.9726,0.9379,0.9117,1.0097,1.0401,1.0967,162676641.6,131467673.7,146280816,118378081.8,107456738.4,4660237.52,4190300.84,4264447.76,4005237.88,3814498.07,245675,5-story shear model,pending,,,,,,
Case0727,Struct0364,EI,ground_motion/ei3.txt,0.02,g,1,0.9749,0.7767,1.1145,0.0557,0.0102,3.303,5,1.142,0.9615,0.874,0.8905,0.9916,0.8821,1.1186,0.9117,0.9669,1.1288,200400444,154665447.8,127809390,117200040.8,116005300.8,2740508.28,3214621.49,2407599.13,2328072.81,2454869.09,278625,5-story shear model,pending,,,,,,
Case0728,Struct0364,NORTHRIDGE,ground_motion/northbridge.txt,0.02,g,1,0.9749,0.7767,1.1145,0.0557,0.0102,3.303,5,1.142,0.9615,0.874,0.8905,0.9916,0.8821,1.1186,0.9117,0.9669,1.1288,200400444,154665447.8,127809390,117200040.8,116005300.8,2740508.28,3214621.49,2407599.13,2328072.81,2454869.09,278625,5-story shear model,pending,,,,,,
Case0729,Struct0365,EI,ground_motion/ei3.txt,0.02,g,1,1.0403,1.0723,0.8246,0.0792,0.0111,3.588,5,1.0317,1.0929,0.8606,1.1355,0.8585,1.0127,0.9926,1.1417,1.1295,1.0048,193189951.8,187595738.6,134292327,159470187.8,107171706,4343672.84,3938150.43,4162432.69,3754604.83,3016851.71,206150,5-story shear model,pending,,,,,,
Case0730,Struct0365,NORTHRIDGE,ground_motion/northbridge.txt,0.02,g,1,1.0403,1.0723,0.8246,0.0792,0.0111,3.588,5,1.0317,1.0929,0.8606,1.1355,0.8585,1.0127,0.9926,1.1417,1.1295,1.0048,193189951.8,187595738.6,134292327,159470187.8,107171706,4343672.84,3938150.43,4162432.69,3754604.83,3016851.71,206150,5-story shear model,pending,,,,,,
Case0731,Struct0366,EI,ground_motion/ei3.txt,0.02,g,1,1.1988,1.0779,0.9365,0.0525,0.0362,3.424,5,0.9341,0.9559,0.9823,1.0235,1.1186,1.0483,1.1175,0.8829,1.1296,1.0036,201563834.4,189078931.8,176637186,165641193,160917321.6,4519850.28,4456847.03,3235704.89,3774547.1,3028985.23,234125,5-story shear model,pending,,,,,,
Case0732,Struct0366,NORTHRIDGE,ground_motion/northbridge.txt,0.02,g,1,1.1988,1.0779,0.9365,0.0525,0.0362,3.424,5,0.9341,0.9559,0.9823,1.0235,1.1186,1.0483,1.1175,0.8829,1.1296,1.0036,201563834.4,189078931.8,176637186,165641193,160917321.6,4519850.28,4456847.03,3235704.89,3774547.1,3028985.23,234125,5-story shear model,pending,,,,,,
Case0733,Struct0367,EI,ground_motion/ei3.txt,0.02,g,1,0.9932,1.0825,1.1527,0.0503,0.0454,3.014,5,0.9528,0.966,1.0716,1.1427,1.0456,1.1435,0.9969,1.0956,0.9422,0.863,170337772.8,158306148,159646968,153215501.4,124618790.4,4951355,3992833.73,4032355.8,3161787.65,2615753,288175,5-story shear model,pending,,,,,,
Case0734,Struct0367,NORTHRIDGE,ground_motion/northbridge.txt,0.02,g,1,0.9932,1.0825,1.1527,0.0503,0.0454,3.014,5,0.9528,0.966,1.0716,1.1427,1.0456,1.1435,0.9969,1.0956,0.9422,0.863,170337772.8,158306148,159646968,153215501.4,124618790.4,4951355,3992833.73,4032355.8,3161787.65,2615753,288175,5-story shear model,pending,,,,,,
Case0735,Struct0368,EI,ground_motion/ei3.txt,0.02,g,1,0.9637,1.0449,1.0486,0.0451,0.0411,3.531,5,1.0991,1.0732,1.0579,1.0877,1.0998,1.1262,1.0176,1.1178,1.0488,1.0996,190656480.6,170650068.6,152924734.5,141509226.2,127185271.2,4707065.52,3934173.89,3971163.35,3397262.47,3217121.71,262150,5-story shear model,pending,,,,,,
Case0736,Struct0368,NORTHRIDGE,ground_motion/northbridge.txt,0.02,g,1,0.9637,1.0449,1.0486,0.0451,0.0411,3.531,5,1.0991,1.0732,1.0579,1.0877,1.0998,1.1262,1.0176,1.1178,1.0488,1.0996,190656480.6,170650068.6,152924734.5,141509226.2,127185271.2,4707065.52,3934173.89,3971163.35,3397262.47,3217121.71,262150,5-story shear model,pending,,,,,,
Case0737,Struct0369,EI,ground_motion/ei3.txt,0.02,g,1,1.1881,1.1645,0.8139,0.048,0.0184,3.094,5,1.1126,0.9001,0.8678,0.9716,1.1214,1.1417,1.072,0.8531,1.0339,0.8679,237938410.8,176452453.7,154654977,155838324.6,159880240.8,5318038.6,4618872.8,3377678.83,3732327.31,2829874.74,203475,5-story shear model,pending,,,,,,
Case0738,Struct0369,NORTHRIDGE,ground_motion/northbridge.txt,0.02,g,1,1.1881,1.1645,0.8139,0.048,0.0184,3.094,5,1.1126,0.9001,0.8678,0.9716,1.1214,1.1417,1.072,0.8531,1.0339,0.8679,237938410.8,176452453.7,154654977,155838324.6,159880240.8,5318038.6,4618872.8,3377678.83,3732327.31,2829874.74,203475,5-story shear model,pending,,,,,,
Case0739,Struct0370,EI,ground_motion/ei3.txt,0.02,g,1,0.9883,0.8832,0.9598,0.0411,0.0359,3.131,5,1.0403,0.9538,1.1454,0.9865,0.9183,1.0779,0.8818,0.9276,0.8652,1.0818,185063128.2,155535689.1,169799823,131619323.3,108906706.8,3808005.12,2881581.31,2785471.49,2368848.38,2675248.13,239950,5-story shear model,pending,,,,,,
Case0740,Struct0370,NORTHRIDGE,ground_motion/northbridge.txt,0.02,g,1,0.9883,0.8832,0.9598,0.0411,0.0359,3.131,5,1.0403,0.9538,1.1454,0.9865,0.9183,1.0779,0.8818,0.9276,0.8652,1.0818,185063128.2,155535689.1,169799823,131619323.3,108906706.8,3808005.12,2881581.31,2785471.49,2368848.38,2675248.13,239950,5-story shear model,pending,,,,,,
Case0741,Struct0371,EI,ground_motion/ei3.txt,0.02,g,1,1.089,0.9589,1.0533,0.0652,0.0199,3.411,5,1.0047,0.916,1.0796,1.0452,1.1307,1.0276,0.9857,1.0915,0.954,1.1037,196941294,164591460,176352660,153660078,147759876,3941462.56,3497194.6,3558573.79,2835850.86,2963346.2,263325,5-story shear model,pending,,,,,,
Case0742,Struct0371,NORTHRIDGE,ground_motion/northbridge.txt,0.02,g,1,1.089,0.9589,1.0533,0.0652,0.0199,3.411,5,1.0047,0.916,1.0796,1.0452,1.1307,1.0276,0.9857,1.0915,0.954,1.1037,196941294,164591460,176352660,153660078,147759876,3941462.56,3497194.6,3558573.79,2835850.86,2963346.2,263325,5-story shear model,pending,,,,,,
Case0743,Struct0372,EI,ground_motion/ei3.txt,0.02,g,1,1.2309,0.9042,1.0987,0.0762,0.0269,3.093,5,0.91,0.8865,1.1036,1.0409,1.1026,0.8843,0.9554,0.8525,1.1233,0.8948,201621420,180046820.3,203763186,172967914.4,162862840.8,3198336.24,3196328.92,2620823.7,3148632.37,2265418.85,274675,5-story shear model,pending,,,,,,
Case0744,Struct0372,NORTHRIDGE,ground_motion/northbridge.txt,0.02,g,1,1.2309,0.9042,1.0987,0.0762,0.0269,3.093,5,0.91,0.8865,1.1036,1.0409,1.1026,0.8843,0.9554,0.8525,1.1233,0.8948,201621420,180046820.3,203763186,172967914.4,162862840.8,3198336.24,3196328.92,2620823.7,3148632.37,2265418.85,274675,5-story shear model,pending,,,,,,
Case0745,Struct0373,EI,ground_motion/ei3.txt,0.02,g,1,0.847,1.0119,1.1598,0.0684,0.0383,3.088,5,1.0901,1.0138,1.0632,1.0033,1.1337,1.0667,1.0788,0.9542,0.9387,0.9253,166196646,141683619,135079560,114722338.5,115229268,4317574.92,4039059.56,3282886.93,2944598.64,2621671,289950,5-story shear model,pending,,,,,,
Case0746,Struct0373,NORTHRIDGE,ground_motion/northbridge.txt,0.02,g,1,0.847,1.0119,1.1598,0.0684,0.0383,3.088,5,1.0901,1.0138,1.0632,1.0033,1.1337,1.0667,1.0788,0.9542,0.9387,0.9253,166196646,141683619,135079560,114722338.5,115229268,4317574.92,4039059.56,3282886.93,2944598.64,2621671,289950,5-story shear model,pending,,,,,,
Case0747,Struct0374,EI,ground_motion/ei3.txt,0.02,g,1,0.9536,1.1106,0.937,0.0646,0.0301,3.088,5,1.0762,0.9914,0.9053,0.9181,0.9773,1.0221,1.1362,1.1303,0.8601,1.0278,184727577.6,155990841.6,129494112,118192521.6,111834393.6,4540577.04,4668895.76,4268058.01,2961203.89,3196129.1,234250,5-story shear model,pending,,,,,,
Case0748,Struct0374,NORTHRIDGE,ground_motion/northbridge.txt,0.02,g,1,0.9536,1.1106,0.937,0.0646,0.0301,3.088,5,1.0762,0.9914,0.9053,0.9181,0.9773,1.0221,1.1362,1.1303,0.8601,1.0278,184727577.6,155990841.6,129494112,118192521.6,111834393.6,4540577.04,4668895.76,4268058.01,2961203.89,3196129.1,234250,5-story shear model,pending,,,,,,
Case0749,Struct0375,EI,ground_motion/ei3.txt,0.02,g,1,0.775,0.887,0.873,0.0673,0.0333,3.418,5,1.1217,1.0621,0.9759,0.9646,1.0396,1.1054,0.8547,1.0744,0.9422,1.0989,156477150,135816037.5,113448375,100921275,96682800,3921959.2,2805039.93,3240175.52,2590767.34,2729228.04,218250,5-story shear model,pending,,,,,,
Case0750,Struct0375,NORTHRIDGE,ground_motion/northbridge.txt,0.02,g,1,0.775,0.887,0.873,0.0673,0.0333,3.418,5,1.1217,1.0621,0.9759,0.9646,1.0396,1.1054,0.8547,1.0744,0.9422,1.0989,156477150,135816037.5,113448375,100921275,96682800,3921959.2,2805039.93,3240175.52,2590767.34,2729228.04,218250,5-story shear model,pending,,,,,,
Case0751,Struct0376,EI,ground_motion/ei3.txt,0.02,g,1,0.782,0.8694,0.9923,0.0707,0.0348,3.197,5,1.073,1.039,1.0082,0.8557,0.8526,0.9315,1.1343,0.981,0.9901,0.951,151035480,134062170,118261860,90336249,80007984,3239384.4,3648793.55,2899796.76,2668458.11,2315038.32,248075,5-story shear model,pending,,,,,,
Case0752,Struct0376,NORTHRIDGE,ground_motion/northbridge.txt,0.02,g,1,0.782,0.8694,0.9923,0.0707,0.0348,3.197,5,1.073,1.039,1.0082,0.8557,0.8526,0.9315,1.1343,0.981,0.9901,0.951,151035480,134062170,118261860,90336249,80007984,3239384.4,3648793.55,2899796.76,2668458.11,2315038.32,248075,5-story shear model,pending,,,,,,
Case0753,Struct0377,EI,ground_motion/ei3.txt,0.02,g,1,1.2313,0.8427,1.1478,0.0237,0.0244,3.549,5,0.9278,1.0866,1.0444,0.9318,1.0155,1.0617,1.0392,1.1145,0.9267,0.9345,205632025.2,220758545.7,192895458,154888920.9,150046218,3578778.36,3240215.21,3193243.11,2420883.28,2205008.82,286950,5-story shear model,pending,,,,,,
Case0754,Struct0377,NORTHRIDGE,ground_motion/northbridge.txt,0.02,g,1,1.2313,0.8427,1.1478,0.0237,0.0244,3.549,5,0.9278,1.0866,1.0444,0.9318,1.0155,1.0617,1.0392,1.1145,0.9267,0.9345,205632025.2,220758545.7,192895458,154888920.9,150046218,3578778.36,3240215.21,3193243.11,2420883.28,2205008.82,286950,5-story shear model,pending,,,,,,
Case0755,Struct0378,EI,ground_motion/ei3.txt,0.02,g,1,0.9803,0.9447,1.1113,0.0208,0.0281,3.001,5,1.0328,1.0529,1.0362,0.9114,0.8581,1.0598,1.1266,1.0916,0.8648,0.8873,182241691.2,170306048.6,152368029,120615131.7,100943451.6,4004772.24,3937906.37,3506197.37,2532627.34,2347050.47,277825,5-story shear model,pending,,,,,,
Case0756,Struct0378,NORTHRIDGE,ground_motion/northbridge.txt,0.02,g,1,0.9803,0.9447,1.1113,0.0208,0.0281,3.001,5,1.0328,1.0529,1.0362,0.9114,0.8581,1.0598,1.1266,1.0916,0.8648,0.8873,182241691.2,170306048.6,152368029,120615131.7,100943451.6,4004772.24,3937906.37,3506197.37,2532627.34,2347050.47,277825,5-story shear model,pending,,,,,,
Case0757,Struct0379,EI,ground_motion/ei3.txt,0.02,g,1,0.7685,1.0844,0.9221,0.0637,0.0183,3.416,5,0.9256,1.0296,1.1302,0.9716,0.8795,0.8989,0.9082,0.887,1.11,0.9588,128038248,130555854,130283805,100801071,81107490,3899068.64,3643952.7,3270333.52,3731420.4,2911223.62,230525,5-story shear model,pending,,,,,,
Case0758,Struct0379,NORTHRIDGE,ground_motion/northbridge.txt,0.02,g,1,0.7685,1.0844,0.9221,0.0637,0.0183,3.416,5,0.9256,1.0296,1.1302,0.9716,0.8795,0.8989,0.9082,0.887,1.11,0.9588,128038248,130555854,130283805,100801071,81107490,3899068.64,3643952.7,3270333.52,3731420.4,2911223.62,230525,5-story shear model,pending,,,,,,
Case0759,Struct0380,EI,ground_motion/ei3.txt,0.02,g,1,0.7788,0.9101,1.0034,0.0256,0.0342,3.176,5,1.0904,0.8892,1.0938,1.0063,0.9567,0.9187,0.889,1.1294,0.9593,0.8957,152856633.6,114263978.4,127777716,105800369.4,89409355.2,3344435.48,2993591.93,3494747.6,2706482.68,2282494.4,250850,5-story shear model,pending,,,,,,
Case0760,Struct0380,NORTHRIDGE,ground_motion/northbridge.txt,0.02,g,1,0.7788,0.9101,1.0034,0.0256,0.0342,3.176,5,1.0904,0.8892,1.0938,1.0063,0.9567,0.9187,0.889,1.1294,0.9593,0.8957,152856633.6,114263978.4,127777716,105800369.4,89409355.2,3344435.48,2993591.93,3494747.6,2706482.68,2282494.4,250850,5-story shear model,pending,,,,,,
Case0761,Struct0381,EI,ground_motion/ei3.txt,0.02,g,1,1.1088,1.1085,0.8068,0.0266,0.0102,3.279,5,0.9251,1.0045,0.935,0.9387,1.0922,1.1209,0.907,0.9718,1.0671,0.8766,184635158.4,183775284,155509200,140512125.6,145323763.2,4970070.6,3720015.15,3662617.02,3666929.08,2720791.08,201700,5-story shear model,pending,,,,,,
Case0762,Struct0381,NORTHRIDGE,ground_motion/northbridge.txt,0.02,g,1,1.1088,1.1085,0.8068,0.0266,0.0102,3.279,5,0.9251,1.0045,0.935,0.9387,1.0922,1.1209,0.907,0.9718,1.0671,0.8766,184635158.4,183775284,155509200,140512125.6,145323763.2,4970070.6,3720015.15,3662617.02,3666929.08,2720791.08,201700,5-story shear model,pending,,,,,,
Case0763,Struct0382,EI,ground_motion/ei3.txt,0.02,g,1,1.0759,1.1618,0.9134,0.0768,0.0113,3.415,5,1.1373,0.8548,1.0506,1.1372,1.1338,0.9926,1.1456,0.879,1.0221,1.0184,220251792.6,151747087.8,169551081,165174319.8,146382650.4,4612810.72,4924544.9,3472155.48,3681174.92,3312895.94,228350,5-story shear model,pending,,,,,,
Case0764,Struct0382,NORTHRIDGE,ground_motion/northbridge.txt,0.02,g,1,1.0759,1.1618,0.9134,0.0768,0.0113,3.415,5,1.1373,0.8548,1.0506,1.1372,1.1338,0.9926,1.1456,0.879,1.0221,1.0184,220251792.6,151747087.8,169551081,165174319.8,146382650.4,4612810.72,4924544.9,3472155.48,3681174.92,3312895.94,228350,5-story shear model,pending,,,,,,
Case0765,Struct0383,EI,ground_motion/ei3.txt,0.02,g,1,0.8044,0.793,1.0247,0.0563,0.0357,3.294,5,1.1387,1.1209,1.0048,1.14,0.8627,0.8629,0.8501,1.0234,0.9939,0.8871,164874650.4,148772573.4,121239168,123797160,83274705.6,2737118.8,2494278.41,2759291.08,2443304.37,1969716.84,256175,5-story shear model,pending,,,,,,
Case0766,Struct0383,NORTHRIDGE,ground_motion/northbridge.txt,0.02,g,1,0.8044,0.793,1.0247,0.0563,0.0357,3.294,5,1.1387,1.1209,1.0048,1.14,0.8627,0.8629,0.8501,1.0234,0.9939,0.8871,164874650.4,148772573.4,121239168,123797160,83274705.6,2737118.8,2494278.41,2759291.08,2443304.37,1969716.84,256175,5-story shear model,pending,,,,,,
Case0767,Struct0384,EI,ground_motion/ei3.txt,0.02,g,1,0.98,0.9329,0.8222,0.0342,0.0404,3.407,5,0.9502,0.914,0.8524,1.1323,1.0035,0.9672,0.8567,1.1268,0.9541,0.9218,167615280,147793800,125302800,149803290,118011600,3609203.52,2957097.09,3574051.85,2759247.66,2407852.22,205550,5-story shear model,pending,,,,,,
Case0768,Struct0384,NORTHRIDGE,ground_motion/northbridge.txt,0.02,g,1,0.98,0.9329,0.8222,0.0342,0.0404,3.407,5,0.9502,0.914,0.8524,1.1323,1.0035,0.9672,0.8567,1.1268,0.9541,0.9218,167615280,147793800,125302800,149803290,118011600,3609203.52,2957097.09,3574051.85,2759247.66,2407852.22,205550,5-story shear model,pending,,,,,,
Case0769,Struct0385,EI,ground_motion/ei3.txt,0.02,g,1,0.8656,1.1421,1.0805,0.0729,0.0164,3.017,5,0.9977,1.1416,0.9809,1.1033,1.0736,1.1476,1.1462,1.1226,1.0561,1.0982,155449641.6,163047878.4,127360056,128927224.8,111516979.2,5242695.84,4843577.57,4359212.96,3739132.61,3511911.82,270125,5-story shear model,pending,,,,,,
Case0770,Struct0385,NORTHRIDGE,ground_motion/northbridge.txt,0.02,g,1,0.8656,1.1421,1.0805,0.0729,0.0164,3.017,5,0.9977,1.1416,0.9809,1.1033,1.0736,1.1476,1.1462,1.1226,1.0561,1.0982,155449641.6,163047878.4,127360056,128927224.8,111516979.2,5242695.84,4843577.57,4359212.96,3739132.61,3511911.82,270125,5-story shear model,pending,,,,,,
Case0771,Struct0386,EI,ground_motion/ei3.txt,0.02,g,1,0.8783,1.1533,0.9292,0.065,0.0391,3.554,5,1.1476,1.0131,1.0168,0.9841,1.0564,1.1185,0.8522,1.1027,0.8825,1.1021,181428674.4,146817945.5,133958316,116685229.1,111340334.4,5159864.2,3636516.36,4323929.29,3155140.47,3558945.4,232300,5-story shear model,pending,,,,,,
Case0772,Struct0386,NORTHRIDGE,ground_motion/northbridge.txt,0.02,g,1,0.8783,1.1533,0.9292,0.065,0.0391,3.554,5,1.1476,1.0131,1.0168,0.9841,1.0564,1.1185,0.8522,1.1027,0.8825,1.1021,181428674.4,146817945.5,133958316,116685229.1,111340334.4,5159864.2,3636516.36,4323929.29,3155140.47,3558945.4,232300,5-story shear model,pending,,,,,,
Case0773,Struct0387,EI,ground_motion/ei3.txt,0.02,g,1,0.7629,1.0779,1.0019,0.0551,0.0424,3.356,5,0.8644,0.9869,0.9507,0.9453,0.9292,1.0191,1.148,0.8601,0.8873,1.094,118701136.8,124229491.7,108793354.5,97357864.95,85066401.6,4393951.56,4578488.04,3152146.09,2964904.08,3301823.28,250475,5-story shear model,pending,,,,,,
Case0774,Struct0387,NORTHRIDGE,ground_motion/northbridge.txt,0.02,g,1,0.7629,1.0779,1.0019,0.0551,0.0424,3.356,5,0.8644,0.9869,0.9507,0.9453,0.9292,1.0191,1.148,0.8601,0.8873,1.094,118701136.8,124229491.7,108793354.5,97357864.95,85066401.6,4393951.56,4578488.04,3152146.09,2964904.08,3301823.28,250475,5-story shear model,pending,,,,,,
Case0775,Struct0388,EI,ground_motion/ei3.txt,0.02,g,1,0.8553,1.1007,1.1798,0.0716,0.0171,3.564,5,1.0999,1.0632,1.1411,1.0946,0.8528,0.9742,1.1257,1.0495,0.9319,1.0239,169334004.6,150043568.4,146397424.5,126388536.3,87527980.8,4289207.76,4584514.56,3927627.81,3179801.22,3155618.84,294950,5-story shear model,pending,,,,,,
Case0776,Struct0388,NORTHRIDGE,ground_motion/northbridge.txt,0.02,g,1,0.8553,1.1007,1.1798,0.0716,0.0171,3.564,5,1.0999,1.0632,1.1411,1.0946,0.8528,0.9742,1.1257,1.0495,0.9319,1.0239,169334004.6,150043568.4,146397424.5,126388536.3,87527980.8,4289207.76,4584514.56,3927627.81,3179801.22,3155618.84,294950,5-story shear model,pending,,,,,,
Case0777,Struct0389,EI,ground_motion/ei3.txt,0.02,g,1,1.1858,1.167,1.053,0.0437,0.0484,3.545,5,0.9788,0.9866,0.9817,0.9405,1.0069,1.0909,1.1223,1.035,0.9077,1.1294,208918987.2,193035196.2,174614979,150558061.5,143277842.4,5092321.2,4845979.17,4106673,3283786.29,3690427.44,263250,5-story shear model,pending,,,,,,
Case0778,Struct0389,NORTHRIDGE,ground_motion/northbridge.txt,0.02,g,1,1.1858,1.167,1.053,0.0437,0.0484,3.545,5,0.9788,0.9866,0.9817,0.9405,1.0069,1.0909,1.1223,1.035,0.9077,1.1294,208918987.2,193035196.2,174614979,150558061.5,143277842.4,5092321.2,4845979.17,4106673,3283786.29,3690427.44,263250,5-story shear model,pending,,,,,,
Case0779,Struct0390,EI,ground_motion/ei3.txt,0.02,g,1,1.2098,0.7526,1.0928,0.0687,0.0125,3.416,5,1.1438,0.8824,1.1349,0.9679,0.8729,0.9964,1.0283,0.9285,0.9512,0.9515,249078463.2,176142040.8,205950303,158080331.7,126724130.4,2999562.56,2863424.75,2375882.94,2219206.67,2005076.92,273200,5-story shear model,pending,,,,,,
Case0780,Struct0390,NORTHRIDGE,ground_motion/northbridge.txt,0.02,g,1,1.2098,0.7526,1.0928,0.0687,0.0125,3.416,5,1.1438,0.8824,1.1349,0.9679,0.8729,0.9964,1.0283,0.9285,0.9512,0.9515,249078463.2,176142040.8,205950303,158080331.7,126724130.4,2999562.56,2863424.75,2375882.94,2219206.67,2005076.92,273200,5-story shear model,pending,,,,,,
Case0781,Struct0391,EI,ground_motion/ei3.txt,0.02,g,1,0.9702,1.2084,1.0403,0.0331,0.0481,3.456,5,0.9314,1.1331,1.0686,0.9064,1.1127,1.0126,1.0307,0.8718,1.1267,1.0532,162655970.4,181390047.3,155513358,118717552.8,129544984.8,4894503.36,4608342.16,3581842.61,4220663.27,3563523.26,260075,5-story shear model,pending,,,,,,
Case0782,Struct0391,NORTHRIDGE,ground_motion/northbridge.txt,0.02,g,1,0.9702,1.2084,1.0403,0.0331,0.0481,3.456,5,0.9314,1.1331,1.0686,0.9064,1.1127,1.0126,1.0307,0.8718,1.1267,1.0532,162655970.4,181390047.3,155513358,118717552.8,129544984.8,4894503.36,4608342.16,3581842.61,4220663.27,3563523.26,260075,5-story shear model,pending,,,,,,
Case0783,Struct0392,EI,ground_motion/ei3.txt,0.02,g,1,0.7886,1.0604,1.1674,0.0722,0.0223,3.389,5,1.0202,0.9289,0.9641,1.007,1.1182,1.1112,1.0857,0.8653,1.0486,1.0437,144815349.6,120867539.1,114043389,107206227,105817502.4,4713265.92,4259722.24,3119718.01,3446999.86,3098870.54,291850,5-story shear model,pending,,,,,,
Case0784,Struct0392,NORTHRIDGE,ground_motion/northbridge.txt,0.02,g,1,0.7886,1.0604,1.1674,0.0722,0.0223,3.389,5,1.0202,0.9289,0.9641,1.007,1.1182,1.1112,1.0857,0.8653,1.0486,1.0437,144815349.6,120867539.1,114043389,107206227,105817502.4,4713265.92,4259722.24,3119718.01,3446999.86,3098870.54,291850,5-story shear model,pending,,,,,,
Case0785,Struct0393,EI,ground_motion/ei3.txt,0.02,g,1,1.0902,1.2283,1.096,0.0692,0.0257,3.458,5,0.963,1.0983,1.0142,1.0594,0.9886,1.1022,0.9223,1.0948,0.9516,1.0717,188975268,197565498.9,165852126,155919313.8,129332606.4,5415329.04,4191586.03,4572125.66,3623435.87,3685833.51,274000,5-story shear model,pending,,,,,,
Case0786,Struct0393,NORTHRIDGE,ground_motion/northbridge.txt,0.02,g,1,1.0902,1.2283,1.096,0.0692,0.0257,3.458,5,0.963,1.0983,1.0142,1.0594,0.9886,1.1022,0.9223,1.0948,0.9516,1.0717,188975268,197565498.9,165852126,155919313.8,129332606.4,5415329.04,4191586.03,4572125.66,3623435.87,3685833.51,274000,5-story shear model,pending,,,,,,
Case0787,Struct0394,EI,ground_motion/ei3.txt,0.02,g,1,0.7501,1.1134,1.1766,0.0251,0.0127,3.237,5,1.0193,1.0587,1.0335,1.0467,0.9704,0.9936,1.0841,1.0343,1.1182,0.9475,137623847.4,131031593.6,116284252.5,105992505.5,87347644.8,4425096.96,4466036.68,3915404.71,3859512.03,2953850.2,294150,5-story shear model,pending,,,,,,
Case0788,Struct0394,NORTHRIDGE,ground_motion/northbridge.txt,0.02,g,1,0.7501,1.1134,1.1766,0.0251,0.0127,3.237,5,1.0193,1.0587,1.0335,1.0467,0.9704,0.9936,1.0841,1.0343,1.1182,0.9475,137623847.4,131031593.6,116284252.5,105992505.5,87347644.8,4425096.96,4466036.68,3915404.71,3859512.03,2953850.2,294150,5-story shear model,pending,,,,,,
Case0789,Struct0395,EI,ground_motion/ei3.txt,0.02,g,1,1.0012,1.132,0.8681,0.0538,0.0201,3,5,1.033,0.8978,1.0111,1.1051,0.9448,0.9804,0.9886,0.9987,1.0288,1.1452,186163128,148314764.4,151846998,149367526.2,113512051.2,4439251.2,4140652.24,3843796.56,3610264.96,3629825.92,217025,5-story shear model,pending,,,,,,
Case0790,Struct0395,NORTHRIDGE,ground_motion/northbridge.txt,0.02,g,1,1.0012,1.132,0.8681,0.0538,0.0201,3,5,1.033,0.8978,1.0111,1.1051,0.9448,0.9804,0.9886,0.9987,1.0288,1.1452,186163128,148314764.4,151846998,149367526.2,113512051.2,4439251.2,4140652.24,3843796.56,3610264.96,3629825.92,217025,5-story shear model,pending,,,,,,
Case0791,Struct0396,EI,ground_motion/ei3.txt,0.02,g,1,1.1475,1.1322,0.8569,0.0631,0.031,3.231,5,1.1213,0.9882,1.0507,0.8605,0.8633,0.9654,0.8993,0.9564,0.9139,0.8848,231604515,187103317.5,180851737.5,133302206.3,118876410,4372103.52,3767293.6,3681642.67,3207624.5,2804957.57,214225,5-story shear model,pending,,,,,,
Case0792,Struct0396,NORTHRIDGE,ground_motion/northbridge.txt,0.02,g,1,1.1475,1.1322,0.8569,0.0631,0.031,3.231,5,1.1213,0.9882,1.0507,0.8605,0.8633,0.9654,0.8993,0.9564,0.9139,0.8848,231604515,187103317.5,180851737.5,133302206.3,118876410,4372103.52,3767293.6,3681642.67,3207624.5,2804957.57,214225,5-story shear model,pending,,,,,,
Case0793,Struct0397,EI,ground_motion/ei3.txt,0.02,g,1,1.148,1.159,1.1015,0.0614,0.0214,3.43,5,1.1048,0.8676,1.0076,0.9192,1.0728,1.0696,1.0825,1.0459,0.8731,1.0529,228295872,164340792,173508720,142457616,147788928,4958665.6,4642084.75,4121473.54,3136960.99,3416871.08,275375,5-story shear model,pending,,,,,,
Case0794,Struct0397,NORTHRIDGE,ground_motion/northbridge.txt,0.02,g,1,1.148,1.159,1.1015,0.0614,0.0214,3.43,5,1.1048,0.8676,1.0076,0.9192,1.0728,1.0696,1.0825,1.0459,0.8731,1.0529,228295872,164340792,173508720,142457616,147788928,4958665.6,4642084.75,4121473.54,3136960.99,3416871.08,275375,5-story shear model,pending,,,,,,
Case0795,Struct0398,EI,ground_motion/ei3.txt,0.02,g,1,0.8922,0.8798,1.0449,0.0521,0.0479,3.137,5,1.0985,0.9891,1.1369,0.8873,0.9571,0.8902,1.1493,1.0019,0.906,0.8813,176414706,145608378.3,152151327,106872623.1,102470954.4,3132791.84,3741270.32,2997003.51,2471006.28,2171029.67,261225,5-story shear model,pending,,,,,,
Case0796,Struct0398,NORTHRIDGE,ground_motion/northbridge.txt,0.02,g,1,0.8922,0.8798,1.0449,0.0521,0.0479,3.137,5,1.0985,0.9891,1.1369,0.8873,0.9571,0.8902,1.1493,1.0019,0.906,0.8813,176414706,145608378.3,152151327,106872623.1,102470954.4,3132791.84,3741270.32,2997003.51,2471006.28,2171029.67,261225,5-story shear model,pending,,,,,,
Case0797,Struct0399,EI,ground_motion/ei3.txt,0.02,g,1,0.9909,0.7615,0.9489,0.0284,0.0497,3.182,5,0.8527,1.1106,1.0645,1.0812,1.0849,0.8841,1.0934,1.0212,1.0611,0.8849,152089277.4,181581434.1,158221957.5,144633745.8,129003289.2,2692968.6,3080709.17,2643988.92,2504885.71,1886783.78,237225,5-story shear model,pending,,,,,,
Case0798,Struct0399,NORTHRIDGE,ground_motion/northbridge.txt,0.02,g,1,0.9909,0.7615,0.9489,0.0284,0.0497,3.182,5,0.8527,1.1106,1.0645,1.0812,1.0849,0.8841,1.0934,1.0212,1.0611,0.8849,152089277.4,181581434.1,158221957.5,144633745.8,129003289.2,2692968.6,3080709.17,2643988.92,2504885.71,1886783.78,237225,5-story shear model,pending,,,,,,
Case0799,Struct0400,EI,ground_motion/ei3.txt,0.02,g,1,1.2294,1.1747,1.1824,0.0788,0.011,3.285,5,1.0979,0.9151,0.9346,1.0694,1.1124,1.03,0.9767,1.0802,0.878,1.0154,242956486.8,185628950.1,172349586,177487248.6,164110147.2,4839764,4245119.11,4314297.2,3197298.46,3339813.06,295600,5-story shear model,pending,,,,,,
Case0800,Struct0400,NORTHRIDGE,ground_motion/northbridge.txt,0.02,g,1,1.2294,1.1747,1.1824,0.0788,0.011,3.285,5,1.0979,0.9151,0.9346,1.0694,1.1124,1.03,0.9767,1.0802,0.878,1.0154,242956486.8,185628950.1,172349586,177487248.6,164110147.2,4839764,4245119.11,4314297.2,3197298.46,3339813.06,295600,5-story shear model,pending,,,,,,
Case0801,Struct0401,EI,ground_motion/ei3.txt,0.02,g,1,1.0768,1.0064,1.1042,0.0697,0.0299,3.198,5,1.0823,0.9469,0.9363,0.8669,0.9385,0.9452,1.0342,0.9493,0.9266,1.1256,209775715.2,168237616.8,151231176,126019519.2,121269216,3804997.12,3851029.86,3248276.77,2890843.74,3171850.75,276050,5-story shear model,pending,,,,,,
Case0802,Struct0401,NORTHRIDGE,ground_motion/northbridge.txt,0.02,g,1,1.0768,1.0064,1.1042,0.0697,0.0299,3.198,5,1.0823,0.9469,0.9363,0.8669,0.9385,0.9452,1.0342,0.9493,0.9266,1.1256,209775715.2,168237616.8,151231176,126019519.2,121269216,3804997.12,3851029.86,3248276.77,2890843.74,3171850.75,276050,5-story shear model,pending,,,,,,
Case0803,Struct0402,EI,ground_motion/ei3.txt,0.02,g,1,1.0459,1.2069,0.8036,0.0217,0.042,3.177,5,0.9729,1.0825,0.8893,1.1439,0.8702,1.0907,0.9854,1.0019,1.0804,0.9576,183160099.8,186810813.8,139517830.5,161514676.4,109217061.6,5265463.32,4400333.26,4111256.57,4042197.76,3236036.83,200900,5-story shear model,pending,,,,,,
Case0804,Struct0402,NORTHRIDGE,ground_motion/northbridge.txt,0.02,g,1,1.0459,1.2069,0.8036,0.0217,0.042,3.177,5,0.9729,1.0825,0.8893,1.1439,0.8702,1.0907,0.9854,1.0019,1.0804,0.9576,183160099.8,186810813.8,139517830.5,161514676.4,109217061.6,5265463.32,4400333.26,4111256.57,4042197.76,3236036.83,200900,5-story shear model,pending,,,,,,
Case0805,Struct0403,EI,ground_motion/ei3.txt,0.02,g,1,0.8414,0.7671,0.8562,0.0263,0.0307,3.186,5,0.9427,0.9328,1.0279,0.9452,0.9312,0.8559,1.0434,1.1239,1.1105,0.9663,142773800.4,129501556.8,129731259,107364322.8,94021401.6,2626243.56,2961450.92,2931288.55,2640780.1,2075496.44,214050,5-story shear model,pending,,,,,,
Case0806,Struct0403,NORTHRIDGE,ground_motion/northbridge.txt,0.02,g,1,0.8414,0.7671,0.8562,0.0263,0.0307,3.186,5,0.9427,0.9328,1.0279,0.9452,0.9312,0.8559,1.0434,1.1239,1.1105,0.9663,142773800.4,129501556.8,129731259,107364322.8,94021401.6,2626243.56,2961450.92,2931288.55,2640780.1,2075496.44,214050,5-story shear model,pending,,,,,,
Case0807,Struct0404,EI,ground_motion/ei3.txt,0.02,g,1,1.0082,1.1388,1.108,0.0552,0.018,3.005,5,0.8772,0.8827,0.9761,1.0928,1.0783,1.1023,1.1428,0.9092,1.1489,1.0551,159190747.2,146839793.1,147615603,148737729.6,130457047.2,5021196.96,4815256.37,3520349.66,4055938.69,3364334.06,277000,5-story shear model,pending,,,,,,
Case0808,Struct0404,NORTHRIDGE,ground_motion/northbridge.txt,0.02,g,1,1.0082,1.1388,1.108,0.0552,0.018,3.005,5,0.8772,0.8827,0.9761,1.0928,1.0783,1.1023,1.1428,0.9092,1.1489,1.0551,159190747.2,146839793.1,147615603,148737729.6,130457047.2,5021196.96,4815256.37,3520349.66,4055938.69,3364334.06,277000,5-story shear model,pending,,,,,,
Case0809,Struct0405,EI,ground_motion/ei3.txt,0.02,g,1,1.1163,1.1836,1.1342,0.0523,0.0442,3.507,5,0.8612,0.9675,1.072,0.945,0.9494,0.8788,1.0564,0.948,0.9701,0.9481,173044360.8,178203341.3,179501040,142411972.5,127177826.4,4160590.72,4626313.65,3814979.52,3559452.12,3142079.25,283550,5-story shear model,pending,,,,,,
Case0810,Struct0405,NORTHRIDGE,ground_motion/northbridge.txt,0.02,g,1,1.1163,1.1836,1.1342,0.0523,0.0442,3.507,5,0.8612,0.9675,1.072,0.945,0.9494,0.8788,1.0564,0.948,0.9701,0.9481,173044360.8,178203341.3,179501040,142411972.5,127177826.4,4160590.72,4626313.65,3814979.52,3559452.12,3142079.25,283550,5-story shear model,pending,,,,,,
Case0811,Struct0406,EI,ground_motion/ei3.txt,0.02,g,1,1.1464,0.8421,1.1255,0.0537,0.0364,3.155,5,1.1297,0.879,1.0265,0.9025,0.8987,1.0913,1.1483,0.9666,0.9165,0.8607,233115854.4,166268124,176516940,139674510,123632361.6,3675934.92,3577838.69,2767511.12,2392532.42,2029427.32,281375,5-story shear model,pending,,,,,,
Case0812,Struct0406,NORTHRIDGE,ground_motion/northbridge.txt,0.02,g,1,1.1464,0.8421,1.1255,0.0537,0.0364,3.155,5,1.1297,0.879,1.0265,0.9025,0.8987,1.0913,1.1483,0.9666,0.9165,0.8607,233115854.4,166268124,176516940,139674510,123632361.6,3675934.92,3577838.69,2767511.12,2392532.42,2029427.32,281375,5-story shear model,pending,,,,,,
Case0813,Struct0407,EI,ground_motion/ei3.txt,0.02,g,1,1.1215,1.0395,0.9257,0.078,0.0294,3.307,5,1.0867,1.1252,1.087,0.9167,0.894,1.0104,1.0988,0.9784,0.9563,0.951,219372129,208215447,182860575,138790671.8,120314520,4201243.2,4226149.62,3457959.12,3081628.94,2767980.6,231425,5-story shear model,pending,,,,,,
Case0814,Struct0407,NORTHRIDGE,ground_motion/northbridge.txt,0.02,g,1,1.1215,1.0395,0.9257,0.078,0.0294,3.307,5,1.0867,1.1252,1.087,0.9167,0.894,1.0104,1.0988,0.9784,0.9563,0.951,219372129,208215447,182860575,138790671.8,120314520,4201243.2,4226149.62,3457959.12,3081628.94,2767980.6,231425,5-story shear model,pending,,,,,,
Case0815,Struct0408,EI,ground_motion/ei3.txt,0.02,g,1,1.1779,1.2471,1.1368,0.0371,0.0123,3.123,5,1.1131,1.0221,1.0154,0.8648,0.9572,1.0196,0.9797,1.0185,0.8648,0.9693,236001688.2,198648712.4,179405949,137517469.2,135298305.6,5086172.64,4520600.32,4318582.59,3343325.45,3384679.28,284200,5-story shear model,pending,,,,,,
Case0816,Struct0408,NORTHRIDGE,ground_motion/northbridge.txt,0.02,g,1,1.1779,1.2471,1.1368,0.0371,0.0123,3.123,5,1.1131,1.0221,1.0154,0.8648,0.9572,1.0196,0.9797,1.0185,0.8648,0.9693,236001688.2,198648712.4,179405949,137517469.2,135298305.6,5086172.64,4520600.32,4318582.59,3343325.45,3384679.28,284200,5-story shear model,pending,,,,,,
Case0817,Struct0409,EI,ground_motion/ei3.txt,0.02,g,1,1.0517,0.9938,0.8737,0.0585,0.0181,3.178,5,0.951,1.0409,0.8672,0.9002,0.9522,0.9345,0.9001,0.9604,0.8608,1.0133,180030006,180627897.5,136805136,127809945.9,120171448.8,3714824.4,3309721.71,3245114.77,2651935.42,2819649.11,218425,5-story shear model,pending,,,,,,
Case0818,Struct0409,NORTHRIDGE,ground_motion/northbridge.txt,0.02,g,1,1.0517,0.9938,0.8737,0.0585,0.0181,3.178,5,0.951,1.0409,0.8672,0.9002,0.9522,0.9345,0.9001,0.9604,0.8608,1.0133,180030006,180627897.5,136805136,127809945.9,120171448.8,3714824.4,3309721.71,3245114.77,2651935.42,2819649.11,218425,5-story shear model,pending,,,,,,
Case0819,Struct0410,EI,ground_motion/ei3.txt,0.02,g,1,0.9567,1.0662,0.8789,0.0759,0.0443,3.379,5,1.0493,0.9004,0.9817,0.9807,0.999,1.1053,0.9438,0.8827,0.8832,0.855,180695755.8,142133092.2,140878858.5,126661818.2,114689196,4713883.44,3723234.37,3199858.12,2919170.3,2552482.8,219725,5-story shear model,pending,,,,,,
Case0820,Struct0410,NORTHRIDGE,ground_motion/northbridge.txt,0.02,g,1,0.9567,1.0662,0.8789,0.0759,0.0443,3.379,5,1.0493,0.9004,0.9817,0.9807,0.999,1.1053,0.9438,0.8827,0.8832,0.855,180695755.8,142133092.2,140878858.5,126661818.2,114689196,4713883.44,3723234.37,3199858.12,2919170.3,2552482.8,219725,5-story shear model,pending,,,,,,
Case0821,Struct0411,EI,ground_motion/ei3.txt,0.02,g,1,1.0833,1.0286,1.149,0.0554,0.028,3.486,5,0.9786,1.0488,0.9892,0.939,1.1343,0.984,0.9317,1.0151,1.0655,1.0668,190821128.4,187467231.6,160740054,137324524.5,147454462.8,4048569.6,3545882.49,3550048.32,3397517.23,3072469.34,287250,5-story shear model,pending,,,,,,
Case0822,Struct0411,NORTHRIDGE,ground_motion/northbridge.txt,0.02,g,1,1.0833,1.0286,1.149,0.0554,0.028,3.486,5,0.9786,1.0488,0.9892,0.939,1.1343,0.984,0.9317,1.0151,1.0655,1.0668,190821128.4,187467231.6,160740054,137324524.5,147454462.8,4048569.6,3545882.49,3550048.32,3397517.23,3072469.34,287250,5-story shear model,pending,,,,,,
Case0823,Struct0412,EI,ground_motion/ei3.txt,0.02,g,1,0.8694,0.7611,0.9736,0.0321,0.0315,3.441,5,1.1028,0.8736,1.0956,1.0967,0.8642,1.1415,1.0084,0.976,0.9224,0.9812,172579377.6,125318793.6,142877196,128718582.3,90160257.6,3475182.6,2839724.99,2525634.24,2176319.78,2091015.7,243400,5-story shear model,pending,,,,,,
Case0824,Struct0412,NORTHRIDGE,ground_motion/northbridge.txt,0.02,g,1,0.8694,0.7611,0.9736,0.0321,0.0315,3.441,5,1.1028,0.8736,1.0956,1.0967,0.8642,1.1415,1.0084,0.976,0.9224,0.9812,172579377.6,125318793.6,142877196,128718582.3,90160257.6,3475182.6,2839724.99,2525634.24,2176319.78,2091015.7,243400,5-story shear model,pending,,,,,,
Case0825,Struct0413,EI,ground_motion/ei3.txt,0.02,g,1,1.0716,0.8313,0.939,0.0724,0.0352,3.075,5,0.8568,1.0758,0.9858,1.0799,0.9975,1.1345,1.0619,0.9444,0.9958,1.0037,165266438.4,190216501.2,158457492,156224813.4,128270520,3772439.4,3266202.64,2669271.05,2566206.47,2336252.27,234750,5-story shear model,pending,,,,,,
Case0826,Struct0413,NORTHRIDGE,ground_motion/northbridge.txt,0.02,g,1,1.0716,0.8313,0.939,0.0724,0.0352,3.075,5,0.8568,1.0758,0.9858,1.0799,0.9975,1.1345,1.0619,0.9444,0.9958,1.0037,165266438.4,190216501.2,158457492,156224813.4,128270520,3772439.4,3266202.64,2669271.05,2566206.47,2336252.27,234750,5-story shear model,pending,,,,,,
Case0827,Struct0414,EI,ground_motion/ei3.txt,0.02,g,1,0.8299,0.8276,1.0756,0.0713,0.0323,3.146,5,1.0567,1.1106,0.9641,1.0606,1.0546,1.0214,0.9615,1.1054,0.9442,0.9337,157851959.4,152078345.1,120015988.5,118825911.9,105025504.8,3381242.56,2944228.38,3110418.74,2422401.75,2163644.34,268900,5-story shear model,pending,,,,,,
Case0828,Struct0414,NORTHRIDGE,ground_motion/northbridge.txt,0.02,g,1,0.8299,0.8276,1.0756,0.0713,0.0323,3.146,5,1.0567,1.1106,0.9641,1.0606,1.0546,1.0214,0.9615,1.1054,0.9442,0.9337,157851959.4,152078345.1,120015988.5,118825911.9,105025504.8,3381242.56,2944228.38,3110418.74,2422401.75,2163644.34,268900,5-story shear model,pending,,,,,,
Case0829,Struct0415,EI,ground_motion/ei3.txt,0.02,g,1,0.7806,0.9905,0.9726,0.0326,0.0451,3.314,5,0.9834,1.0565,1.1007,1.1375,1.146,1.0633,0.9419,0.9024,0.9913,0.8729,138175567.2,136076143.5,128880963,119870887.5,107348112,4212794.6,3451922.21,3039012.48,3043836.21,2420900.86,243150,5-story shear model,pending,,,,,,
Case0830,Struct0415,NORTHRIDGE,ground_motion/northbridge.txt,0.02,g,1,0.7806,0.9905,0.9726,0.0326,0.0451,3.314,5,0.9834,1.0565,1.1007,1.1375,1.146,1.0633,0.9419,0.9024,0.9913,0.8729,138175567.2,136076143.5,128880963,119870887.5,107348112,4212794.6,3451922.21,3039012.48,3043836.21,2420900.86,243150,5-story shear model,pending,,,,,,
Case0831,Struct0416,EI,ground_motion/ei3.txt,0.02,g,1,0.879,0.9516,0.9101,0.0753,0.0476,3.028,5,0.9335,1.0299,1.1251,1.0762,1.1467,0.9882,1.0985,1.0334,1.102,0.9145,147698370,149371546.5,148344435,127707273,120953916,3761484.48,3867730.62,3343503.7,3250855.92,2436666.96,227525,5-story shear model,pending,,,,,,
Case0832,Struct0416,NORTHRIDGE,ground_motion/northbridge.txt,0.02,g,1,0.879,0.9516,0.9101,0.0753,0.0476,3.028,5,0.9335,1.0299,1.1251,1.0762,1.1467,0.9882,1.0985,1.0334,1.102,0.9145,147698370,149371546.5,148344435,127707273,120953916,3761484.48,3867730.62,3343503.7,3250855.92,2436666.96,227525,5-story shear model,pending,,,,,,
Case0833,Struct0417,EI,ground_motion/ei3.txt,0.02,g,1,0.9605,1.2428,0.9685,0.0309,0.04,3.397,5,1.1444,1.061,1.1293,1.0084,0.8657,0.9169,1.034,1.033,0.9292,0.9211,197855316,168149932.5,162703897.5,130756707,99780582,4558093.28,4754704.24,4364962.16,3579910.26,3205280.62,242125,5-story shear model,pending,,,,,,
Case0834,Struct0417,NORTHRIDGE,ground_motion/northbridge.txt,0.02,g,1,0.9605,1.2428,0.9685,0.0309,0.04,3.397,5,1.1444,1.061,1.1293,1.0084,0.8657,0.9169,1.034,1.033,0.9292,0.9211,197855316,168149932.5,162703897.5,130756707,99780582,4558093.28,4754704.24,4364962.16,3579910.26,3205280.62,242125,5-story shear model,pending,,,,,,
Case0835,Struct0418,EI,ground_motion/ei3.txt,0.02,g,1,0.8318,0.884,1.0228,0.0247,0.0362,3.088,5,0.9748,0.9839,1.12,0.8831,1.1332,0.8682,0.8989,1.0107,1.027,0.9941,145950955.2,135037323.3,139742400,99165948.3,113111491.2,3069955.2,2940122.12,3037759.92,2814390.8,2460596.32,255700,5-story shear model,pending,,,,,,
Case0836,Struct0418,NORTHRIDGE,ground_motion/northbridge.txt,0.02,g,1,0.8318,0.884,1.0228,0.0247,0.0362,3.088,5,0.9748,0.9839,1.12,0.8831,1.1332,0.8682,0.8989,1.0107,1.027,0.9941,145950955.2,135037323.3,139742400,99165948.3,113111491.2,3069955.2,2940122.12,3037759.92,2814390.8,2460596.32,255700,5-story shear model,pending,,,,,,
Case0837,Struct0419,EI,ground_motion/ei3.txt,0.02,g,1,1.2035,0.7692,1.1501,0.029,0.0362,3.254,5,1.0462,1.0486,1.0128,1.0449,0.9899,1.0337,0.9267,1.0575,0.8647,1.047,226638306,208228366.5,182835720,169767515.3,142961358,3180488.16,2637425.27,2765658.6,2061894.44,2254986.72,287525,5-story shear model,pending,,,,,,
Case0838,Struct0419,NORTHRIDGE,ground_motion/northbridge.txt,0.02,g,1,1.2035,0.7692,1.1501,0.029,0.0362,3.254,5,1.0462,1.0486,1.0128,1.0449,0.9899,1.0337,0.9267,1.0575,0.8647,1.047,226638306,208228366.5,182835720,169767515.3,142961358,3180488.16,2637425.27,2765658.6,2061894.44,2254986.72,287525,5-story shear model,pending,,,,,,
Case0839,Struct0420,EI,ground_motion/ei3.txt,0.02,g,1,0.8957,0.7956,0.9749,0.0374,0.0436,3.331,5,1.0766,1.0173,0.9719,1.141,1.1103,0.9164,1.0142,1.0512,1.0848,0.9366,173575911.6,150347275.7,130579624.5,137969149.5,119339485.2,2916351.36,2985520.82,2843538.05,2675507.33,2086445.09,243725,5-story shear model,pending,,,,,,
Case0840,Struct0420,NORTHRIDGE,ground_motion/northbridge.txt,0.02,g,1,0.8957,0.7956,0.9749,0.0374,0.0436,3.331,5,1.0766,1.0173,0.9719,1.141,1.1103,0.9164,1.0142,1.0512,1.0848,0.9366,173575911.6,150347275.7,130579624.5,137969149.5,119339485.2,2916351.36,2985520.82,2843538.05,2675507.33,2086445.09,243725,5-story shear model,pending,,,,,,
Case0841,Struct0421,EI,ground_motion/ei3.txt,0.02,g,1,0.8181,1.0213,1.1361,0.0782,0.017,3.325,5,1.0992,0.8743,1.0237,1.1366,1.0284,0.8972,0.8749,1.0029,0.9651,0.9374,161865993.6,118018697,125623345.5,125530082.1,100960084.8,3665241.44,3306080.87,3482490.02,3055535.55,2680626.54,284025,5-story shear model,pending,,,,,,
Case0842,Struct0421,NORTHRIDGE,ground_motion/northbridge.txt,0.02,g,1,0.8181,1.0213,1.1361,0.0782,0.017,3.325,5,1.0992,0.8743,1.0237,1.1366,1.0284,0.8972,0.8749,1.0029,0.9651,0.9374,161865993.6,118018697,125623345.5,125530082.1,100960084.8,3665241.44,3306080.87,3482490.02,3055535.55,2680626.54,284025,5-story shear model,pending,,,,,,
Case0843,Struct0422,EI,ground_motion/ei3.txt,0.02,g,1,0.8303,0.972,1.1535,0.0451,0.0403,3.049,5,0.8779,1.1043,1.1402,1.0405,0.8636,0.9597,1.105,0.9394,1.1003,1.0066,131205666.6,151288547.9,142006209,116630165.3,86045649.6,3731313.6,3974022,3104529.12,3315423.96,2739562.56,288375,5-story shear model,pending,,,,,,
Case0844,Struct0422,NORTHRIDGE,ground_motion/northbridge.txt,0.02,g,1,0.8303,0.972,1.1535,0.0451,0.0403,3.049,5,0.8779,1.1043,1.1402,1.0405,0.8636,0.9597,1.105,0.9394,1.1003,1.0066,131205666.6,151288547.9,142006209,116630165.3,86045649.6,3731313.6,3974022,3104529.12,3315423.96,2739562.56,288375,5-story shear model,pending,,,,,,
Case0845,Struct0423,EI,ground_motion/ei3.txt,0.02,g,1,0.9014,0.77,0.9105,0.0773,0.0373,3.375,5,1.0554,1.0163,1.1165,0.9387,1.0069,1.082,0.8807,0.9163,0.9357,0.9018,171240760.8,151155315.3,150961965,114229464.3,108914359.2,3332560,2509114.3,2398873.4,2233515.9,1944280.8,227625,5-story shear model,pending,,,,,,
Case0846,Struct0423,NORTHRIDGE,ground_motion/northbridge.txt,0.02,g,1,0.9014,0.77,0.9105,0.0773,0.0373,3.375,5,1.0554,1.0163,1.1165,0.9387,1.0069,1.082,0.8807,0.9163,0.9357,0.9018,171240760.8,151155315.3,150961965,114229464.3,108914359.2,3332560,2509114.3,2398873.4,2233515.9,1944280.8,227625,5-story shear model,pending,,,,,,
Case0847,Struct0424,EI,ground_motion/ei3.txt,0.02,g,1,1.0142,1.1913,1.1352,0.0274,0.015,3.079,5,0.9468,0.9806,1.0518,0.9343,0.9078,0.942,0.9685,0.9969,0.8617,0.9735,172844020.8,164096545.8,160010334,127921553.1,110482891.2,4488818.4,4268963.99,4037863.7,3182283.95,3247245.54,283800,5-story shear model,pending,,,,,,
Case0848,Struct0424,NORTHRIDGE,ground_motion/northbridge.txt,0.02,g,1,1.0142,1.1913,1.1352,0.0274,0.015,3.079,5,0.9468,0.9806,1.0518,0.9343,0.9078,0.942,0.9685,0.9969,0.8617,0.9735,172844020.8,164096545.8,160010334,127921553.1,110482891.2,4488818.4,4268963.99,4037863.7,3182283.95,3247245.54,283800,5-story shear model,pending,,,,,,
Case0849,Struct0425,EI,ground_motion/ei3.txt,0.02,g,1,1.0728,0.8009,1.1206,0.0696,0.0203,3.323,5,1.1003,1.0094,0.8803,1.0491,0.8604,1.0553,1.0239,1.0866,0.8939,1.1081,212472331.2,178675912.8,141657876,151939054.8,110764454.4,3380759.08,3034153.59,2958877,2219365.98,2484936.41,280150,5-story shear model,pending,,,,,,
Case0850,Struct0425,NORTHRIDGE,ground_motion/northbridge.txt,0.02,g,1,1.0728,0.8009,1.1206,0.0696,0.0203,3.323,5,1.1003,1.0094,0.8803,1.0491,0.8604,1.0553,1.0239,1.0866,0.8939,1.1081,212472331.2,178675912.8,141657876,151939054.8,110764454.4,3380759.08,3034153.59,2958877,2219365.98,2484936.41,280150,5-story shear model,pending,,,,,,
Case0851,Struct0426,EI,ground_motion/ei3.txt,0.02,g,1,1.1794,0.8225,0.8514,0.0785,0.0326,3.546,5,1.0506,0.917,1.0952,0.9548,1.0257,0.9533,1.0543,0.9989,0.855,0.9423,223033975.2,178449117,193751832,152022301.2,145165269.6,3136357,3208498.48,2793423.85,2180036.25,2170116.9,212850,5-story shear model,pending,,,,,,
Case0852,Struct0426,NORTHRIDGE,ground_motion/northbridge.txt,0.02,g,1,1.1794,0.8225,0.8514,0.0785,0.0326,3.546,5,1.0506,0.917,1.0952,0.9548,1.0257,0.9533,1.0543,0.9989,0.855,0.9423,223033975.2,178449117,193751832,152022301.2,145165269.6,3136357,3208498.48,2793423.85,2180036.25,2170116.9,212850,5-story shear model,pending,,,,,,
Case0853,Struct0427,EI,ground_motion/ei3.txt,0.02,g,1,1.1172,1.0895,0.8169,0.0639,0.0151,3.231,5,1.1,1.0085,1.0576,1.1161,0.9993,1.0192,1.0863,1.1408,0.8542,0.9765,221205600,185904873,177232608,168332434.2,133970155.2,4441673.6,4379038.25,4225865.44,2885017.79,2978910.9,204225,5-story shear model,pending,,,,,,
Case0854,Struct0427,NORTHRIDGE,ground_motion/northbridge.txt,0.02,g,1,1.1172,1.0895,0.8169,0.0639,0.0151,3.231,5,1.1,1.0085,1.0576,1.1161,0.9993,1.0192,1.0863,1.1408,0.8542,0.9765,221205600,185904873,177232608,168332434.2,133970155.2,4441673.6,4379038.25,4225865.44,2885017.79,2978910.9,204225,5-story shear model,pending,,,,,,
Case0855,Struct0428,EI,ground_motion/ei3.txt,0.02,g,1,0.9848,1.1749,0.9883,0.0725,0.0314,3.497,5,0.8561,1,1.1281,1.1146,0.9537,1.15,0.8564,1.1034,1.0255,1.0669,151755710.4,162492000,166642932,148183840.8,112704451.2,5404540,3722882.13,4407707.84,3735065.85,3509802.27,247075,5-story shear model,pending,,,,,,
Case0856,Struct0428,NORTHRIDGE,ground_motion/northbridge.txt,0.02,g,1,0.9848,1.1749,0.9883,0.0725,0.0314,3.497,5,0.8561,1,1.1281,1.1146,0.9537,1.15,0.8564,1.1034,1.0255,1.0669,151755710.4,162492000,166642932,148183840.8,112704451.2,5404540,3722882.13,4407707.84,3735065.85,3509802.27,247075,5-story shear model,pending,,,,,,
Case0857,Struct0429,EI,ground_motion/ei3.txt,0.02,g,1,0.8294,1.1784,0.9425,0.0291,0.0169,3.018,5,1.1435,0.9103,1.0872,0.9753,1.0524,1.0037,0.9497,0.913,0.9526,0.8629,170715402,124575465.3,135258552,109203365.7,104743267.2,4731040.32,4140767.98,3657989.28,3479885.9,2847155.81,235625,5-story shear model,pending,,,,,,
Case0858,Struct0429,NORTHRIDGE,ground_motion/northbridge.txt,0.02,g,1,0.8294,1.1784,0.9425,0.0291,0.0169,3.018,5,1.1435,0.9103,1.0872,0.9753,1.0524,1.0037,0.9497,0.913,0.9526,0.8629,170715402,124575465.3,135258552,109203365.7,104743267.2,4731040.32,4140767.98,3657989.28,3479885.9,2847155.81,235625,5-story shear model,pending,,,,,,
Case0859,Struct0430,EI,ground_motion/ei3.txt,0.02,g,1,0.9774,1.1113,1.1949,0.0754,0.0209,3.169,5,1.112,0.9794,1.0624,0.8845,1.1286,1.1325,0.9162,0.942,0.9998,0.8819,195636384,157948817.4,155758464,116708890.5,132371236.8,5034189,3767240.32,3559271.64,3444340.99,2744155.32,298725,5-story shear model,pending,,,,,,
Case0860,Struct0430,NORTHRIDGE,ground_motion/northbridge.txt,0.02,g,1,0.9774,1.1113,1.1949,0.0754,0.0209,3.169,5,1.112,0.9794,1.0624,0.8845,1.1286,1.1325,0.9162,0.942,0.9998,0.8819,195636384,157948817.4,155758464,116708890.5,132371236.8,5034189,3767240.32,3559271.64,3444340.99,2744155.32,298725,5-story shear model,pending,,,,,,
Case0861,Struct0431,EI,ground_motion/ei3.txt,0.02,g,1,0.7986,1.0922,1.1757,0.0283,0.0399,3.525,5,0.9592,0.896,0.866,0.9156,1.0378,1.1319,1.0392,0.9978,1.085,1.1426,137883081.6,118065024,103738140,98711751.6,99454449.6,4945044.72,4199552.69,3705310.34,3673614.7,3494253.62,293925,5-story shear model,pending,,,,,,
Case0862,Struct0431,NORTHRIDGE,ground_motion/northbridge.txt,0.02,g,1,0.7986,1.0922,1.1757,0.0283,0.0399,3.525,5,0.9592,0.896,0.866,0.9156,1.0378,1.1319,1.0392,0.9978,1.085,1.1426,137883081.6,118065024,103738140,98711751.6,99454449.6,4945044.72,4199552.69,3705310.34,3673614.7,3494253.62,293925,5-story shear model,pending,,,,,,
Case0863,Struct0432,EI,ground_motion/ei3.txt,0.02,g,1,0.7729,0.8411,0.8292,0.0575,0.0122,3.503,5,0.9083,1.0119,0.9152,0.8901,1.082,0.9335,1.011,0.9174,1.0023,1.096,126364512.6,129046089.2,106103712,92874369.15,100353336,3140667.4,3146302.77,2623525.48,2613407.04,2581167.68,207300,5-story shear model,pending,,,,,,
Case0864,Struct0432,NORTHRIDGE,ground_motion/northbridge.txt,0.02,g,1,0.7729,0.8411,0.8292,0.0575,0.0122,3.503,5,0.9083,1.0119,0.9152,0.8901,1.082,0.9335,1.011,0.9174,1.0023,1.096,126364512.6,129046089.2,106103712,92874369.15,100353336,3140667.4,3146302.77,2623525.48,2613407.04,2581167.68,207300,5-story shear model,pending,,,,,,
Case0865,Struct0433,EI,ground_motion/ei3.txt,0.02,g,1,0.959,1.2168,1.0664,0.0514,0.0372,3.414,5,1.0552,1.0615,0.8516,1.0574,0.8911,1.1103,0.9,1.0548,0.8985,1.119,182148624,167966452.5,122502660,136896291,102547788,5404052.16,4051944,4363834.18,3389213.88,3812477.76,266600,5-story shear model,pending,,,,,,
Case0866,Struct0433,NORTHRIDGE,ground_motion/northbridge.txt,0.02,g,1,0.959,1.2168,1.0664,0.0514,0.0372,3.414,5,1.0552,1.0615,0.8516,1.0574,0.8911,1.1103,0.9,1.0548,0.8985,1.119,182148624,167966452.5,122502660,136896291,102547788,5404052.16,4051944,4363834.18,3389213.88,3812477.76,266600,5-story shear model,pending,,,,,,
Case0867,Struct0434,EI,ground_motion/ei3.txt,0.02,g,1,1.1863,0.9279,1.0668,0.0656,0.0292,3.576,5,0.9898,1.0688,1.1018,0.8589,1.0447,1.15,0.9795,1.0103,0.9854,1.1354,211355953.2,209206377.6,196059801,137553264.5,148719313.2,4268340,3362848.79,3187355.06,2834493.25,2949905.45,266700,5-story shear model,pending,,,,,,
Case0868,Struct0434,NORTHRIDGE,ground_motion/northbridge.txt,0.02,g,1,1.1863,0.9279,1.0668,0.0656,0.0292,3.576,5,0.9898,1.0688,1.1018,0.8589,1.0447,1.15,0.9795,1.0103,0.9854,1.1354,211355953.2,209206377.6,196059801,137553264.5,148719313.2,4268340,3362848.79,3187355.06,2834493.25,2949905.45,266700,5-story shear model,pending,,,,,,
Case0869,Struct0435,EI,ground_motion/ei3.txt,0.02,g,1,0.7577,1.1429,1.0583,0.0358,0.0245,3.515,5,0.9114,0.9456,1.0125,1.1317,0.9793,1.0326,0.9287,1.0281,1.1297,1.1311,124302200.4,118219384.8,115075687.5,115761027.2,89041873.2,4720634.16,3927221.55,3995052.67,4002515.8,3619655.73,264575,5-story shear model,pending,,,,,,
Case0870,Struct0435,NORTHRIDGE,ground_motion/northbridge.txt,0.02,g,1,0.7577,1.1429,1.0583,0.0358,0.0245,3.515,5,0.9114,0.9456,1.0125,1.1317,0.9793,1.0326,0.9287,1.0281,1.1297,1.1311,124302200.4,118219384.8,115075687.5,115761027.2,89041873.2,4720634.16,3927221.55,3995052.67,4002515.8,3619655.73,264575,5-story shear model,pending,,,,,,
Case0871,Struct0436,EI,ground_motion/ei3.txt,0.02,g,1,1.1785,1.0161,1.0538,0.0624,0.0347,3.142,5,1.0926,0.8887,1.0055,0.9741,1.0506,1.0462,0.9732,0.9341,0.9208,1.0395,231773238,172809936.8,177747262.5,154976874.8,148575852,4252175.28,3658813.52,3227072.63,2900437.13,2957460.66,263450,5-story shear model,pending,,,,,,
Case0872,Struct0436,NORTHRIDGE,ground_motion/northbridge.txt,0.02,g,1,1.1785,1.0161,1.0538,0.0624,0.0347,3.142,5,1.0926,0.8887,1.0055,0.9741,1.0506,1.0462,0.9732,0.9341,0.9208,1.0395,231773238,172809936.8,177747262.5,154976874.8,148575852,4252175.28,3658813.52,3227072.63,2900437.13,2957460.66,263450,5-story shear model,pending,,,,,,
Case0873,Struct0437,EI,ground_motion/ei3.txt,0.02,g,1,1.0993,0.9714,1.175,0.0753,0.0352,3.327,5,0.9455,1.0325,0.9156,1.0509,1.0207,1.0624,1.0297,0.9098,1.0926,0.9671,187089867,187279496.3,150977862,155959340,134646661.2,4128061.44,3700927.15,3004851.05,3290190.08,2630434.63,293750,5-story shear model,pending,,,,,,
Case0874,Struct0437,NORTHRIDGE,ground_motion/northbridge.txt,0.02,g,1,1.0993,0.9714,1.175,0.0753,0.0352,3.327,5,0.9455,1.0325,0.9156,1.0509,1.0207,1.0624,1.0297,0.9098,1.0926,0.9671,187089867,187279496.3,150977862,155959340,134646661.2,4128061.44,3700927.15,3004851.05,3290190.08,2630434.63,293750,5-story shear model,pending,,,,,,
Case0875,Struct0438,EI,ground_motion/ei3.txt,0.02,g,1,0.9394,0.7661,0.859,0.0521,0.0458,3.577,5,1.0365,0.9298,0.9886,0.9433,1.1154,1.122,1.0625,0.9357,1.1099,0.894,175263858,144119929.8,139303626,119628362.7,125736811.2,3438256.8,3011730.62,2437255.22,2635912.61,1917701.52,214750,5-story shear model,pending,,,,,,
Case0876,Struct0438,NORTHRIDGE,ground_motion/northbridge.txt,0.02,g,1,0.9394,0.7661,0.859,0.0521,0.0458,3.577,5,1.0365,0.9298,0.9886,0.9433,1.1154,1.122,1.0625,0.9357,1.1099,0.894,175263858,144119929.8,139303626,119628362.7,125736811.2,3438256.8,3011730.62,2437255.22,2635912.61,1917701.52,214750,5-story shear model,pending,,,,,,
Case0877,Struct0439,EI,ground_motion/ei3.txt,0.02,g,1,1.1353,1.0654,1.0834,0.0401,0.0416,3.376,5,0.87,0.9495,0.9757,1.0691,1.0097,0.9035,0.999,1.0524,0.9485,1.1008,177787980,177864612.8,166156831.5,163856146.1,137557489.2,3850355.6,3938038.02,3812171.66,3132648.89,3283818.5,270850,5-story shear model,pending,,,,,,
Case0878,Struct0439,NORTHRIDGE,ground_motion/northbridge.txt,0.02,g,1,1.1353,1.0654,1.0834,0.0401,0.0416,3.376,5,0.87,0.9495,0.9757,1.0691,1.0097,0.9035,0.999,1.0524,0.9485,1.1008,177787980,177864612.8,166156831.5,163856146.1,137557489.2,3850355.6,3938038.02,3812171.66,3132648.89,3283818.5,270850,5-story shear model,pending,,,,,,
Case0879,Struct0440,EI,ground_motion/ei3.txt,0.02,g,1,0.9881,1.1553,1.0491,0.0279,0.0458,3.336,5,0.9934,1.0475,1.1423,0.9099,1.0386,0.9693,0.8769,1.0673,1.0598,0.9812,176684137.2,170780733.8,169305994.5,121374745.7,123148879.2,4479329.16,3748405.51,4192375.75,3795599.51,3174025.01,262275,5-story shear model,pending,,,,,,
Case0880,Struct0440,NORTHRIDGE,ground_motion/northbridge.txt,0.02,g,1,0.9881,1.1553,1.0491,0.0279,0.0458,3.336,5,0.9934,1.0475,1.1423,0.9099,1.0386,0.9693,0.8769,1.0673,1.0598,0.9812,176684137.2,170780733.8,169305994.5,121374745.7,123148879.2,4479329.16,3748405.51,4192375.75,3795599.51,3174025.01,262275,5-story shear model,pending,,,,,,
Case0881,Struct0441,EI,ground_motion/ei3.txt,0.02,g,1,1.1153,0.8231,0.9023,0.0708,0.0156,3.522,5,1.0482,1.0401,1.0362,1.0475,1.1097,1.1101,1.0741,1.1182,0.9093,1.1288,210430342.8,191403882.5,173351079,157717361.3,148517809.2,3654893.24,3271139.33,3129327.43,2320178.97,2601522.78,225575,5-story shear model,pending,,,,,,
Case0882,Struct0441,NORTHRIDGE,ground_motion/northbridge.txt,0.02,g,1,1.1153,0.8231,0.9023,0.0708,0.0156,3.522,5,1.0482,1.0401,1.0362,1.0475,1.1097,1.1101,1.0741,1.1182,0.9093,1.1288,210430342.8,191403882.5,173351079,157717361.3,148517809.2,3654893.24,3271139.33,3129327.43,2320178.97,2601522.78,225575,5-story shear model,pending,,,,,,
Case0883,Struct0442,EI,ground_motion/ei3.txt,0.02,g,1,1.1912,0.9228,0.9238,0.0428,0.0266,3.534,5,0.9669,1.0655,1.0038,0.9865,0.9834,0.966,0.8981,0.9981,1.0191,1.0723,207318830.4,209421894,179358984,158641038,140571129.6,3565699.2,3066436.72,3131558.71,2915318.99,2770651.63,230950,5-story shear model,pending,,,,,,
Case0884,Struct0442,NORTHRIDGE,ground_motion/northbridge.txt,0.02,g,1,1.1912,0.9228,0.9238,0.0428,0.0266,3.534,5,0.9669,1.0655,1.0038,0.9865,0.9834,0.966,0.8981,0.9981,1.0191,1.0723,207318830.4,209421894,179358984,158641038,140571129.6,3565699.2,3066436.72,3131558.71,2915318.99,2770651.63,230950,5-story shear model,pending,,,,,,
Case0885,Struct0443,EI,ground_motion/ei3.txt,0.02,g,1,1.0255,0.8727,1.163,0.0328,0.0314,3.586,5,1.0168,0.9778,0.8891,0.9117,1.0469,0.9675,0.8617,1.0981,1.1262,1.0328,187691112,165451093.5,136765807.5,126218027.3,128831514,3377349,2782420.68,3258260.36,3046787.69,2523708.77,290750,5-story shear model,pending,,,,,,
Case0886,Struct0443,NORTHRIDGE,ground_motion/northbridge.txt,0.02,g,1,1.0255,0.8727,1.163,0.0328,0.0314,3.586,5,1.0168,0.9778,0.8891,0.9117,1.0469,0.9675,0.8617,1.0981,1.1262,1.0328,187691112,165451093.5,136765807.5,126218027.3,128831514,3377349,2782420.68,3258260.36,3046787.69,2523708.77,290750,5-story shear model,pending,,,,,,
Case0887,Struct0444,EI,ground_motion/ei3.txt,0.02,g,1,1.2389,1.1806,0.8481,0.0511,0.0197,3.215,5,1.0979,1.0066,0.9125,1.1252,0.9245,0.9215,1.0926,0.8754,0.9306,0.9172,244833895.8,205767662.1,169574437.5,188191387.8,137443566,4351691.6,4772717.17,3513890.62,3405865.72,3031969.7,212025,5-story shear model,pending,,,,,,
Case0888,Struct0444,NORTHRIDGE,ground_motion/northbridge.txt,0.02,g,1,1.2389,1.1806,0.8481,0.0511,0.0197,3.215,5,1.0979,1.0066,0.9125,1.1252,0.9245,0.9215,1.0926,0.8754,0.9306,0.9172,244833895.8,205767662.1,169574437.5,188191387.8,137443566,4351691.6,4772717.17,3513890.62,3405865.72,3031969.7,212025,5-story shear model,pending,,,,,,
Case0889,Struct0445,EI,ground_motion/ei3.txt,0.02,g,1,1.0506,0.7802,1.1492,0.0206,0.0194,3.148,5,1.1037,0.9665,1.0138,0.9736,0.9144,1.0163,0.8656,1.1103,1.1256,0.9362,208718499.6,167541808.5,159764742,138086661.6,115280236.8,3171669.04,2498762.14,2945270.6,2722398.67,2045185.07,287300,5-story shear model,pending,,,,,,
Case0890,Struct0445,NORTHRIDGE,ground_motion/northbridge.txt,0.02,g,1,1.0506,0.7802,1.1492,0.0206,0.0194,3.148,5,1.1037,0.9665,1.0138,0.9736,0.9144,1.0163,0.8656,1.1103,1.1256,0.9362,208718499.6,167541808.5,159764742,138086661.6,115280236.8,3171669.04,2498762.14,2945270.6,2722398.67,2045185.07,287300,5-story shear model,pending,,,,,,
Case0891,Struct0446,EI,ground_motion/ei3.txt,0.02,g,1,0.9381,0.9384,0.9038,0.03,0.0459,3.172,5,1.1127,1.1445,0.9679,0.9341,1.0159,1.0176,1.0878,1.0927,0.906,0.9381,187888296.6,177153149.3,136198048.5,118297693.4,114361894.8,3819663.36,3776928.62,3486324.91,2635590.24,2464876.51,225950,5-story shear model,pending,,,,,,
Case0892,Struct0446,NORTHRIDGE,ground_motion/northbridge.txt,0.02,g,1,0.9381,0.9384,0.9038,0.03,0.0459,3.172,5,1.1127,1.1445,0.9679,0.9341,1.0159,1.0176,1.0878,1.0927,0.906,0.9381,187888296.6,177153149.3,136198048.5,118297693.4,114361894.8,3819663.36,3776928.62,3486324.91,2635590.24,2464876.51,225950,5-story shear model,pending,,,,,,
Case0893,Struct0447,EI,ground_motion/ei3.txt,0.02,g,1,1.2419,0.8302,1.1272,0.0415,0.0193,3.553,5,1.039,1.1134,1.021,1.0531,1.083,1.0009,1.1372,0.9546,1.0802,0.8867,232260138,228150690.9,190196985,176559060.2,161397324,3323788.72,3493182.73,2694530.33,2780024.32,2061187.35,281800,5-story shear model,pending,,,,,,
Case0894,Struct0447,NORTHRIDGE,ground_motion/northbridge.txt,0.02,g,1,1.2419,0.8302,1.1272,0.0415,0.0193,3.553,5,1.039,1.1134,1.021,1.0531,1.083,1.0009,1.1372,0.9546,1.0802,0.8867,232260138,228150690.9,190196985,176559060.2,161397324,3323788.72,3493182.73,2694530.33,2780024.32,2061187.35,281800,5-story shear model,pending,,,,,,
Case0895,Struct0448,EI,ground_motion/ei3.txt,0.02,g,1,1.0553,0.8547,0.9554,0.0745,0.0258,3.379,5,1.0262,0.9919,1.0489,1.0069,1.0174,1.0775,1.056,1.0736,0.8688,0.952,194930794.8,172714091.6,166035625.5,143448512,128839466.4,3683757,3339483.84,3119860.13,2301946.42,2278288.32,238850,5-story shear model,pending,,,,,,
Case0896,Struct0448,NORTHRIDGE,ground_motion/northbridge.txt,0.02,g,1,1.0553,0.8547,0.9554,0.0745,0.0258,3.379,5,1.0262,0.9919,1.0489,1.0069,1.0174,1.0775,1.056,1.0736,0.8688,0.952,194930794.8,172714091.6,166035625.5,143448512,128839466.4,3683757,3339483.84,3119860.13,2301946.42,2278288.32,238850,5-story shear model,pending,,,,,,
Case0897,Struct0449,EI,ground_motion/ei3.txt,0.02,g,1,1.194,1.1197,1.0554,0.06,0.0128,3.454,5,1.0441,1.0158,0.9163,0.8691,1.0054,0.9494,1.0386,0.8569,0.9898,0.9725,224397972,200122758,164109330,140090229,144053712,4252172.72,4302805.55,3262201.16,3435665.09,3048943.1,263850,5-story shear model,pending,,,,,,
Case0898,Struct0449,NORTHRIDGE,ground_motion/northbridge.txt,0.02,g,1,1.194,1.1197,1.0554,0.06,0.0128,3.454,5,1.0441,1.0158,0.9163,0.8691,1.0054,0.9494,1.0386,0.8569,0.9898,0.9725,224397972,200122758,164109330,140090229,144053712,4252172.72,4302805.55,3262201.16,3435665.09,3048943.1,263850,5-story shear model,pending,,,,,,
Case0899,Struct0450,EI,ground_motion/ei3.txt,0.02,g,1,0.9017,0.7726,1.0412,0.0432,0.0308,3.346,5,0.8624,1.0474,1.0398,0.8575,1.0361,1.0487,0.8967,0.8836,1.0561,1.0754,139972694.4,155832695.7,140638149,104383046.3,112110164.4,3240902.48,2563324.55,2321075.82,2529422.87,2326391.31,260300,5-story shear model,pending,,,,,,
Case0900,Struct0450,NORTHRIDGE,ground_motion/northbridge.txt,0.02,g,1,0.9017,0.7726,1.0412,0.0432,0.0308,3.346,5,0.8624,1.0474,1.0398,0.8575,1.0361,1.0487,0.8967,0.8836,1.0561,1.0754,139972694.4,155832695.7,140638149,104383046.3,112110164.4,3240902.48,2563324.55,2321075.82,2529422.87,2326391.31,260300,5-story shear model,pending,,,,,,
Case0901,Struct0451,EI,ground_motion/ei3.txt,0.02,g,1,1.0155,1.022,0.815,0.0601,0.0213,3.457,5,1.1463,0.8578,1.0261,1.0581,1.0523,1.0875,0.953,1.0548,1.0005,1.042,209532177,143730823.5,156300682.5,145057574.3,128233278,4445700,3603674.2,3665219.04,3169784.1,2981787.2,203750,5-story shear model,pending,,,,,,
Case0902,Struct0451,NORTHRIDGE,ground_motion/northbridge.txt,0.02,g,1,1.0155,1.022,0.815,0.0601,0.0213,3.457,5,1.1463,0.8578,1.0261,1.0581,1.0523,1.0875,0.953,1.0548,1.0005,1.042,209532177,143730823.5,156300682.5,145057574.3,128233278,4445700,3603674.2,3665219.04,3169784.1,2981787.2,203750,5-story shear model,pending,,,,,,
Case0903,Struct0452,EI,ground_motion/ei3.txt,0.02,g,1,0.9831,0.9886,1.1065,0.0211,0.0406,3.422,5,0.8983,0.9499,1.0969,1.0957,0.8626,0.8856,1.0894,0.9387,1.0388,0.9096,158961371.4,154084703.9,161754358.5,145419660.5,101762647.2,3502016.64,3984829.11,3155195.99,3183568.81,2517845.57,276625,5-story shear model,pending,,,,,,
Case0904,Struct0452,NORTHRIDGE,ground_motion/northbridge.txt,0.02,g,1,0.9831,0.9886,1.1065,0.0211,0.0406,3.422,5,0.8983,0.9499,1.0969,1.0957,0.8626,0.8856,1.0894,0.9387,1.0388,0.9096,158961371.4,154084703.9,161754358.5,145419660.5,101762647.2,3502016.64,3984829.11,3155195.99,3183568.81,2517845.57,276625,5-story shear model,pending,,,,,,
Case0905,Struct0453,EI,ground_motion/ei3.txt,0.02,g,1,0.9,1.1549,1.1415,0.0677,0.0232,3.115,5,1.1139,0.8546,0.9968,1.1224,0.9389,1.0079,1.1341,1.1479,0.9339,0.9471,180451800,126908100,134568000,136371600,101401200,4656094.84,4846156.73,4507413.01,3343539.44,3062656.21,285375,5-story shear model,pending,,,,,,
Case0906,Struct0453,NORTHRIDGE,ground_motion/northbridge.txt,0.02,g,1,0.9,1.1549,1.1415,0.0677,0.0232,3.115,5,1.1139,0.8546,0.9968,1.1224,0.9389,1.0079,1.1341,1.1479,0.9339,0.9471,180451800,126908100,134568000,136371600,101401200,4656094.84,4846156.73,4507413.01,3343539.44,3062656.21,285375,5-story shear model,pending,,,,,,
Case0907,Struct0454,EI,ground_motion/ei3.txt,0.02,g,1,1.0877,0.8148,0.8484,0.0792,0.0349,3.403,5,1.1231,1.0043,1.1233,0.8516,0.937,0.8692,1.0308,0.9215,0.9762,1.0905,219887256.6,180242223.2,183272011.5,125048518.2,122300988,2832896.64,3107614.61,2552849.88,2465764.06,2487910.32,212100,5-story shear model,pending,,,,,,
Case0908,Struct0454,NORTHRIDGE,ground_motion/northbridge.txt,0.02,g,1,1.0877,0.8148,0.8484,0.0792,0.0349,3.403,5,1.1231,1.0043,1.1233,0.8516,0.937,0.8692,1.0308,0.9215,0.9762,1.0905,219887256.6,180242223.2,183272011.5,125048518.2,122300988,2832896.64,3107614.61,2552849.88,2465764.06,2487910.32,212100,5-story shear model,pending,,,,,,
Case0909,Struct0455,EI,ground_motion/ei3.txt,0.02,g,1,1.2309,0.8857,1.0419,0.0355,0.046,3.495,5,1.0368,1.0055,0.9456,1.0351,0.8963,1.127,0.9516,1.0621,1.1464,0.8517,229715481.6,204215541.8,174590856,172004119.7,132390680.4,3992735.6,3118478.84,3198386.7,3147636.09,2112181.93,260475,5-story shear model,pending,,,,,,
Case0910,Struct0455,NORTHRIDGE,ground_motion/northbridge.txt,0.02,g,1,1.2309,0.8857,1.0419,0.0355,0.046,3.495,5,1.0368,1.0055,0.9456,1.0351,0.8963,1.127,0.9516,1.0621,1.1464,0.8517,229715481.6,204215541.8,174590856,172004119.7,132390680.4,3992735.6,3118478.84,3198386.7,3147636.09,2112181.93,260475,5-story shear model,pending,,,,,,
Case0911,Struct0456,EI,ground_motion/ei3.txt,0.02,g,1,1.0527,0.8316,0.9914,0.0427,0.0232,3.474,5,1.1052,1.0394,1.0514,0.9176,0.8683,1.1382,1.0531,1.0543,1.1369,0.8616,209419927.2,180539102.7,166021317,130404265.2,109687129.2,3786108.48,3240304.45,2980969.99,2930882.72,2006218.37,247850,5-story shear model,pending,,,,,,
Case0912,Struct0456,NORTHRIDGE,ground_motion/northbridge.txt,0.02,g,1,1.0527,0.8316,0.9914,0.0427,0.0232,3.474,5,1.1052,1.0394,1.0514,0.9176,0.8683,1.1382,1.0531,1.0543,1.1369,0.8616,209419927.2,180539102.7,166021317,130404265.2,109687129.2,3786108.48,3240304.45,2980969.99,2930882.72,2006218.37,247850,5-story shear model,pending,,,,,,
Case0913,Struct0457,EI,ground_motion/ei3.txt,0.02,g,1,1.0935,1.0922,1.0778,0.0561,0.0383,3.299,5,1.1334,0.892,0.8899,0.986,0.997,0.9617,1.1322,0.8948,0.9997,1.0275,223087122,160941330,145965847.5,145555785,130826340,4201474.96,4575378.71,3322821.9,3384804.25,3142259.4,269450,5-story shear model,pending,,,,,,
Case0914,Struct0457,NORTHRIDGE,ground_motion/northbridge.txt,0.02,g,1,1.0935,1.0922,1.0778,0.0561,0.0383,3.299,5,1.1334,0.892,0.8899,0.986,0.997,0.9617,1.1322,0.8948,0.9997,1.0275,223087122,160941330,145965847.5,145555785,130826340,4201474.96,4575378.71,3322821.9,3384804.25,3142259.4,269450,5-story shear model,pending,,,,,,
Case0915,Struct0458,EI,ground_motion/ei3.txt,0.02,g,1,0.9091,0.8262,1.1593,0.0452,0.0181,3.57,5,0.915,1.0331,0.9258,1.0055,1.0751,1.1238,0.9481,1.0147,0.9628,0.8612,149728770,154966549.7,126246717,123403506.8,117284809.2,3713934.24,2898284.81,2850373.48,2465942.62,1992265.63,289825,5-story shear model,pending,,,,,,
Case0916,Struct0458,NORTHRIDGE,ground_motion/northbridge.txt,0.02,g,1,0.9091,0.8262,1.1593,0.0452,0.0181,3.57,5,0.915,1.0331,0.9258,1.0055,1.0751,1.1238,0.9481,1.0147,0.9628,0.8612,149728770,154966549.7,126246717,123403506.8,117284809.2,3713934.24,2898284.81,2850373.48,2465942.62,1992265.63,289825,5-story shear model,pending,,,,,,
Case0917,Struct0459,EI,ground_motion/ei3.txt,0.02,g,1,1.0934,1.0758,0.84,0.0406,0.0359,3.008,5,0.8579,1.0115,0.8924,1.0924,1.084,0.8866,1.0938,1.0814,1.123,0.9861,168845014.8,182485726.5,146362524,161248071.6,142229472,3815217.12,4353827.15,3955458.41,3745182.54,2970369.86,210000,5-story shear model,pending,,,,,,
Case0918,Struct0459,NORTHRIDGE,ground_motion/northbridge.txt,0.02,g,1,1.0934,1.0758,0.84,0.0406,0.0359,3.008,5,0.8579,1.0115,0.8924,1.0924,1.084,0.8866,1.0938,1.0814,1.123,0.9861,168845014.8,182485726.5,146362524,161248071.6,142229472,3815217.12,4353827.15,3955458.41,3745182.54,2970369.86,210000,5-story shear model,pending,,,,,,
Case0919,Struct0460,EI,ground_motion/ei3.txt,0.02,g,1,0.9218,0.9183,0.862,0.0588,0.029,3.33,5,1.131,1.025,1.0765,0.8655,1.15,1.0897,1.0015,1.0257,0.9525,1.0204,187660044,155899425,148847655,107705416.5,127208400,4002686.04,3402806.57,3202461.05,2711510.33,2623693.3,215500,5-story shear model,pending,,,,,,
Case0920,Struct0460,NORTHRIDGE,ground_motion/northbridge.txt,0.02,g,1,0.9218,0.9183,0.862,0.0588,0.029,3.33,5,1.131,1.025,1.0765,0.8655,1.15,1.0897,1.0015,1.0257,0.9525,1.0204,187660044,155899425,148847655,107705416.5,127208400,4002686.04,3402806.57,3202461.05,2711510.33,2623693.3,215500,5-story shear model,pending,,,,,,
Case0921,Struct0461,EI,ground_motion/ei3.txt,0.02,g,1,0.989,0.8184,1.0083,0.0393,0.0147,3.473,5,0.877,0.983,1.1404,0.9896,1.1127,0.8843,1.1229,1.1025,0.964,1.1037,156123540,160410855,169178340,132126444,132055236,2894844.48,3400231.03,3067772.4,2445706.56,2529150.62,252075,5-story shear model,pending,,,,,,
Case0922,Struct0461,NORTHRIDGE,ground_motion/northbridge.txt,0.02,g,1,0.989,0.8184,1.0083,0.0393,0.0147,3.473,5,0.877,0.983,1.1404,0.9896,1.1127,0.8843,1.1229,1.1025,0.964,1.1037,156123540,160410855,169178340,132126444,132055236,2894844.48,3400231.03,3067772.4,2445706.56,2529150.62,252075,5-story shear model,pending,,,,,,
Case0923,Struct0462,EI,ground_motion/ei3.txt,0.02,g,1,0.9448,0.8514,0.8521,0.0628,0.049,3.09,5,1.0433,0.9719,1.1002,0.8805,0.9938,1.1269,0.9983,1.0839,1.111,1.1494,177427771.2,151511434.8,155920344,112306014,112673068.8,3837770.64,3144824.69,3137630.36,2932306.74,2740077.65,213025,5-story shear model,pending,,,,,,
Case0924,Struct0462,NORTHRIDGE,ground_motion/northbridge.txt,0.02,g,1,0.9448,0.8514,0.8521,0.0628,0.049,3.09,5,1.0433,0.9719,1.1002,0.8805,0.9938,1.1269,0.9983,1.0839,1.111,1.1494,177427771.2,151511434.8,155920344,112306014,112673068.8,3837770.64,3144824.69,3137630.36,2932306.74,2740077.65,213025,5-story shear model,pending,,,,,,
Case0925,Struct0463,EI,ground_motion/ei3.txt,0.02,g,1,1.0678,0.987,1.0778,0.0462,0.0104,3.595,5,1.0991,1.0616,1.095,1.0433,1.0625,0.9415,1.0818,0.8532,1.0218,1.0556,211251416.4,187040119.2,175386150,150394824.9,136144500,3717042,3950625.42,2863168.56,3126401.46,2917256.16,269450,5-story shear model,pending,,,,,,
Case0926,Struct0463,NORTHRIDGE,ground_motion/northbridge.txt,0.02,g,1,1.0678,0.987,1.0778,0.0462,0.0104,3.595,5,1.0991,1.0616,1.095,1.0433,1.0625,0.9415,1.0818,0.8532,1.0218,1.0556,211251416.4,187040119.2,175386150,150394824.9,136144500,3717042,3950625.42,2863168.56,3126401.46,2917256.16,269450,5-story shear model,pending,,,,,,
Case0927,Struct0464,EI,ground_motion/ei3.txt,0.02,g,1,0.8929,0.817,0.9737,0.0456,0.0411,3.536,5,1.0172,0.9163,1.0396,1.1412,0.9437,0.9216,1.1091,1.006,1.078,0.9321,163486418.4,134997104.6,139238826,137561959.8,101115567.6,3011788.8,3352698.39,2794466.8,2730250.6,2132271.96,243425,5-story shear model,pending,,,,,,
Case0928,Struct0464,NORTHRIDGE,ground_motion/northbridge.txt,0.02,g,1,0.8929,0.817,0.9737,0.0456,0.0411,3.536,5,1.0172,0.9163,1.0396,1.1412,0.9437,0.9216,1.1091,1.006,1.078,0.9321,163486418.4,134997104.6,139238826,137561959.8,101115567.6,3011788.8,3352698.39,2794466.8,2730250.6,2132271.96,243425,5-story shear model,pending,,,,,,
Case0929,Struct0465,EI,ground_motion/ei3.txt,0.02,g,1,1.0214,0.9997,0.8506,0.0442,0.0175,3.585,5,0.9078,1.0261,1.1232,0.9721,0.9809,0.9578,1.0301,0.9748,1.0761,0.8796,166900845.6,172929659.1,172085472,134041896.9,120226951.2,3830050.64,3810226.59,3313325.7,3334909.23,2462141.14,212650,5-story shear model,pending,,,,,,
Case0930,Struct0465,NORTHRIDGE,ground_motion/northbridge.txt,0.02,g,1,1.0214,0.9997,0.8506,0.0442,0.0175,3.585,5,0.9078,1.0261,1.1232,0.9721,0.9809,0.9578,1.0301,0.9748,1.0761,0.8796,166900845.6,172929659.1,172085472,134041896.9,120226951.2,3830050.64,3810226.59,3313325.7,3334909.23,2462141.14,212650,5-story shear model,pending,,,,,,
Case0931,Struct0466,EI,ground_motion/ei3.txt,0.02,g,1,1.0183,0.9068,0.9658,0.0521,0.0244,3.16,5,1.0393,1.0963,0.9044,0.9682,0.9678,1.0989,0.9266,0.9819,1.1475,1.1472,190497454.2,184199777.9,138142578,133098938.1,118261288.8,3985930.08,3108891.26,3027315.53,3225714.3,2912786.69,241450,5-story shear model,pending,,,,,,
Case0932,Struct0466,NORTHRIDGE,ground_motion/northbridge.txt,0.02,g,1,1.0183,0.9068,0.9658,0.0521,0.0244,3.16,5,1.0393,1.0963,0.9044,0.9682,0.9678,1.0989,0.9266,0.9819,1.1475,1.1472,190497454.2,184199777.9,138142578,133098938.1,118261288.8,3985930.08,3108891.26,3027315.53,3225714.3,2912786.69,241450,5-story shear model,pending,,,,,,
Case0933,Struct0467,EI,ground_motion/ei3.txt,0.02,g,1,1.0183,0.7684,1.066,0.0431,0.0228,3.436,5,1.1007,0.9512,0.9228,0.868,1.0112,1.1002,0.9713,0.8688,1.1016,1.0681,201751705.8,159820148.4,140953086,119324394,123564595.2,3381574.72,2761483.6,2269792.13,2624055.26,2298038.51,266500,5-story shear model,pending,,,,,,
Case0934,Struct0467,NORTHRIDGE,ground_motion/northbridge.txt,0.02,g,1,1.0183,0.7684,1.066,0.0431,0.0228,3.436,5,1.1007,0.9512,0.9228,0.868,1.0112,1.1002,0.9713,0.8688,1.1016,1.0681,201751705.8,159820148.4,140953086,119324394,123564595.2,3381574.72,2761483.6,2269792.13,2624055.26,2298038.51,266500,5-story shear model,pending,,,,,,
Case0935,Struct0468,EI,ground_motion/ei3.txt,0.02,g,1,1.1579,0.9721,0.892,0.0784,0.0105,3.515,5,0.9947,1.0495,0.9348,1.0818,0.9703,1.0735,0.9278,0.9538,0.9746,0.8824,207317363.4,200510648.3,162360738,169103189.7,134821244.4,4174197.4,3337083.21,3152442.53,2936966.85,2401786.91,223000,5-story shear model,pending,,,,,,
Case0936,Struct0468,NORTHRIDGE,ground_motion/northbridge.txt,0.02,g,1,1.1579,0.9721,0.892,0.0784,0.0105,3.515,5,0.9947,1.0495,0.9348,1.0818,0.9703,1.0735,0.9278,0.9538,0.9746,0.8824,207317363.4,200510648.3,162360738,169103189.7,134821244.4,4174197.4,3337083.21,3152442.53,2936966.85,2401786.91,223000,5-story shear model,pending,,,,,,
Case0937,Struct0469,EI,ground_motion/ei3.txt,0.02,g,1,1.1747,1.1197,0.8543,0.0268,0.0415,3.237,5,1.1389,0.8852,1.1411,0.922,0.9511,0.9387,1.0557,1.1494,1.0606,0.9505,240815849.4,171574332.6,201067525.5,146214909,134070860.4,4204249.56,4373648.97,4375742.81,3681416.84,2979969.58,213575,5-story shear model,pending,,,,,,
Case0938,Struct0469,NORTHRIDGE,ground_motion/northbridge.txt,0.02,g,1,1.1747,1.1197,0.8543,0.0268,0.0415,3.237,5,1.1389,0.8852,1.1411,0.922,0.9511,0.9387,1.0557,1.1494,1.0606,0.9505,240815849.4,171574332.6,201067525.5,146214909,134070860.4,4204249.56,4373648.97,4375742.81,3681416.84,2979969.58,213575,5-story shear model,pending,,,,,,
Case0939,Struct0470,EI,ground_motion/ei3.txt,0.02,g,1,1.2227,1.2222,0.8111,0.0565,0.0301,3.495,5,0.9185,1.0603,0.8554,0.9396,0.8749,1.0527,0.8909,0.9699,1.0338,1.063,202148991,213910753.7,156884637,155094604.2,128368827.6,5146439.76,4028774.53,4030400.05,3916882.12,3637756.08,202775,5-story shear model,pending,,,,,,
Case0940,Struct0470,NORTHRIDGE,ground_motion/northbridge.txt,0.02,g,1,1.2227,1.2222,0.8111,0.0565,0.0301,3.495,5,0.9185,1.0603,0.8554,0.9396,0.8749,1.0527,0.8909,0.9699,1.0338,1.063,202148991,213910753.7,156884637,155094604.2,128368827.6,5146439.76,4028774.53,4030400.05,3916882.12,3637756.08,202775,5-story shear model,pending,,,,,,
Case0941,Struct0471,EI,ground_motion/ei3.txt,0.02,g,1,1.1718,0.8441,1.1941,0.0364,0.0231,3.5,5,0.9867,1.1073,0.9989,0.8949,1.0054,1.0279,0.9071,1.0717,0.8735,1.0391,208118710.8,214093133.1,175576653,141566915.7,141375326.4,3470601.56,2833027.51,3075714.7,2285696.19,2455892.07,298525,5-story shear model,pending,,,,,,
Case0942,Struct0471,NORTHRIDGE,ground_motion/northbridge.txt,0.02,g,1,1.1718,0.8441,1.1941,0.0364,0.0231,3.5,5,0.9867,1.1073,0.9989,0.8949,1.0054,1.0279,0.9071,1.0717,0.8735,1.0391,208118710.8,214093133.1,175576653,141566915.7,141375326.4,3470601.56,2833027.51,3075714.7,2285696.19,2455892.07,298525,5-story shear model,pending,,,,,,
Case0943,Struct0472,EI,ground_motion/ei3.txt,0.02,g,1,0.8364,0.8403,1.1701,0.0517,0.0285,3.004,5,0.9945,1.0141,1.0789,1.0817,1.0554,0.8804,1.1317,1.0489,0.9404,1.0533,149723964,139951884.6,135358794,122139073.8,105928387.2,2959200.48,3518579.79,2996728.28,2449676.17,2478246.37,292525,5-story shear model,pending,,,,,,
Case0944,Struct0472,NORTHRIDGE,ground_motion/northbridge.txt,0.02,g,1,0.8364,0.8403,1.1701,0.0517,0.0285,3.004,5,0.9945,1.0141,1.0789,1.0817,1.0554,0.8804,1.1317,1.0489,0.9404,1.0533,149723964,139951884.6,135358794,122139073.8,105928387.2,2959200.48,3518579.79,2996728.28,2449676.17,2478246.37,292525,5-story shear model,pending,,,,,,
Case0945,Struct0473,EI,ground_motion/ei3.txt,0.02,g,1,1.0612,1.0753,0.9899,0.073,0.0476,3.527,5,0.9145,0.9829,0.9813,1.0562,1.0473,0.9789,1.0227,1.0142,0.8712,0.9101,174684132,172103824.2,156203334,151313324.4,133367371.2,4210444.68,4068924.45,3707935.48,2904084.22,2740165.48,247475,5-story shear model,pending,,,,,,
Case0946,Struct0473,NORTHRIDGE,ground_motion/northbridge.txt,0.02,g,1,1.0612,1.0753,0.9899,0.073,0.0476,3.527,5,0.9145,0.9829,0.9813,1.0562,1.0473,0.9789,1.0227,1.0142,0.8712,0.9101,174684132,172103824.2,156203334,151313324.4,133367371.2,4210444.68,4068924.45,3707935.48,2904084.22,2740165.48,247475,5-story shear model,pending,,,,,,
Case0947,Struct0474,EI,ground_motion/ei3.txt,0.02,g,1,0.8073,0.9026,1.0139,0.025,0.0194,3.518,5,0.9842,1.141,1.1481,0.89,0.9557,0.9312,1.1173,1.1324,0.9458,0.8901,143018038.8,151986334.5,139029169.5,96997095,92584393.2,3362004.48,3731357.43,3475154.42,2646405.15,2249531.93,253475,5-story shear model,pending,,,,,,
Case0948,Struct0474,NORTHRIDGE,ground_motion/northbridge.txt,0.02,g,1,0.8073,0.9026,1.0139,0.025,0.0194,3.518,5,0.9842,1.141,1.1481,0.89,0.9557,0.9312,1.1173,1.1324,0.9458,0.8901,143018038.8,151986334.5,139029169.5,96997095,92584393.2,3362004.48,3731357.43,3475154.42,2646405.15,2249531.93,253475,5-story shear model,pending,,,,,,
Case0949,Struct0475,EI,ground_motion/ei3.txt,0.02,g,1,1.231,0.9914,0.9798,0.0695,0.0179,3.533,5,0.8586,1.0395,1.0455,1.0573,0.9355,1.1,0.9734,1.0542,1.0073,0.8533,190248588,211138042.5,193051575,175707400.5,138192060,4362160,3570606.41,3553455.19,3095775.38,2368692.54,244950,5-story shear model,pending,,,,,,
Case0950,Struct0475,NORTHRIDGE,ground_motion/northbridge.txt,0.02,g,1,1.231,0.9914,0.9798,0.0695,0.0179,3.533,5,0.8586,1.0395,1.0455,1.0573,0.9355,1.1,0.9734,1.0542,1.0073,0.8533,190248588,211138042.5,193051575,175707400.5,138192060,4362160,3570606.41,3553455.19,3095775.38,2368692.54,244950,5-story shear model,pending,,,,,,
Case0951,Struct0476,EI,ground_motion/ei3.txt,0.02,g,1,0.7672,1.0545,1.0701,0.0335,0.0146,3.314,5,1.024,1.1143,0.8696,1.0822,0.9953,1.0998,1.0617,1.1199,1.0235,0.8531,141410304,141057008.4,100073568,112085618.4,91631299.2,4638956.4,4142381.81,4015177.47,3345770.33,2518863.06,267525,5-story shear model,pending,,,,,,
Case0952,Struct0476,NORTHRIDGE,ground_motion/northbridge.txt,0.02,g,1,0.7672,1.0545,1.0701,0.0335,0.0146,3.314,5,1.024,1.1143,0.8696,1.0822,0.9953,1.0998,1.0617,1.1199,1.0235,0.8531,141410304,141057008.4,100073568,112085618.4,91631299.2,4638956.4,4142381.81,4015177.47,3345770.33,2518863.06,267525,5-story shear model,pending,,,,,,
Case0953,Struct0477,EI,ground_motion/ei3.txt,0.02,g,1,0.9378,1.1765,0.8491,0.0526,0.0297,3.472,5,1.1139,0.9814,0.8885,0.9469,0.896,0.9239,0.9801,0.9141,1.0673,1.1486,188030775.6,151858891.8,124985295,119880380.7,100832256,4347873.4,4266424.3,3656491.41,3892603.2,3783718.12,212275,5-story shear model,pending,,,,,,
Case0954,Struct0477,NORTHRIDGE,ground_motion/northbridge.txt,0.02,g,1,0.9378,1.1765,0.8491,0.0526,0.0297,3.472,5,1.1139,0.9814,0.8885,0.9469,0.896,0.9239,0.9801,0.9141,1.0673,1.1486,188030775.6,151858891.8,124985295,119880380.7,100832256,4347873.4,4266424.3,3656491.41,3892603.2,3783718.12,212275,5-story shear model,pending,,,,,,
Case0955,Struct0478,EI,ground_motion/ei3.txt,0.02,g,1,1.2168,0.9032,1.1519,0.0407,0.0268,3.444,5,0.8546,0.9505,1.0829,0.8871,1.1448,1.0047,0.8796,1.0032,0.9769,0.9791,187177910.4,190833786,197650908,145722142.8,167159116.8,3629780.16,2939482.46,3080706.82,2735241.85,2476104.74,287975,5-story shear model,pending,,,,,,
Case0956,Struct0478,NORTHRIDGE,ground_motion/northbridge.txt,0.02,g,1,1.2168,0.9032,1.1519,0.0407,0.0268,3.444,5,0.8546,0.9505,1.0829,0.8871,1.1448,1.0047,0.8796,1.0032,0.9769,0.9791,187177910.4,190833786,197650908,145722142.8,167159116.8,3629780.16,2939482.46,3080706.82,2735241.85,2476104.74,287975,5-story shear model,pending,,,,,,
Case0957,Struct0479,EI,ground_motion/ei3.txt,0.02,g,1,0.8042,1.138,0.809,0.0597,0.034,3.407,5,0.9395,0.9656,0.8598,0.9268,0.9974,0.8583,1.1215,1.1037,1.018,0.9221,135998262,128128360.8,103717674,100619895.6,96253089.6,3906981.6,4722187.9,4270436.04,3591300.4,2938179.44,202250,5-story shear model,pending,,,,,,
Case0958,Struct0479,NORTHRIDGE,ground_motion/northbridge.txt,0.02,g,1,0.8042,1.138,0.809,0.0597,0.034,3.407,5,0.9395,0.9656,0.8598,0.9268,0.9974,0.8583,1.1215,1.1037,1.018,0.9221,135998262,128128360.8,103717674,100619895.6,96253089.6,3906981.6,4722187.9,4270436.04,3591300.4,2938179.44,202250,5-story shear model,pending,,,,,,
Case0959,Struct0480,EI,ground_motion/ei3.txt,0.02,g,1,0.7683,1.0068,1.1724,0.0238,0.0376,3.331,5,0.9939,1.1478,0.9223,1.127,1.1323,0.9438,0.9288,1.1181,1.0164,0.9849,137450406.6,145506032.1,106290463.5,116893003.5,104393530.8,3800871.36,3459928.61,3827390.47,3172265.71,2776472.5,293100,5-story shear model,pending,,,,,,
Case0960,Struct0480,NORTHRIDGE,ground_motion/northbridge.txt,0.02,g,1,0.7683,1.0068,1.1724,0.0238,0.0376,3.331,5,0.9939,1.1478,0.9223,1.127,1.1323,0.9438,0.9288,1.1181,1.0164,0.9849,137450406.6,145506032.1,106290463.5,116893003.5,104393530.8,3800871.36,3459928.61,3827390.47,3172265.71,2776472.5,293100,5-story shear model,pending,,,,,,
Case0961,Struct0481,EI,ground_motion/ei3.txt,0.02,g,1,0.9855,1.2342,1.181,0.027,0.0485,3.575,5,0.8678,1.0393,1.0921,1.0204,1.0369,1.1118,1.0664,0.8645,1.0286,0.86,153939042,168997974.8,161439682.5,135756567,122623794,5488734.24,4869758.26,3627684.06,3935444.17,2971953.6,295250,5-story shear model,pending,,,,,,
Case0962,Struct0481,NORTHRIDGE,ground_motion/northbridge.txt,0.02,g,1,0.9855,1.2342,1.181,0.027,0.0485,3.575,5,0.8678,1.0393,1.0921,1.0204,1.0369,1.1118,1.0664,0.8645,1.0286,0.86,153939042,168997974.8,161439682.5,135756567,122623794,5488734.24,4869758.26,3627684.06,3935444.17,2971953.6,295250,5-story shear model,pending,,,,,,
Case0963,Struct0482,EI,ground_motion/ei3.txt,0.02,g,1,1.084,1.0208,1.1852,0.0363,0.0399,3.048,5,0.9896,1.0826,1.0015,0.9024,1.0811,1.0893,1.148,0.893,0.8622,0.9404,193090752,193633836,162843900,132057216,140629488,4447829.76,4335950.08,3099352.96,2728414.66,2687888.9,296300,5-story shear model,pending,,,,,,
Case0964,Struct0482,NORTHRIDGE,ground_motion/northbridge.txt,0.02,g,1,1.084,1.0208,1.1852,0.0363,0.0399,3.048,5,0.9896,1.0826,1.0015,0.9024,1.0811,1.0893,1.148,0.893,0.8622,0.9404,193090752,193633836,162843900,132057216,140629488,4447829.76,4335950.08,3099352.96,2728414.66,2687888.9,296300,5-story shear model,pending,,,,,,
Case0965,Struct0483,EI,ground_motion/ei3.txt,0.02,g,1,1.2325,1.2498,1.0607,0.0702,0.0476,3.316,5,0.982,0.9913,1.0294,0.8702,1.0004,0.8567,1.0615,0.9166,1.0733,0.8886,217856700,201593246.3,190310325,144790402.5,147959160,4282814.64,4908651.99,3894926.71,4158372.05,3109602.38,265175,5-story shear model,pending,,,,,,
Case0966,Struct0483,NORTHRIDGE,ground_motion/northbridge.txt,0.02,g,1,1.2325,1.2498,1.0607,0.0702,0.0476,3.316,5,0.982,0.9913,1.0294,0.8702,1.0004,0.8567,1.0615,0.9166,1.0733,0.8886,217856700,201593246.3,190310325,144790402.5,147959160,4282814.64,4908651.99,3894926.71,4158372.05,3109602.38,265175,5-story shear model,pending,,,,,,
Case0967,Struct0484,EI,ground_motion/ei3.txt,0.02,g,1,0.7969,0.9921,1.1359,0.0748,0.032,3.072,5,0.9559,1.1182,1.1319,1.0948,0.909,1.0862,1.0235,1.0384,1.0731,0.9095,137116207.8,147030440.7,135301666.5,117780226.2,86925852,4310476.08,3757033.1,3502668.58,3300329.78,2526481.86,283975,5-story shear model,pending,,,,,,
Case0968,Struct0484,NORTHRIDGE,ground_motion/northbridge.txt,0.02,g,1,0.7969,0.9921,1.1359,0.0748,0.032,3.072,5,0.9559,1.1182,1.1319,1.0948,0.909,1.0862,1.0235,1.0384,1.0731,0.9095,137116207.8,147030440.7,135301666.5,117780226.2,86925852,4310476.08,3757033.1,3502668.58,3300329.78,2526481.86,283975,5-story shear model,pending,,,,,,
Case0969,Struct0485,EI,ground_motion/ei3.txt,0.02,g,1,1.1161,1.0198,0.9378,0.0643,0.0141,3.095,5,0.8769,1.0814,1.0567,0.9736,1.1225,1.0025,0.9416,1.0443,0.9153,0.9475,176167456.2,199146839.1,176907430.5,146695719.6,150338670,4089398,3552901.62,3620922.28,2893611.11,2705529.4,234450,5-story shear model,pending,,,,,,
Case0970,Struct0485,NORTHRIDGE,ground_motion/northbridge.txt,0.02,g,1,1.1161,1.0198,0.9378,0.0643,0.0141,3.095,5,0.8769,1.0814,1.0567,0.9736,1.1225,1.0025,0.9416,1.0443,0.9153,0.9475,176167456.2,199146839.1,176907430.5,146695719.6,150338670,4089398,3552901.62,3620922.28,2893611.11,2705529.4,234450,5-story shear model,pending,,,,,,
Case0971,Struct0486,EI,ground_motion/ei3.txt,0.02,g,1,1.1435,0.9751,1.0146,0.0581,0.0454,3.39,5,1.0076,1.067,0.8684,0.8784,1.0023,0.9223,1.0851,0.9067,1.1366,1.0589,207394308,201318892.5,148952310,135600804,137535606,3597338.92,3914899.74,3006018.78,3435725.85,2891093.49,253650,5-story shear model,pending,,,,,,
Case0972,Struct0486,NORTHRIDGE,ground_motion/northbridge.txt,0.02,g,1,1.1435,0.9751,1.0146,0.0581,0.0454,3.39,5,1.0076,1.067,0.8684,0.8784,1.0023,0.9223,1.0851,0.9067,1.1366,1.0589,207394308,201318892.5,148952310,135600804,137535606,3597338.92,3914899.74,3006018.78,3435725.85,2891093.49,253650,5-story shear model,pending,,,,,,
Case0973,Struct0487,EI,ground_motion/ei3.txt,0.02,g,1,1.1435,1.2231,0.8884,0.0351,0.0234,3.169,5,1.0118,0.9437,0.8897,0.8776,1.0809,1.0591,0.8653,1.1117,0.9073,0.9799,208258794,178054956.8,152605792.5,135477306,148321098,5181540.84,3915889.19,4623048.92,3440127.75,3355843.93,222100,5-story shear model,pending,,,,,,
Case0974,Struct0487,NORTHRIDGE,ground_motion/northbridge.txt,0.02,g,1,1.1435,1.2231,0.8884,0.0351,0.0234,3.169,5,1.0118,0.9437,0.8897,0.8776,1.0809,1.0591,0.8653,1.1117,0.9073,0.9799,208258794,178054956.8,152605792.5,135477306,148321098,5181540.84,3915889.19,4623048.92,3440127.75,3355843.93,222100,5-story shear model,pending,,,,,,
Case0975,Struct0488,EI,ground_motion/ei3.txt,0.02,g,1,1.1905,0.781,1.0994,0.0477,0.0339,3.532,5,1.034,1.0451,0.8977,0.9201,0.9521,0.9043,0.9331,0.9415,1.0704,0.8832,221575860,205291605.8,160306777.5,147876171.8,136017006,2825033.2,2696379.07,2500059.1,2591545.44,1931381.76,274850,5-story shear model,pending,,,,,,
Case0976,Struct0488,NORTHRIDGE,ground_motion/northbridge.txt,0.02,g,1,1.1905,0.781,1.0994,0.0477,0.0339,3.532,5,1.034,1.0451,0.8977,0.9201,0.9521,0.9043,0.9331,0.9415,1.0704,0.8832,221575860,205291605.8,160306777.5,147876171.8,136017006,2825033.2,2696379.07,2500059.1,2591545.44,1931381.76,274850,5-story shear model,pending,,,,,,
Case0977,Struct0489,EI,ground_motion/ei3.txt,0.02,g,1,1.0958,0.7867,0.8495,0.0512,0.0115,3.226,5,1.0061,1.078,0.8754,0.8635,1.0726,1.0354,1.1058,1.1044,0.8601,1.1235,198447188.4,194909946,143889498,127740145.5,141042609.6,3258196.72,3218751.58,2954027.03,2097586.08,2474800.86,212375,5-story shear model,pending,,,,,,
Case0978,Struct0489,NORTHRIDGE,ground_motion/northbridge.txt,0.02,g,1,1.0958,0.7867,0.8495,0.0512,0.0115,3.226,5,1.0061,1.078,0.8754,0.8635,1.0726,1.0354,1.1058,1.1044,0.8601,1.1235,198447188.4,194909946,143889498,127740145.5,141042609.6,3258196.72,3218751.58,2954027.03,2097586.08,2474800.86,212375,5-story shear model,pending,,,,,,
Case0979,Struct0490,EI,ground_motion/ei3.txt,0.02,g,1,1.0188,0.9482,1.1691,0.0475,0.0245,3.096,5,0.8655,1.0562,1.0443,0.9002,0.9369,0.9441,1.1318,0.9248,1.1242,1.0854,158718852,177549332.4,159589926,123811707.6,114541646.4,3580782.48,3970739.21,2981444.22,3304495.96,2881693.58,292275,5-story shear model,pending,,,,,,
Case0980,Struct0490,NORTHRIDGE,ground_motion/northbridge.txt,0.02,g,1,1.0188,0.9482,1.1691,0.0475,0.0245,3.096,5,0.8655,1.0562,1.0443,0.9002,0.9369,0.9441,1.1318,0.9248,1.1242,1.0854,158718852,177549332.4,159589926,123811707.6,114541646.4,3580782.48,3970739.21,2981444.22,3304495.96,2881693.58,292275,5-story shear model,pending,,,,,,
Case0981,Struct0491,EI,ground_motion/ei3.txt,0.02,g,1,1.0868,1.2471,1.1299,0.0348,0.0484,3.572,5,0.8636,1.0747,1.0486,0.8527,0.9692,0.9112,0.8831,1.0199,1.0202,0.9447,168940886.4,192717353.4,170942772,125106438.6,126399187.2,4545430.08,4074861.84,4324518.79,3944103.4,3298779.04,282475,5-story shear model,pending,,,,,,
Case0982,Struct0491,NORTHRIDGE,ground_motion/northbridge.txt,0.02,g,1,1.0868,1.2471,1.1299,0.0348,0.0484,3.572,5,0.8636,1.0747,1.0486,0.8527,0.9692,0.9112,0.8831,1.0199,1.0202,0.9447,168940886.4,192717353.4,170942772,125106438.6,126399187.2,4545430.08,4074861.84,4324518.79,3944103.4,3298779.04,282475,5-story shear model,pending,,,,,,
Case0983,Struct0492,EI,ground_motion/ei3.txt,0.02,g,1,1.1269,1.2235,1.1576,0.0604,0.0128,3.462,5,1.1362,0.8563,0.9876,1.14,0.8664,0.8858,1.1045,0.9738,1.1018,0.9859,230469080.4,159219137.6,166938966,173429910,117161539.2,4335105.2,5000016.28,4050910.62,4178962.13,3377496.22,289400,5-story shear model,pending,,,,,,
Case0984,Struct0492,NORTHRIDGE,ground_motion/northbridge.txt,0.02,g,1,1.1269,1.2235,1.1576,0.0604,0.0128,3.462,5,1.1362,0.8563,0.9876,1.14,0.8664,0.8858,1.1045,0.9738,1.1018,0.9859,230469080.4,159219137.6,166938966,173429910,117161539.2,4335105.2,5000016.28,4050910.62,4178962.13,3377496.22,289400,5-story shear model,pending,,,,,,
Case0985,Struct0493,EI,ground_motion/ei3.txt,0.02,g,1,0.8502,0.8692,1.1247,0.0546,0.0499,3.244,5,1.0963,1.0551,0.9364,1.0201,1.1274,0.9045,1.1386,1.0546,0.9015,0.997,167773366.8,148012593.3,119419092,117084017.7,115021857.6,3144765.6,3661783.14,3116638.29,2429109.78,2426458.72,281175,5-story shear model,pending,,,,,,
Case0986,Struct0493,NORTHRIDGE,ground_motion/northbridge.txt,0.02,g,1,0.8502,0.8692,1.1247,0.0546,0.0499,3.244,5,1.0963,1.0551,0.9364,1.0201,1.1274,0.9045,1.1386,1.0546,0.9015,0.997,167773366.8,148012593.3,119419092,117084017.7,115021857.6,3144765.6,3661783.14,3116638.29,2429109.78,2426458.72,281175,5-story shear model,pending,,,,,,
Case0987,Struct0494,EI,ground_motion/ei3.txt,0.02,g,1,1.0565,0.8867,0.8889,0.0627,0.0277,3.565,5,0.9022,0.9581,0.8971,0.8555,1.0368,0.9936,0.9029,1.0305,0.8559,1.0106,171571374,167018387.3,142167922.5,122017826.3,131445504,3524100.48,2962225.29,3106730.79,2352672.24,2509077.26,222225,5-story shear model,pending,,,,,,
Case0988,Struct0494,NORTHRIDGE,ground_motion/northbridge.txt,0.02,g,1,1.0565,0.8867,0.8889,0.0627,0.0277,3.565,5,0.9022,0.9581,0.8971,0.8555,1.0368,0.9936,0.9029,1.0305,0.8559,1.0106,171571374,167018387.3,142167922.5,122017826.3,131445504,3524100.48,2962225.29,3106730.79,2352672.24,2509077.26,222225,5-story shear model,pending,,,,,,
Case0989,Struct0495,EI,ground_motion/ei3.txt,0.02,g,1,1.0335,1.1383,0.8645,0.0568,0.022,3.311,5,0.9081,0.9566,0.9288,1.0549,1.0438,0.9754,0.8656,0.9122,0.8989,1.0081,168933843,163126606.5,143987220,147182285.3,129452076,4441191.28,3645656.18,3530414.68,3171975.4,3213056.64,216125,5-story shear model,pending,,,,,,
Case0990,Struct0495,NORTHRIDGE,ground_motion/northbridge.txt,0.02,g,1,1.0335,1.1383,0.8645,0.0568,0.022,3.311,5,0.9081,0.9566,0.9288,1.0549,1.0438,0.9754,0.8656,0.9122,0.8989,1.0081,168933843,163126606.5,143987220,147182285.3,129452076,4441191.28,3645656.18,3530414.68,3171975.4,3213056.64,216125,5-story shear model,pending,,,,,,
Case0991,Struct0496,EI,ground_motion/ei3.txt,0.02,g,1,0.9019,0.7638,1.1502,0.0745,0.0431,3.109,5,1.0216,0.8611,1.0812,0.8909,0.8955,1.1143,0.8536,0.8716,1.0923,1.0457,165848587.2,128143304.9,146270142,108472865.9,96918174,3404409.36,2412324.82,2263475.47,2586326.09,2236375.85,287550,5-story shear model,pending,,,,,,
Case0992,Struct0496,NORTHRIDGE,ground_motion/northbridge.txt,0.02,g,1,0.9019,0.7638,1.1502,0.0745,0.0431,3.109,5,1.0216,0.8611,1.0812,0.8909,0.8955,1.1143,0.8536,0.8716,1.0923,1.0457,165848587.2,128143304.9,146270142,108472865.9,96918174,3404409.36,2412324.82,2263475.47,2586326.09,2236375.85,287550,5-story shear model,pending,,,,,,
Case0993,Struct0497,EI,ground_motion/ei3.txt,0.02,g,1,0.8587,0.7979,1.1599,0.0507,0.0233,3.216,5,0.9453,1.0885,0.918,1.0206,0.9462,0.8897,1.0935,0.9088,0.8734,1.0385,146111239.8,154224666.8,118242990,118312544.7,97500232.8,2839566.52,3228263.5,2465447.17,2160346.17,2320133.62,289975,5-story shear model,pending,,,,,,
Case0994,Struct0497,NORTHRIDGE,ground_motion/northbridge.txt,0.02,g,1,0.8587,0.7979,1.1599,0.0507,0.0233,3.216,5,0.9453,1.0885,0.918,1.0206,0.9462,0.8897,1.0935,0.9088,0.8734,1.0385,146111239.8,154224666.8,118242990,118312544.7,97500232.8,2839566.52,3228263.5,2465447.17,2160346.17,2320133.62,289975,5-story shear model,pending,,,,,,
Case0995,Struct0498,EI,ground_motion/ei3.txt,0.02,g,1,1.0075,0.9881,1.0801,0.0761,0.032,3.429,5,0.9495,0.9242,0.8975,1.0758,1.0237,0.9158,1.1087,0.8984,0.924,1.1168,172191825,153636697.5,135634687.5,146322247.5,123765330,3619607.92,4053373.94,3018210.74,2830313.64,3089828.22,270025,5-story shear model,pending,,,,,,
Case0996,Struct0498,NORTHRIDGE,ground_motion/northbridge.txt,0.02,g,1,1.0075,0.9881,1.0801,0.0761,0.032,3.429,5,0.9495,0.9242,0.8975,1.0758,1.0237,0.9158,1.1087,0.8984,0.924,1.1168,172191825,153636697.5,135634687.5,146322247.5,123765330,3619607.92,4053373.94,3018210.74,2830313.64,3089828.22,270025,5-story shear model,pending,,,,,,
Case0997,Struct0499,EI,ground_motion/ei3.txt,0.02,g,1,0.9374,0.8373,1.0337,0.0292,0.017,3.29,5,0.8782,1.0661,0.8991,0.8545,1.1002,1.0418,0.9303,1.059,1.0101,1.0175,148180442.4,164894753.1,126422451,108136120.5,123759297.6,3489196.56,2882078.7,3014782.38,2621845.86,2385467.7,258425,5-story shear model,pending,,,,,,
Case0998,Struct0499,NORTHRIDGE,ground_motion/northbridge.txt,0.02,g,1,0.9374,0.8373,1.0337,0.0292,0.017,3.29,5,0.8782,1.0661,0.8991,0.8545,1.1002,1.0418,0.9303,1.059,1.0101,1.0175,148180442.4,164894753.1,126422451,108136120.5,123759297.6,3489196.56,2882078.7,3014782.38,2621845.86,2385467.7,258425,5-story shear model,pending,,,,,,
Case0999,Struct0500,EI,ground_motion/ei3.txt,0.02,g,1,1.1669,1.138,1.1075,0.0573,0.0408,3.289,5,1.137,1.0605,1.107,0.8826,1.1436,1.1362,0.9171,1.0873,1.113,1.0733,238817754,204187079.3,193763745,139037301.9,160136020.8,5171982.4,3861541.26,4206981.16,3926441.4,3419963.12,276875,5-story shear model,pending,,,,,,
Case1000,Struct0500,NORTHRIDGE,ground_motion/northbridge.txt,0.02,g,1,1.1669,1.138,1.1075,0.0573,0.0408,3.289,5,1.137,1.0605,1.107,0.8826,1.1436,1.1362,0.9171,1.0873,1.113,1.0733,238817754,204187079.3,193763745,139037301.9,160136020.8,5171982.4,3861541.26,4206981.16,3926441.4,3419963.12,276875,5-story shear model,pending,,,,,,
Case1001,Struct0501,EI,ground_motion/ei3.txt,0.02,g,1,0.7717,0.9535,0.9143,0.0488,0.033,3.188,5,0.963,0.9429,0.8685,1.0169,1.0491,0.9111,0.9445,0.9572,0.9505,0.963,133766478,120059928.5,100533217.5,105940133.6,97150856.4,3474935.4,3332148.77,3103146.68,2809535.42,2571017.4,228575,5-story shear model,pending,,,,,,
Case1002,Struct0501,NORTHRIDGE,ground_motion/northbridge.txt,0.02,g,1,0.7717,0.9535,0.9143,0.0488,0.033,3.188,5,0.963,0.9429,0.8685,1.0169,1.0491,0.9111,0.9445,0.9572,0.9505,0.963,133766478,120059928.5,100533217.5,105940133.6,97150856.4,3474935.4,3332148.77,3103146.68,2809535.42,2571017.4,228575,5-story shear model,pending,,,,,,
Case1003,Struct0502,EI,ground_motion/ei3.txt,0.02,g,1,1.0683,0.8985,0.9381,0.0357,0.0272,3.244,5,0.858,1.0505,0.8545,1.0798,1.0179,1.0951,0.9664,0.9739,1.1132,1.1462,164988252,185171109.8,136929352.5,155729295.9,130490708.4,3935789.4,3212748.48,2975167.11,3100651.62,2883609.96,234525,5-story shear model,pending,,,,,,
Case1004,Struct0502,NORTHRIDGE,ground_motion/northbridge.txt,0.02,g,1,1.0683,0.8985,0.9381,0.0357,0.0272,3.244,5,0.858,1.0505,0.8545,1.0798,1.0179,1.0951,0.9664,0.9739,1.1132,1.1462,164988252,185171109.8,136929352.5,155729295.9,130490708.4,3935789.4,3212748.48,2975167.11,3100651.62,2883609.96,234525,5-story shear model,pending,,,,,,
Case1005,Struct0503,EI,ground_motion/ei3.txt,0.02,g,1,0.8793,0.92,0.9326,0.0751,0.0253,3.484,5,0.929,0.9225,1.122,1.024,0.8743,0.9331,1.1067,1.084,0.9833,0.8598,147036546,133840451.3,147986190,121554432,92252638.8,3433808,3767206.8,3390752,2804371.6,2214844.8,233150,5-story shear model,pending,,,,,,
Case1006,Struct0503,NORTHRIDGE,ground_motion/northbridge.txt,0.02,g,1,0.8793,0.92,0.9326,0.0751,0.0253,3.484,5,0.929,0.9225,1.122,1.024,0.8743,0.9331,1.1067,1.084,0.9833,0.8598,147036546,133840451.3,147986190,121554432,92252638.8,3433808,3767206.8,3390752,2804371.6,2214844.8,233150,5-story shear model,pending,,,,,,
Case1007,Struct0504,EI,ground_motion/ei3.txt,0.02,g,1,0.7572,0.954,1.0102,0.0402,0.0331,3.22,5,0.8725,1.0085,1.0837,1.1291,1.1402,1.1335,1.0433,1.0222,1.1032,1.0727,118918260,125999973,123086646,115418860.2,103603132.8,4325436,3682640.34,3315607.92,3262603.68,2865396.24,252550,5-story shear model,pending,,,,,,
Case1008,Struct0504,NORTHRIDGE,ground_motion/northbridge.txt,0.02,g,1,0.7572,0.954,1.0102,0.0402,0.0331,3.22,5,0.8725,1.0085,1.0837,1.1291,1.1402,1.1335,1.0433,1.0222,1.1032,1.0727,118918260,125999973,123086646,115418860.2,103603132.8,4325436,3682640.34,3315607.92,3262603.68,2865396.24,252550,5-story shear model,pending,,,,,,
Case1009,Struct0505,EI,ground_motion/ei3.txt,0.02,g,1,0.9192,0.7714,0.8637,0.0796,0.034,3.44,5,0.8868,1.1414,0.8929,1.0661,0.9111,0.9954,1.1033,1.0812,1.0297,1.0841,146726380.8,173113855.2,123113052,132294481.2,100497974.4,3071406.24,3149016.79,2835728.11,2462362.8,2341569.27,215925,5-story shear model,pending,,,,,,
Case1010,Struct0505,NORTHRIDGE,ground_motion/northbridge.txt,0.02,g,1,0.9192,0.7714,0.8637,0.0796,0.034,3.44,5,0.8868,1.1414,0.8929,1.0661,0.9111,0.9954,1.1033,1.0812,1.0297,1.0841,146726380.8,173113855.2,123113052,132294481.2,100497974.4,3071406.24,3149016.79,2835728.11,2462362.8,2341569.27,215925,5-story shear model,pending,,,,,,
Case1011,Struct0506,EI,ground_motion/ei3.txt,0.02,g,1,1.0602,1.0095,1.0926,0.0717,0.0245,3.509,5,1.1399,0.9733,1.058,1.118,0.8975,0.9964,0.9942,1.0166,1.1114,0.9898,217533956.4,170262288.9,168253740,160015986,114183540,4023463.2,3713486.13,3489276.18,3478070.73,2797768.68,273150,5-story shear model,pending,,,,,,
Case1012,Struct0506,NORTHRIDGE,ground_motion/northbridge.txt,0.02,g,1,1.0602,1.0095,1.0926,0.0717,0.0245,3.509,5,1.1399,0.9733,1.058,1.118,0.8975,0.9964,0.9942,1.0166,1.1114,0.9898,217533956.4,170262288.9,168253740,160015986,114183540,4023463.2,3713486.13,3489276.18,3478070.73,2797768.68,273150,5-story shear model,pending,,,,,,
Case1013,Struct0507,EI,ground_motion/ei3.txt,0.02,g,1,0.8111,0.7809,1.1103,0.0681,0.0129,3.138,5,1.0153,0.8925,0.8653,1.1119,1.129,1.1124,0.9842,0.9921,1.0661,1.0254,148231769.4,119444613.8,105276724.5,121751382.2,109887828,3474692.64,2843678.59,2634085.03,2580804.22,2242057.61,277575,5-story shear model,pending,,,,,,
Case1014,Struct0507,NORTHRIDGE,ground_motion/northbridge.txt,0.02,g,1,0.8111,0.7809,1.1103,0.0681,0.0129,3.138,5,1.0153,0.8925,0.8653,1.1119,1.129,1.1124,0.9842,0.9921,1.0661,1.0254,148231769.4,119444613.8,105276724.5,121751382.2,109887828,3474692.64,2843678.59,2634085.03,2580804.22,2242057.61,277575,5-story shear model,pending,,,,,,
Case1015,Struct0508,EI,ground_motion/ei3.txt,0.02,g,1,1.1797,0.819,1.0882,0.0529,0.0264,3.19,5,1.1362,0.9268,0.873,0.9119,0.858,1.0247,0.8874,0.8667,1.1308,1.049,241267525.2,180402083.4,154481715,145228738.1,121461912,3356917.2,2689088.22,2413412.82,2870988.12,2405566.8,272050,5-story shear model,pending,,,,,,
Case1016,Struct0508,NORTHRIDGE,ground_motion/northbridge.txt,0.02,g,1,1.1797,0.819,1.0882,0.0529,0.0264,3.19,5,1.1362,0.9268,0.873,0.9119,0.858,1.0247,0.8874,0.8667,1.1308,1.049,241267525.2,180402083.4,154481715,145228738.1,121461912,3356917.2,2689088.22,2413412.82,2870988.12,2405566.8,272050,5-story shear model,pending,,,,,,
Case1017,Struct0509,EI,ground_motion/ei3.txt,0.02,g,1,0.9098,1.093,0.9529,0.0581,0.0234,3.075,5,0.8612,0.9964,1.1074,1.0907,0.9993,1.1113,1.0393,0.9436,1.1453,0.9732,141033556.8,149576578.8,151126878,133963046.1,109099576.8,4858603.6,4203033.13,3506606.32,3880619.99,2978381.28,238225,5-story shear model,pending,,,,,,
Case1018,Struct0509,NORTHRIDGE,ground_motion/northbridge.txt,0.02,g,1,0.9098,1.093,0.9529,0.0581,0.0234,3.075,5,0.8612,0.9964,1.1074,1.0907,0.9993,1.1113,1.0393,0.9436,1.1453,0.9732,141033556.8,149576578.8,151126878,133963046.1,109099576.8,4858603.6,4203033.13,3506606.32,3880619.99,2978381.28,238225,5-story shear model,pending,,,,,,
Case1019,Struct0510,EI,ground_motion/ei3.txt,0.02,g,1,1.2286,0.9125,0.9165,0.0304,0.0493,3.165,5,0.9783,0.9895,0.9815,1.0501,1.0121,1.1362,1.0203,1.0744,1.1408,1.0413,216349088.4,200590450.5,180880635,174170636.1,149215927.2,4147130,3444787.88,3333326,3227038,2660521.5,229125,5-story shear model,pending,,,,,,
Case1020,Struct0510,NORTHRIDGE,ground_motion/northbridge.txt,0.02,g,1,1.2286,0.9125,0.9165,0.0304,0.0493,3.165,5,0.9783,0.9895,0.9815,1.0501,1.0121,1.1362,1.0203,1.0744,1.1408,1.0413,216349088.4,200590450.5,180880635,174170636.1,149215927.2,4147130,3444787.88,3333326,3227038,2660521.5,229125,5-story shear model,pending,,,,,,
Case1021,Struct0511,EI,ground_motion/ei3.txt,0.02,g,1,0.9602,1.1622,1.0413,0.0328,0.0274,3.1,5,1.0839,0.9432,0.9597,1.1166,1.0526,0.854,0.8693,0.8705,0.9446,1.1107,187336940.4,149434005.6,138225591,144741508.2,121284782.4,3970075.2,3738111.7,3439763.34,3403223.77,3614395.51,260325,5-story shear model,pending,,,,,,
Case1022,Struct0511,NORTHRIDGE,ground_motion/northbridge.txt,0.02,g,1,0.9602,1.1622,1.0413,0.0328,0.0274,3.1,5,1.0839,0.9432,0.9597,1.1166,1.0526,0.854,0.8693,0.8705,0.9446,1.1107,187336940.4,149434005.6,138225591,144741508.2,121284782.4,3970075.2,3738111.7,3439763.34,3403223.77,3614395.51,260325,5-story shear model,pending,,,,,,
Case1023,Struct0512,EI,ground_motion/ei3.txt,0.02,g,1,0.9768,0.8878,0.9444,0.07,0.03,3.112,5,0.8769,1.1438,1.0745,0.9313,1.0925,1.0259,0.9461,0.9288,1.0714,1.0639,154180065.6,184348533.6,157435740,122808668.4,128058480,3643176.08,3107806.05,2803601.38,2948685.65,2644685.18,236100,5-story shear model,pending,,,,,,
Case1024,Struct0512,NORTHRIDGE,ground_motion/northbridge.txt,0.02,g,1,0.9768,0.8878,0.9444,0.07,0.03,3.112,5,0.8769,1.1438,1.0745,0.9313,1.0925,1.0259,0.9461,0.9288,1.0714,1.0639,154180065.6,184348533.6,157435740,122808668.4,128058480,3643176.08,3107806.05,2803601.38,2948685.65,2644685.18,236100,5-story shear model,pending,,,,,,
Case1025,Struct0513,EI,ground_motion/ei3.txt,0.02,g,1,1.0335,1.0019,1.1573,0.0734,0.0381,3.153,5,1.0703,0.897,0.9778,1.1216,0.887,1.1362,0.9815,1.0162,0.9367,1.1495,199107909,152963167.5,151583445,156488436,110005740,4553435.12,3638449.95,3461644.65,2909287.16,3224715.34,289325,5-story shear model,pending,,,,,,
Case1026,Struct0513,NORTHRIDGE,ground_motion/northbridge.txt,0.02,g,1,1.0335,1.0019,1.1573,0.0734,0.0381,3.153,5,1.0703,0.897,0.9778,1.1216,0.887,1.1362,0.9815,1.0162,0.9367,1.1495,199107909,152963167.5,151583445,156488436,110005740,4553435.12,3638449.95,3461644.65,2909287.16,3224715.34,289325,5-story shear model,pending,,,,,,
Case1027,Struct0514,EI,ground_motion/ei3.txt,0.02,g,1,0.8882,0.7789,0.8158,0.0671,0.0484,3.542,5,0.8824,1.1468,0.9813,1.003,0.8655,1.1261,1.0036,1.0184,0.9201,0.9319,141074582.4,168066980.4,130738599,120266721,92248452,3508477.16,2892304.95,2696987.98,2221664.26,2032399.35,203950,5-story shear model,pending,,,,,,
Case1028,Struct0514,NORTHRIDGE,ground_motion/northbridge.txt,0.02,g,1,0.8882,0.7789,0.8158,0.0671,0.0484,3.542,5,0.8824,1.1468,0.9813,1.003,0.8655,1.1261,1.0036,1.0184,0.9201,0.9319,141074582.4,168066980.4,130738599,120266721,92248452,3508477.16,2892304.95,2696987.98,2221664.26,2032399.35,203950,5-story shear model,pending,,,,,,
Case1029,Struct0515,EI,ground_motion/ei3.txt,0.02,g,1,0.95,1.2059,1.0377,0.0713,0.0457,3.259,5,1,1.0293,0.9377,1.0121,0.9599,0.9885,1.0233,1.0944,1.0499,1.0206,171000000,161342775,133622250,129801825,109428600,4768128.6,4565790.64,4487105.66,3924830.67,3446076.31,259425,5-story shear model,pending,,,,,,
Case1030,Struct0515,NORTHRIDGE,ground_motion/northbridge.txt,0.02,g,1,0.95,1.2059,1.0377,0.0713,0.0457,3.259,5,1,1.0293,0.9377,1.0121,0.9599,0.9885,1.0233,1.0944,1.0499,1.0206,171000000,161342775,133622250,129801825,109428600,4768128.6,4565790.64,4487105.66,3924830.67,3446076.31,259425,5-story shear model,pending,,,,,,
Case1031,Struct0516,EI,ground_motion/ei3.txt,0.02,g,1,0.924,1.0197,1.1829,0.0681,0.0377,3.564,5,1.0799,1.0283,1.1102,1.0699,0.9879,0.9955,1.0474,1.0307,1.0003,1.0548,179608968,156774618,153873720,133459326,109538352,4060445.4,3951724.99,3573416.29,3162018.32,3011622.77,295725,5-story shear model,pending,,,,,,
Case1032,Struct0516,NORTHRIDGE,ground_motion/northbridge.txt,0.02,g,1,0.924,1.0197,1.1829,0.0681,0.0377,3.564,5,1.0799,1.0283,1.1102,1.0699,0.9879,0.9955,1.0474,1.0307,1.0003,1.0548,179608968,156774618,153873720,133459326,109538352,4060445.4,3951724.99,3573416.29,3162018.32,3011622.77,295725,5-story shear model,pending,,,,,,
Case1033,Struct0517,EI,ground_motion/ei3.txt,0.02,g,1,1.0021,0.9008,0.9371,0.0563,0.0154,3.475,5,0.9482,0.8801,1.0686,0.8691,1.1188,0.8555,1.0441,1.0633,1.0607,0.9471,171034419.6,145521454.7,160626609,117574889.9,134537937.6,3082537.6,3479943.54,3256590.18,2961983.54,2388813.5,234275,5-story shear model,pending,,,,,,
Case1034,Struct0517,NORTHRIDGE,ground_motion/northbridge.txt,0.02,g,1,1.0021,0.9008,0.9371,0.0563,0.0154,3.475,5,0.9482,0.8801,1.0686,0.8691,1.1188,0.8555,1.0441,1.0633,1.0607,0.9471,171034419.6,145521454.7,160626609,117574889.9,134537937.6,3082537.6,3479943.54,3256590.18,2961983.54,2388813.5,234275,5-story shear model,pending,,,,,,
Case1035,Struct0518,EI,ground_motion/ei3.txt,0.02,g,1,0.97,1.2223,1.16,0.074,0.0387,3.1,5,0.9244,1.0479,1.0224,0.9128,1.0808,1.0684,0.9888,0.8791,0.9887,1.1472,161400240,167716395,148759200,119531160,125805120,5223621.28,4471857.89,3653381.36,3746312.83,3926223.17,290000,5-story shear model,pending,,,,,,
Case1036,Struct0518,NORTHRIDGE,ground_motion/northbridge.txt,0.02,g,1,0.97,1.2223,1.16,0.074,0.0387,3.1,5,0.9244,1.0479,1.0224,0.9128,1.0808,1.0684,0.9888,0.8791,0.9887,1.1472,161400240,167716395,148759200,119531160,125805120,5223621.28,4471857.89,3653381.36,3746312.83,3926223.17,290000,5-story shear model,pending,,,,,,
Case1037,Struct0519,EI,ground_motion/ei3.txt,0.02,g,1,0.9799,1.2361,1.0469,0.0726,0.0317,3.537,5,1.0154,1.1111,0.9624,0.9663,1.0896,0.9689,1.0085,0.9746,1.0567,0.9809,179098282.8,179646536.9,141458364,127828445,128123884.8,4790629.16,4612445.34,4095990.4,4049179.3,3394973.37,261725,5-story shear model,pending,,,,,,
Case1038,Struct0519,NORTHRIDGE,ground_motion/northbridge.txt,0.02,g,1,0.9799,1.2361,1.0469,0.0726,0.0317,3.537,5,1.0154,1.1111,0.9624,0.9663,1.0896,0.9689,1.0085,0.9746,1.0567,0.9809,179098282.8,179646536.9,141458364,127828445,128123884.8,4790629.16,4612445.34,4095990.4,4049179.3,3394973.37,261725,5-story shear model,pending,,,,,,
Case1039,Struct0520,EI,ground_motion/ei3.txt,0.02,g,1,0.7614,1.1008,1.1989,0.0767,0.0381,3.245,5,0.9355,0.9475,0.8667,0.9445,0.8828,0.8722,0.923,1.0623,1.1252,1.0444,128212146,119035372.5,98985807,97084210.5,80659670.4,3840471.04,3759342.08,3975891.46,3839722.5,3219091.46,299725,5-story shear model,pending,,,,,,
Case1040,Struct0520,NORTHRIDGE,ground_motion/northbridge.txt,0.02,g,1,0.7614,1.1008,1.1989,0.0767,0.0381,3.245,5,0.9355,0.9475,0.8667,0.9445,0.8828,0.8722,0.923,1.0623,1.1252,1.0444,128212146,119035372.5,98985807,97084210.5,80659670.4,3840471.04,3759342.08,3975891.46,3839722.5,3219091.46,299725,5-story shear model,pending,,,,,,
Case1041,Struct0521,EI,ground_motion/ei3.txt,0.02,g,1,0.7639,1.1845,1.1606,0.0665,0.012,3.33,5,0.9926,1.0998,0.8976,0.9061,0.8837,0.8579,1.1329,1.0853,1.0894,0.9888,136484485.2,138622641.3,102851496,93442921.65,81007011.6,4064730.2,4965104.19,4370828.69,4000222.33,3279454.08,290150,5-story shear model,pending,,,,,,
Case1042,Struct0521,NORTHRIDGE,ground_motion/northbridge.txt,0.02,g,1,0.7639,1.1845,1.1606,0.0665,0.012,3.33,5,0.9926,1.0998,0.8976,0.9061,0.8837,0.8579,1.1329,1.0853,1.0894,0.9888,136484485.2,138622641.3,102851496,93442921.65,81007011.6,4064730.2,4965104.19,4370828.69,4000222.33,3279454.08,290150,5-story shear model,pending,,,,,,
Case1043,Struct0522,EI,ground_motion/ei3.txt,0.02,g,1,0.9436,0.925,0.8051,0.0613,0.0345,3.095,5,0.8751,1.1465,1.048,1.0883,1.0127,0.9632,1.117,1.0308,1.1228,0.8955,148633984.8,178503171,148333920,138634183.8,114670046.4,3563840,3822932.5,3241866,3219629,2319345,201275,5-story shear model,pending,,,,,,
Case1044,Struct0522,NORTHRIDGE,ground_motion/northbridge.txt,0.02,g,1,0.9436,0.925,0.8051,0.0613,0.0345,3.095,5,0.8751,1.1465,1.048,1.0883,1.0127,0.9632,1.117,1.0308,1.1228,0.8955,148633984.8,178503171,148333920,138634183.8,114670046.4,3563840,3822932.5,3241866,3219629,2319345,201275,5-story shear model,pending,,,,,,
Case1045,Struct0523,EI,ground_motion/ei3.txt,0.02,g,1,0.8995,1.0961,0.9217,0.0739,0.0131,3.402,5,0.9191,1.043,0.9002,1.0951,1.0471,0.9165,1.0014,1.0672,0.8661,0.8652,148811481,154799452.5,121459485,132980730.8,113023974,4018302.6,4061247.8,3977176.93,2942929.85,2655368.02,230425,5-story shear model,pending,,,,,,
Case1046,Struct0523,NORTHRIDGE,ground_motion/northbridge.txt,0.02,g,1,0.8995,1.0961,0.9217,0.0739,0.0131,3.402,5,0.9191,1.043,0.9002,1.0951,1.0471,0.9165,1.0014,1.0672,0.8661,0.8652,148811481,154799452.5,121459485,132980730.8,113023974,4018302.6,4061247.8,3977176.93,2942929.85,2655368.02,230425,5-story shear model,pending,,,,,,
Case1047,Struct0524,EI,ground_motion/ei3.txt,0.02,g,1,1.1084,0.8391,1.0673,0.067,0.0114,3.257,5,0.9049,1.0384,1.062,1.1122,1.0473,0.9126,1.0683,0.924,0.9811,1.0114,180538408.8,189908822.4,176568120,166422934.8,139299278.4,3063050.64,3316718.96,2636116.56,2552047.13,2376264.07,266825,5-story shear model,pending,,,,,,
Case1048,Struct0524,NORTHRIDGE,ground_motion/northbridge.txt,0.02,g,1,1.1084,0.8391,1.0673,0.067,0.0114,3.257,5,0.9049,1.0384,1.062,1.1122,1.0473,0.9126,1.0683,0.924,0.9811,1.0114,180538408.8,189908822.4,176568120,166422934.8,139299278.4,3063050.64,3316718.96,2636116.56,2552047.13,2376264.07,266825,5-story shear model,pending,,,,,,
Case1049,Struct0525,EI,ground_motion/ei3.txt,0.02,g,1,1.1606,1.1373,1.1897,0.0351,0.0329,3.462,5,0.9475,0.8724,1.0212,0.9712,1.1356,1.0987,0.9891,1.0433,1.0918,0.9625,197940330,167063727.6,177780708,152168587.2,158157283.2,4998206.04,4162142.69,4034253.31,3849282.83,3065023.5,297425,5-story shear model,pending,,,,,,
Case1050,Struct0525,NORTHRIDGE,ground_motion/northbridge.txt,0.02,g,1,1.1606,1.1373,1.1897,0.0351,0.0329,3.462,5,0.9475,0.8724,1.0212,0.9712,1.1356,1.0987,0.9891,1.0433,1.0918,0.9625,197940330,167063727.6,177780708,152168587.2,158157283.2,4998206.04,4162142.69,4034253.31,3849282.83,3065023.5,297425,5-story shear model,pending,,,,,,
Case1051,Struct0526,EI,ground_motion/ei3.txt,0.02,g,1,0.9747,1.0396,0.9179,0.0479,0.0244,3.196,5,1.097,0.8864,0.9885,1.1095,0.9113,0.996,1.1438,0.9578,0.8726,1.0205,192464262,142555723.2,144523642.5,145993002.8,106589293.2,4141766.4,4399649.58,3385478.19,2812180.38,2970553.04,229475,5-story shear model,pending,,,,,,
Case1052,Struct0526,NORTHRIDGE,ground_motion/northbridge.txt,0.02,g,1,0.9747,1.0396,0.9179,0.0479,0.0244,3.196,5,1.097,0.8864,0.9885,1.1095,0.9113,0.996,1.1438,0.9578,0.8726,1.0205,192464262,142555723.2,144523642.5,145993002.8,106589293.2,4141766.4,4399649.58,3385478.19,2812180.38,2970553.04,229475,5-story shear model,pending,,,,,,
Case1053,Struct0527,EI,ground_motion/ei3.txt,0.02,g,1,0.9167,1.1108,1.0064,0.0261,0.0455,3.452,5,0.9581,0.9371,1.022,0.9083,0.8629,1.085,0.8718,1.0648,1.048,1.0659,158092248.6,141741529.1,140530110,112406212.4,94922451.6,4820872,3583063.13,4021451.46,3608767.04,3315204.82,251600,5-story shear model,pending,,,,,,
Case1054,Struct0527,NORTHRIDGE,ground_motion/northbridge.txt,0.02,g,1,0.9167,1.1108,1.0064,0.0261,0.0455,3.452,5,0.9581,0.9371,1.022,0.9083,0.8629,1.085,0.8718,1.0648,1.048,1.0659,158092248.6,141741529.1,140530110,112406212.4,94922451.6,4820872,3583063.13,4021451.46,3608767.04,3315204.82,251600,5-story shear model,pending,,,,,,
Case1055,Struct0528,EI,ground_motion/ei3.txt,0.02,g,1,0.8994,0.9888,0.8044,0.0763,0.0254,3.075,5,0.8845,0.9451,0.9,0.8571,1.1148,0.9596,1.1037,1.1473,0.9817,0.9341,143193474,140253785.1,121419000,104068224.9,120318134.4,3795409.92,4037952.67,3857130.82,3009185.38,2586186.62,201100,5-story shear model,pending,,,,,,
Case1056,Struct0528,NORTHRIDGE,ground_motion/northbridge.txt,0.02,g,1,0.8994,0.9888,0.8044,0.0763,0.0254,3.075,5,0.8845,0.9451,0.9,0.8571,1.1148,0.9596,1.1037,1.1473,0.9817,0.9341,143193474,140253785.1,121419000,104068224.9,120318134.4,3795409.92,4037952.67,3857130.82,3009185.38,2586186.62,201100,5-story shear model,pending,,,,,,
Case1057,Struct0529,EI,ground_motion/ei3.txt,0.02,g,1,1.206,1.1003,0.8631,0.0565,0.039,3.016,5,1.1347,1.1467,1.0421,0.953,1.022,1.1417,0.9114,0.8622,0.9789,0.9333,246320676,228181833,188515890,155157930,147903840,5024850.04,3710409.65,3225507.44,3338959.38,2875347.97,215775,5-story shear model,pending,,,,,,
Case1058,Struct0529,NORTHRIDGE,ground_motion/northbridge.txt,0.02,g,1,1.206,1.1003,0.8631,0.0565,0.039,3.016,5,1.1347,1.1467,1.0421,0.953,1.022,1.1417,0.9114,0.8622,0.9789,0.9333,246320676,228181833,188515890,155157930,147903840,5024850.04,3710409.65,3225507.44,3338959.38,2875347.97,215775,5-story shear model,pending,,,,,,
Case1059,Struct0530,EI,ground_motion/ei3.txt,0.02,g,1,0.9501,1.1295,0.8366,0.0761,0.0277,3.113,5,0.9119,0.9318,0.9325,1.072,0.9707,1.0401,1.1396,1.0786,1.0346,0.9685,155951314.2,146075024.7,132895237.5,137498472,110671448.4,4699171.8,4762559.34,4142147.58,3622600.17,3062978.1,209150,5-story shear model,pending,,,,,,
Case1060,Struct0530,NORTHRIDGE,ground_motion/northbridge.txt,0.02,g,1,0.9501,1.1295,0.8366,0.0761,0.0277,3.113,5,0.9119,0.9318,0.9325,1.072,0.9707,1.0401,1.1396,1.0786,1.0346,0.9685,155951314.2,146075024.7,132895237.5,137498472,110671448.4,4699171.8,4762559.34,4142147.58,3622600.17,3062978.1,209150,5-story shear model,pending,,,,,,
Case1061,Struct0531,EI,ground_motion/ei3.txt,0.02,g,1,0.9685,0.8835,0.8903,0.0296,0.0474,3.065,5,0.8873,1.0136,0.9315,0.8979,1.1415,1.0735,1.1491,0.8603,0.9368,0.8661,154683009,161975814,135323662.5,117398180.3,132665130,3793749,3756350.44,2584255.17,2565754.68,2142558.18,222575,5-story shear model,pending,,,,,,
Case1062,Struct0531,NORTHRIDGE,ground_motion/northbridge.txt,0.02,g,1,0.9685,0.8835,0.8903,0.0296,0.0474,3.065,5,0.8873,1.0136,0.9315,0.8979,1.1415,1.0735,1.1491,0.8603,0.9368,0.8661,154683009,161975814,135323662.5,117398180.3,132665130,3793749,3756350.44,2584255.17,2565754.68,2142558.18,222575,5-story shear model,pending,,,,,,
Case1063,Struct0532,EI,ground_motion/ei3.txt,0.02,g,1,1.0739,1.166,1.0256,0.0565,0.0126,3.461,5,0.9284,1.1475,1.0937,0.8635,0.9348,0.9807,0.9003,1.032,1.0893,1.0748,179461576.8,203329541.3,176178664.5,125187207.8,120465806.4,4573984.8,3884074.26,4091260.8,3937383.78,3509007.04,256400,5-story shear model,pending,,,,,,
Case1064,Struct0532,NORTHRIDGE,ground_motion/northbridge.txt,0.02,g,1,1.0739,1.166,1.0256,0.0565,0.0126,3.461,5,0.9284,1.1475,1.0937,0.8635,0.9348,0.9807,0.9003,1.032,1.0893,1.0748,179461576.8,203329541.3,176178664.5,125187207.8,120465806.4,4573984.8,3884074.26,4091260.8,3937383.78,3509007.04,256400,5-story shear model,pending,,,,,,
Case1065,Struct0533,EI,ground_motion/ei3.txt,0.02,g,1,1.2448,1.224,0.9,0.0523,0.0267,3.279,5,0.9012,1.0887,0.9288,1.0491,1.0142,0.9031,1.1275,1.1451,0.9251,1.0471,201926476.8,223610270.4,173425536,176299156.8,151497139.2,4421577.6,5106222,4765448.16,3510199.44,3588621.12,225000,5-story shear model,pending,,,,,,
Case1066,Struct0533,NORTHRIDGE,ground_motion/northbridge.txt,0.02,g,1,1.2448,1.224,0.9,0.0523,0.0267,3.279,5,0.9012,1.0887,0.9288,1.0491,1.0142,0.9031,1.1275,1.1451,0.9251,1.0471,201926476.8,223610270.4,173425536,176299156.8,151497139.2,4421577.6,5106222,4765448.16,3510199.44,3588621.12,225000,5-story shear model,pending,,,,,,
Case1067,Struct0534,EI,ground_motion/ei3.txt,0.02,g,1,0.8571,0.9547,1.0313,0.0374,0.0378,3.28,5,1.1037,0.9938,1.0116,0.9378,1.093,0.9645,0.9156,1.0206,0.9209,1.1199,170276628.6,140544686.7,130056354,108511431.3,112417236,3683232.6,3234256.28,3312847.19,2725468.01,2993671.88,257825,5-story shear model,pending,,,,,,
Case1068,Struct0534,NORTHRIDGE,ground_motion/northbridge.txt,0.02,g,1,0.8571,0.9547,1.0313,0.0374,0.0378,3.28,5,1.1037,0.9938,1.0116,0.9378,1.093,0.9645,0.9156,1.0206,0.9209,1.1199,170276628.6,140544686.7,130056354,108511431.3,112417236,3683232.6,3234256.28,3312847.19,2725468.01,2993671.88,257825,5-story shear model,pending,,,,,,
Case1069,Struct0535,EI,ground_motion/ei3.txt,0.02,g,1,0.8445,1.2353,1.1658,0.051,0.0389,3.121,5,0.9593,1.0312,0.8731,1.0872,0.9074,0.992,0.9271,1.046,1.1322,1.1491,145823193,143689986,110599942.5,123948954,91955916,4901670.4,4237412.53,4393220.92,4335680.65,3974553.04,291450,5-story shear model,pending,,,,,,
Case1070,Struct0535,NORTHRIDGE,ground_motion/northbridge.txt,0.02,g,1,0.8445,1.2353,1.1658,0.051,0.0389,3.121,5,0.9593,1.0312,0.8731,1.0872,0.9074,0.992,0.9271,1.046,1.1322,1.1491,145823193,143689986,110599942.5,123948954,91955916,4901670.4,4237412.53,4393220.92,4335680.65,3974553.04,291450,5-story shear model,pending,,,,,,
Case1071,Struct0536,EI,ground_motion/ei3.txt,0.02,g,1,0.9471,0.8947,1.0824,0.0385,0.0213,3.503,5,0.9966,1.0072,1.1337,0.9265,1.1042,0.909,0.9713,1.1332,1.1379,0.9995,169898374.8,157396654.8,161059090.5,118460900.3,125494538.4,3253129.2,3215381.81,3447171.74,3156045.3,2503907.42,270600,5-story shear model,pending,,,,,,
Case1072,Struct0536,NORTHRIDGE,ground_motion/northbridge.txt,0.02,g,1,0.9471,0.8947,1.0824,0.0385,0.0213,3.503,5,0.9966,1.0072,1.1337,0.9265,1.1042,0.909,0.9713,1.1332,1.1379,0.9995,169898374.8,157396654.8,161059090.5,118460900.3,125494538.4,3253129.2,3215381.81,3447171.74,3156045.3,2503907.42,270600,5-story shear model,pending,,,,,,
Case1073,Struct0537,EI,ground_motion/ei3.txt,0.02,g,1,1.2411,0.854,1.1306,0.0777,0.0293,3.58,5,0.924,1.0507,0.9765,1.1256,1.0684,1.1051,1.0423,1.1369,1.0851,1.0624,206419752,215163922.1,181790122.5,188592591.6,159118948.8,3775021.6,3293459.54,3301102.84,2872693.74,2540410.88,282650,5-story shear model,pending,,,,,,
Case1074,Struct0537,NORTHRIDGE,ground_motion/northbridge.txt,0.02,g,1,1.2411,0.854,1.1306,0.0777,0.0293,3.58,5,0.924,1.0507,0.9765,1.1256,1.0684,1.1051,1.0423,1.1369,1.0851,1.0624,206419752,215163922.1,181790122.5,188592591.6,159118948.8,3775021.6,3293459.54,3301102.84,2872693.74,2540410.88,282650,5-story shear model,pending,,,,,,
Case1075,Struct0538,EI,ground_motion/ei3.txt,0.02,g,1,0.8772,0.8769,0.9316,0.0711,0.0397,3.434,5,0.9628,0.9161,0.9342,1.0112,1.0287,1.1273,0.9291,1.0219,1.0555,0.8932,152022268.8,132594481.8,122922036,119748326.4,108285076.8,3954117.48,3014492.82,3046753.97,2869260.65,2193091.82,232900,5-story shear model,pending,,,,,,
Case1076,Struct0538,NORTHRIDGE,ground_motion/northbridge.txt,0.02,g,1,0.8772,0.8769,0.9316,0.0711,0.0397,3.434,5,0.9628,0.9161,0.9342,1.0112,1.0287,1.1273,0.9291,1.0219,1.0555,0.8932,152022268.8,132594481.8,122922036,119748326.4,108285076.8,3954117.48,3014492.82,3046753.97,2869260.65,2193091.82,232900,5-story shear model,pending,,,,,,
Case1077,Struct0539,EI,ground_motion/ei3.txt,0.02,g,1,0.9562,0.988,0.9625,0.0727,0.0187,3.164,5,1.1447,1.1145,0.9602,0.9122,0.9938,1.0342,0.8735,0.8627,0.986,1.1062,197021185.2,175838008.5,137721486,117753161.4,114032587.2,4087158.4,3193166.6,2897981.84,3019920.8,3060191.68,240625,5-story shear model,pending,,,,,,
Case1078,Struct0539,NORTHRIDGE,ground_motion/northbridge.txt,0.02,g,1,0.9562,0.988,0.9625,0.0727,0.0187,3.164,5,1.1447,1.1145,0.9602,0.9122,0.9938,1.0342,0.8735,0.8627,0.986,1.1062,197021185.2,175838008.5,137721486,117753161.4,114032587.2,4087158.4,3193166.6,2897981.84,3019920.8,3060191.68,240625,5-story shear model,pending,,,,,,
Case1079,Struct0540,EI,ground_motion/ei3.txt,0.02,g,1,0.79,0.9405,1.1703,0.0748,0.0224,3.2,5,0.8508,0.8826,1.0381,0.9156,1.0428,1.0419,0.9571,0.8999,1.068,1.1078,120983760,115046910,123014850,97648740,98857440,3919627.8,3330564.44,2877610.23,3113807.4,2917280.52,292575,5-story shear model,pending,,,,,,
Case1080,Struct0540,NORTHRIDGE,ground_motion/northbridge.txt,0.02,g,1,0.79,0.9405,1.1703,0.0748,0.0224,3.2,5,0.8508,0.8826,1.0381,0.9156,1.0428,1.0419,0.9571,0.8999,1.068,1.1078,120983760,115046910,123014850,97648740,98857440,3919627.8,3330564.44,2877610.23,3113807.4,2917280.52,292575,5-story shear model,pending,,,,,,
Case1081,Struct0541,EI,ground_motion/ei3.txt,0.02,g,1,1.1747,0.8401,1.0777,0.0293,0.0489,3.285,5,1.1012,0.9622,1.005,1.0768,0.9582,1.1409,0.8586,0.9565,1.036,1.0362,232844335.2,186498896.1,177086025,170763789.6,135071704.8,3833880.36,2668846.48,2732089.21,2698065.16,2437432.54,269425,5-story shear model,pending,,,,,,
Case1082,Struct0541,NORTHRIDGE,ground_motion/northbridge.txt,0.02,g,1,1.1747,0.8401,1.0777,0.0293,0.0489,3.285,5,1.1012,0.9622,1.005,1.0768,0.9582,1.1409,0.8586,0.9565,1.036,1.0362,232844335.2,186498896.1,177086025,170763789.6,135071704.8,3833880.36,2668846.48,2732089.21,2698065.16,2437432.54,269425,5-story shear model,pending,,,,,,
Case1083,Struct0542,EI,ground_motion/ei3.txt,0.02,g,1,0.9865,0.9375,0.9638,0.0349,0.0168,3.59,5,1.1115,0.8874,1.1125,1.0681,1.0777,1.1482,1.0406,1.0777,0.9973,1.1067,197369055,144444316.5,164622187.5,142246887.8,127578126,4305750,3609581.25,3435168.75,2898403.12,2905087.5,240950,5-story shear model,pending,,,,,,
Case1084,Struct0542,NORTHRIDGE,ground_motion/northbridge.txt,0.02,g,1,0.9865,0.9375,0.9638,0.0349,0.0168,3.59,5,1.1115,0.8874,1.1125,1.0681,1.0777,1.1482,1.0406,1.0777,0.9973,1.1067,197369055,144444316.5,164622187.5,142246887.8,127578126,4305750,3609581.25,3435168.75,2898403.12,2905087.5,240950,5-story shear model,pending,,,,,,
Case1085,Struct0543,EI,ground_motion/ei3.txt,0.02,g,1,0.8145,0.7693,0.9186,0.0554,0.0367,3.453,5,0.9659,0.9882,1.1351,1.0769,1.1315,0.9811,0.9913,0.9997,1.057,1.0848,141610599,132806668.5,138680842.5,118413231.8,110592810,3019040.92,2821646.23,2614835.31,2520765.31,2336702.59,229650,5-story shear model,pending,,,,,,
Case1086,Struct0543,NORTHRIDGE,ground_motion/northbridge.txt,0.02,g,1,0.8145,0.7693,0.9186,0.0554,0.0367,3.453,5,0.9659,0.9882,1.1351,1.0769,1.1315,0.9811,0.9913,0.9997,1.057,1.0848,141610599,132806668.5,138680842.5,118413231.8,110592810,3019040.92,2821646.23,2614835.31,2520765.31,2336702.59,229650,5-story shear model,pending,,,,,,
Case1087,Struct0544,EI,ground_motion/ei3.txt,0.02,g,1,1.0493,0.8075,0.9218,0.0799,0.0349,3.32,5,1.1185,0.8842,1.0709,1.0348,0.9078,0.9987,0.9094,0.8802,1.0757,1.0429,211255569,153085524.9,168554305.5,146585111.4,114306544.8,3225801,2717059.85,2416589.1,2692746.03,2357996.9,230450,5-story shear model,pending,,,,,,
Case1088,Struct0544,NORTHRIDGE,ground_motion/northbridge.txt,0.02,g,1,1.0493,0.8075,0.9218,0.0799,0.0349,3.32,5,1.1185,0.8842,1.0709,1.0348,0.9078,0.9987,0.9094,0.8802,1.0757,1.0429,211255569,153085524.9,168554305.5,146585111.4,114306544.8,3225801,2717059.85,2416589.1,2692746.03,2357996.9,230450,5-story shear model,pending,,,,,,
Case1089,Struct0545,EI,ground_motion/ei3.txt,0.02,g,1,1.0278,0.9874,0.9944,0.0465,0.0427,3.501,5,1.025,1.0181,1.1444,0.8573,0.9165,0.9839,0.9738,0.8895,0.9649,0.994,189629100,172656524.7,176432148,118952946.9,113037444,3886011.44,3557661.44,2986193.82,2953501.01,2748131.68,248600,5-story shear model,pending,,,,,,
Case1090,Struct0545,NORTHRIDGE,ground_motion/northbridge.txt,0.02,g,1,1.0278,0.9874,0.9944,0.0465,0.0427,3.501,5,1.025,1.0181,1.1444,0.8573,0.9165,0.9839,0.9738,0.8895,0.9649,0.994,189629100,172656524.7,176432148,118952946.9,113037444,3886011.44,3557661.44,2986193.82,2953501.01,2748131.68,248600,5-story shear model,pending,,,,,,
Case1091,Struct0546,EI,ground_motion/ei3.txt,0.02,g,1,1.022,0.961,0.941,0.0284,0.037,3.546,5,0.855,0.933,1.124,1.0138,0.9008,1.001,0.9271,0.9963,1.0548,1.0238,157285800,157331790,172309200,139873986,110474112,3847844,3296489.47,3255310.62,3142354.68,2754841.04,235250,5-story shear model,pending,,,,,,
Case1092,Struct0546,NORTHRIDGE,ground_motion/northbridge.txt,0.02,g,1,1.022,0.961,0.941,0.0284,0.037,3.546,5,0.855,0.933,1.124,1.0138,0.9008,1.001,0.9271,0.9963,1.0548,1.0238,157285800,157331790,172309200,139873986,110474112,3847844,3296489.47,3255310.62,3142354.68,2754841.04,235250,5-story shear model,pending,,,,,,
Case1093,Struct0547,EI,ground_motion/ei3.txt,0.02,g,1,1.0467,1.0698,0.9666,0.0224,0.0439,3.003,5,1.1172,0.9045,1.032,1.0051,1.0893,0.8909,0.9308,1.0035,0.8956,1.0463,210487183.2,156212124.8,162029160,142025153,136820437.2,3812339.28,3684348.41,3650050.62,2970149.93,3134128.87,241650,5-story shear model,pending,,,,,,
Case1094,Struct0547,NORTHRIDGE,ground_motion/northbridge.txt,0.02,g,1,1.0467,1.0698,0.9666,0.0224,0.0439,3.003,5,1.1172,0.9045,1.032,1.0051,1.0893,0.8909,0.9308,1.0035,0.8956,1.0463,210487183.2,156212124.8,162029160,142025153,136820437.2,3812339.28,3684348.41,3650050.62,2970149.93,3134128.87,241650,5-story shear model,pending,,,,,,
Case1095,Struct0548,EI,ground_motion/ei3.txt,0.02,g,1,0.8923,1.2279,0.905,0.0283,0.0325,3.343,5,0.995,1.1019,1.0816,1.0846,1.0299,0.9878,0.9542,0.9193,1.0593,1.1265,159810930,162232186.1,144766752,130651458.3,110277572.4,4851678.48,4335150.07,3837948.8,4032214.86,3873042.18,226250,5-story shear model,pending,,,,,,
Case1096,Struct0548,NORTHRIDGE,ground_motion/northbridge.txt,0.02,g,1,0.8923,1.2279,0.905,0.0283,0.0325,3.343,5,0.995,1.1019,1.0816,1.0846,1.0299,0.9878,0.9542,0.9193,1.0593,1.1265,159810930,162232186.1,144766752,130651458.3,110277572.4,4851678.48,4335150.07,3837948.8,4032214.86,3873042.18,226250,5-story shear model,pending,,,,,,
Case1097,Struct0549,EI,ground_motion/ei3.txt,0.02,g,1,0.9283,1.1701,1.172,0.0227,0.0135,3.172,5,0.8564,0.9823,1.0449,0.9553,1.1407,0.9524,1.0383,1.0667,1.0126,0.9715,143099301.6,150458399.9,145497100.5,119718673.7,127069417.2,4457612.96,4495184.87,4243695.28,3673014.11,3182906.02,293000,5-story shear model,pending,,,,,,
Case1098,Struct0549,NORTHRIDGE,ground_motion/northbridge.txt,0.02,g,1,0.9283,1.1701,1.172,0.0227,0.0135,3.172,5,0.8564,0.9823,1.0449,0.9553,1.1407,0.9524,1.0383,1.0667,1.0126,0.9715,143099301.6,150458399.9,145497100.5,119718673.7,127069417.2,4457612.96,4495184.87,4243695.28,3673014.11,3182906.02,293000,5-story shear model,pending,,,,,,
Case1099,Struct0550,EI,ground_motion/ei3.txt,0.02,g,1,1.1405,1.2044,0.9828,0.0732,0.0255,3.422,5,0.9308,0.8853,0.9725,0.8626,0.9725,0.9105,1.1456,0.869,1.0739,1.0008,191083932,166597967.3,166370437.5,132812365.5,133096350,4386424.8,5105114.37,3558520.24,4009556,3375017.86,245700,5-story shear model,pending,,,,,,
Case1100,Struct0550,NORTHRIDGE,ground_motion/northbridge.txt,0.02,g,1,1.1405,1.2044,0.9828,0.0732,0.0255,3.422,5,0.9308,0.8853,0.9725,0.8626,0.9725,0.9105,1.1456,0.869,1.0739,1.0008,191083932,166597967.3,166370437.5,132812365.5,133096350,4386424.8,5105114.37,3558520.24,4009556,3375017.86,245700,5-story shear model,pending,,,,,,
Case1101,Struct0551,EI,ground_motion/ei3.txt,0.02,g,1,0.9525,0.8635,0.8063,0.0319,0.0458,3.138,5,0.9893,0.8701,1.0099,1.0625,0.8514,0.9144,0.9503,1.0503,0.9664,1.0528,169615485,136747091.3,144289462.5,136624218.8,97315020,3158337.6,3036160.99,3083575.77,2586907.84,2545459.84,201575,5-story shear model,pending,,,,,,
Case1102,Struct0551,NORTHRIDGE,ground_motion/northbridge.txt,0.02,g,1,0.9525,0.8635,0.8063,0.0319,0.0458,3.138,5,0.9893,0.8701,1.0099,1.0625,0.8514,0.9144,0.9503,1.0503,0.9664,1.0528,169615485,136747091.3,144289462.5,136624218.8,97315020,3158337.6,3036160.99,3083575.77,2586907.84,2545459.84,201575,5-story shear model,pending,,,,,,
Case1103,Struct0552,EI,ground_motion/ei3.txt,0.02,g,1,1.0124,0.9667,0.9783,0.0541,0.0311,3.148,5,0.9385,1.1295,0.8694,0.8634,1.1062,0.9664,1.0151,0.9125,1.13,1.0688,171024732,188678457,132027084,118004331.6,134390025.6,3736875.52,3630799.53,2999186.75,3386350.1,2892985.09,244575,5-story shear model,pending,,,,,,
Case1104,Struct0552,NORTHRIDGE,ground_motion/northbridge.txt,0.02,g,1,1.0124,0.9667,0.9783,0.0541,0.0311,3.148,5,0.9385,1.1295,0.8694,0.8634,1.1062,0.9664,1.0151,0.9125,1.13,1.0688,171024732,188678457,132027084,118004331.6,134390025.6,3736875.52,3630799.53,2999186.75,3386350.1,2892985.09,244575,5-story shear model,pending,,,,,,
Case1105,Struct0553,EI,ground_motion/ei3.txt,0.02,g,1,0.9525,1.1371,0.806,0.0319,0.0118,3.482,5,0.9995,0.972,0.9331,1.0579,1.0767,1.0253,0.9315,0.9113,0.9577,0.9819,171364275,152761950,133316662.5,136032716.3,123066810,4663474.52,3919072,3523213.38,3375902.08,3126251.77,201500,5-story shear model,pending,,,,,,
Case1106,Struct0553,NORTHRIDGE,ground_motion/northbridge.txt,0.02,g,1,0.9525,1.1371,0.806,0.0319,0.0118,3.482,5,0.9995,0.972,0.9331,1.0579,1.0767,1.0253,0.9315,0.9113,0.9577,0.9819,171364275,152761950,133316662.5,136032716.3,123066810,4663474.52,3919072,3523213.38,3375902.08,3126251.77,201500,5-story shear model,pending,,,,,,
Case1107,Struct0554,EI,ground_motion/ei3.txt,0.02,g,1,0.7924,1.1304,0.8578,0.0528,0.0432,3.001,5,0.8944,1.071,1.1089,1.0414,1.1473,0.8858,0.9738,0.9873,1.0814,0.8522,127570060.8,140028966,131803854,111402723.6,109094462.4,4005233.28,4072899.02,3794549.33,3789485.14,2697315.26,214450,5-story shear model,pending,,,,,,
Case1108,Struct0554,NORTHRIDGE,ground_motion/northbridge.txt,0.02,g,1,0.7924,1.1304,0.8578,0.0528,0.0432,3.001,5,0.8944,1.071,1.1089,1.0414,1.1473,0.8858,0.9738,0.9873,1.0814,0.8522,127570060.8,140028966,131803854,111402723.6,109094462.4,4005233.28,4072899.02,3794549.33,3789485.14,2697315.26,214450,5-story shear model,pending,,,,,,
Case1109,Struct0555,EI,ground_motion/ei3.txt,0.02,g,1,1.116,1.1016,1.1378,0.0735,0.0371,3.065,5,0.8801,0.9452,1.002,1.0652,0.9372,1.0703,0.8763,1.1331,0.8913,1.0179,176794488,174049128,167734800,160483032,125509824,4716169.92,3571728.7,4243958.06,3043753.85,3139692.19,284450,5-story shear model,pending,,,,,,
Case1110,Struct0555,NORTHRIDGE,ground_motion/northbridge.txt,0.02,g,1,1.116,1.1016,1.1378,0.0735,0.0371,3.065,5,0.8801,0.9452,1.002,1.0652,0.9372,1.0703,0.8763,1.1331,0.8913,1.0179,176794488,174049128,167734800,160483032,125509824,4716169.92,3571728.7,4243958.06,3043753.85,3139692.19,284450,5-story shear model,pending,,,,,,
Case1111,Struct0556,EI,ground_motion/ei3.txt,0.02,g,1,0.9368,0.9192,0.8439,0.0544,0.0167,3.251,5,0.9186,0.9039,1.0935,1.0794,0.8911,1.0094,0.9224,1.1091,0.8733,1.0125,154898006.4,139717630.8,153658620,136509559.2,100173897.6,3711361.92,3137119.3,3466248.05,2488485.82,2605932,210975,5-story shear model,pending,,,,,,
Case1112,Struct0556,NORTHRIDGE,ground_motion/northbridge.txt,0.02,g,1,0.9368,0.9192,0.8439,0.0544,0.0167,3.251,5,0.9186,0.9039,1.0935,1.0794,0.8911,1.0094,0.9224,1.1091,0.8733,1.0125,154898006.4,139717630.8,153658620,136509559.2,100173897.6,3711361.92,3137119.3,3466248.05,2488485.82,2605932,210975,5-story shear model,pending,,,,,,
Case1113,Struct0557,EI,ground_motion/ei3.txt,0.02,g,1,1.0823,1.0316,1.0426,0.0367,0.0447,3.301,5,1.1224,1.041,1.1193,0.9647,1.0617,0.9308,0.9774,0.9533,1.0742,0.9181,218659233.6,185901259.5,181712758.5,140952799.4,137889349.2,3840853.12,3730657.61,3343642.55,3435248.63,2651913.49,260650,5-story shear model,pending,,,,,,
Case1114,Struct0557,NORTHRIDGE,ground_motion/northbridge.txt,0.02,g,1,1.0823,1.0316,1.0426,0.0367,0.0447,3.301,5,1.1224,1.041,1.1193,0.9647,1.0617,0.9308,0.9774,0.9533,1.0742,0.9181,218659233.6,185901259.5,181712758.5,140952799.4,137889349.2,3840853.12,3730657.61,3343642.55,3435248.63,2651913.49,260650,5-story shear model,pending,,,,,,
Case1115,Struct0558,EI,ground_motion/ei3.txt,0.02,g,1,1.0443,1.142,1.005,0.0748,0.0248,3.145,5,0.98,1.0832,1.0512,0.9956,0.899,0.9123,1.0708,0.8761,0.9917,0.9045,184214520,186645650.4,164665224,140360185.8,112659084,4167386.4,4524558.32,3401721.08,3510816.34,2892229.2,251250,5-story shear model,pending,,,,,,
Case1116,Struct0558,NORTHRIDGE,ground_motion/northbridge.txt,0.02,g,1,1.0443,1.142,1.005,0.0748,0.0248,3.145,5,0.98,1.0832,1.0512,0.9956,0.899,0.9123,1.0708,0.8761,0.9917,0.9045,184214520,186645650.4,164665224,140360185.8,112659084,4167386.4,4524558.32,3401721.08,3510816.34,2892229.2,251250,5-story shear model,pending,,,,,,
Case1117,Struct0559,EI,ground_motion/ei3.txt,0.02,g,1,1.1997,1.002,0.882,0.0532,0.0431,3.474,5,0.9407,0.9074,0.9556,0.9841,0.9119,0.9449,0.8832,1.0136,1.0597,1.0714,203140402.2,179620283.7,171964998,159384344,131280771.6,3787159.2,3274375.68,3453132.48,3291640.14,3005919.84,220500,5-story shear model,pending,,,,,,
Case1118,Struct0559,NORTHRIDGE,ground_motion/northbridge.txt,0.02,g,1,1.1997,1.002,0.882,0.0532,0.0431,3.474,5,0.9407,0.9074,0.9556,0.9841,0.9119,0.9449,0.8832,1.0136,1.0597,1.0714,203140402.2,179620283.7,171964998,159384344,131280771.6,3787159.2,3274375.68,3453132.48,3291640.14,3005919.84,220500,5-story shear model,pending,,,,,,
Case1119,Struct0560,EI,ground_motion/ei3.txt,0.02,g,1,0.8258,1.2061,1.1775,0.0325,0.0424,3.423,5,1.0858,0.9493,1.1469,1.1261,1.0579,0.9908,0.8849,0.8662,0.9758,0.984,161397655.2,129348770.1,142066503,125541006.3,104833658.4,4780015.52,3948928.19,3552060.99,3648428.38,3323046.72,294375,5-story shear model,pending,,,,,,
Case1120,Struct0560,NORTHRIDGE,ground_motion/northbridge.txt,0.02,g,1,0.8258,1.2061,1.1775,0.0325,0.0424,3.423,5,1.0858,0.9493,1.1469,1.1261,1.0579,0.9908,0.8849,0.8662,0.9758,0.984,161397655.2,129348770.1,142066503,125541006.3,104833658.4,4780015.52,3948928.19,3552060.99,3648428.38,3323046.72,294375,5-story shear model,pending,,,,,,
Case1121,Struct0561,EI,ground_motion/ei3.txt,0.02,g,1,0.7525,0.9794,1.0183,0.0785,0.0217,3.09,5,1.0354,0.8525,1.0433,0.9832,0.8511,0.9296,1.0912,1.084,1.093,1.1105,140244930,105848531.3,117762487.5,99880830,76854330,3641800.96,3954268.74,3609676.64,3318501.02,3045346.36,254575,5-story shear model,pending,,,,,,
Case1122,Struct0561,NORTHRIDGE,ground_motion/northbridge.txt,0.02,g,1,0.7525,0.9794,1.0183,0.0785,0.0217,3.09,5,1.0354,0.8525,1.0433,0.9832,0.8511,0.9296,1.0912,1.084,1.093,1.1105,140244930,105848531.3,117762487.5,99880830,76854330,3641800.96,3954268.74,3609676.64,3318501.02,3045346.36,254575,5-story shear model,pending,,,,,,
Case1123,Struct0562,EI,ground_motion/ei3.txt,0.02,g,1,0.9763,0.9517,0.8678,0.0645,0.0301,3.512,5,0.8917,1.0701,1.1181,0.9142,1.0777,1.0516,0.9385,0.9795,0.876,0.9222,156702007.8,172381874,163740154.5,120492017.1,126259021.2,4003230.88,3304730.67,3169446.51,2584436.52,2457441.67,216950,5-story shear model,pending,,,,,,
Case1124,Struct0562,NORTHRIDGE,ground_motion/northbridge.txt,0.02,g,1,0.9763,0.9517,0.8678,0.0645,0.0301,3.512,5,0.8917,1.0701,1.1181,0.9142,1.0777,1.0516,0.9385,0.9795,0.876,0.9222,156702007.8,172381874,163740154.5,120492017.1,126259021.2,4003230.88,3304730.67,3169446.51,2584436.52,2457441.67,216950,5-story shear model,pending,,,,,,
Case1125,Struct0563,EI,ground_motion/ei3.txt,0.02,g,1,0.8342,0.823,1.0116,0.0215,0.0448,3.299,5,1.0795,1.0215,0.9278,0.9244,1.0094,0.8555,0.8851,0.9182,0.8948,1.0232,162093402,140602324.5,116095614,104103154.8,101044977.6,2816306,2695218.01,2569307.24,2282903.24,2357862.08,252900,5-story shear model,pending,,,,,,
Case1126,Struct0563,NORTHRIDGE,ground_motion/northbridge.txt,0.02,g,1,0.8342,0.823,1.0116,0.0215,0.0448,3.299,5,1.0795,1.0215,0.9278,0.9244,1.0094,0.8555,0.8851,0.9182,0.8948,1.0232,162093402,140602324.5,116095614,104103154.8,101044977.6,2816306,2695218.01,2569307.24,2282903.24,2357862.08,252900,5-story shear model,pending,,,,,,
Case1127,Struct0564,EI,ground_motion/ei3.txt,0.02,g,1,1.245,0.9095,0.8641,0.0348,0.0201,3.478,5,0.9902,1.0475,1.0465,0.9615,1.0016,0.9388,0.9331,0.9328,0.8641,0.9125,221903820,215182687.5,195433875,161604112.5,149639040,3415354.4,3140021.47,2884497.44,2436286.75,2323772.5,216025,5-story shear model,pending,,,,,,
Case1128,Struct0564,NORTHRIDGE,ground_motion/northbridge.txt,0.02,g,1,1.245,0.9095,0.8641,0.0348,0.0201,3.478,5,0.9902,1.0475,1.0465,0.9615,1.0016,0.9388,0.9331,0.9328,0.8641,0.9125,221903820,215182687.5,195433875,161604112.5,149639040,3415354.4,3140021.47,2884497.44,2436286.75,2323772.5,216025,5-story shear model,pending,,,,,,
Case1129,Struct0565,EI,ground_motion/ei3.txt,0.02,g,1,1.2008,1.0452,0.9026,0.0687,0.0206,3.337,5,1.0917,0.968,0.9281,0.9694,1.0601,1.1409,0.9249,1.1219,1.0418,0.9962,235964404.8,191791776,167169372,157147495.2,152756169.6,4769874.72,3576810.28,3986873.59,3375557.02,2915439.07,225650,5-story shear model,pending,,,,,,
Case1130,Struct0565,NORTHRIDGE,ground_motion/northbridge.txt,0.02,g,1,1.2008,1.0452,0.9026,0.0687,0.0206,3.337,5,1.0917,0.968,0.9281,0.9694,1.0601,1.1409,0.9249,1.1219,1.0418,0.9962,235964404.8,191791776,167169372,157147495.2,152756169.6,4769874.72,3576810.28,3986873.59,3375557.02,2915439.07,225650,5-story shear model,pending,,,,,,
Case1131,Struct0566,EI,ground_motion/ei3.txt,0.02,g,1,0.9098,1.0065,0.9498,0.0247,0.0303,3.024,5,1.025,0.9289,1.0817,0.9516,1.1096,0.8567,0.9077,1.0124,0.906,1.0597,167858100,139443681.3,147619599,116878366.8,121141689.6,3449074.2,3380320.18,3464534.04,2826855.9,2986446.54,237450,5-story shear model,pending,,,,,,
Case1132,Struct0566,NORTHRIDGE,ground_motion/northbridge.txt,0.02,g,1,0.9098,1.0065,0.9498,0.0247,0.0303,3.024,5,1.025,0.9289,1.0817,0.9516,1.1096,0.8567,0.9077,1.0124,0.906,1.0597,167858100,139443681.3,147619599,116878366.8,121141689.6,3449074.2,3380320.18,3464534.04,2826855.9,2986446.54,237450,5-story shear model,pending,,,,,,
Case1133,Struct0567,EI,ground_motion/ei3.txt,0.02,g,1,0.8631,0.9797,1.0125,0.0294,0.0251,3.213,5,0.9279,1.0149,1.0302,0.8551,0.9237,1.0223,0.936,0.8798,0.9009,1.1116,144156688.2,144533431.4,133374843,99634969.35,95669456.4,4006189.24,3392897.04,2930596.2,2736096.36,3049296.66,253125,5-story shear model,pending,,,,,,
Case1134,Struct0567,NORTHRIDGE,ground_motion/northbridge.txt,0.02,g,1,0.8631,0.9797,1.0125,0.0294,0.0251,3.213,5,0.9279,1.0149,1.0302,0.8551,0.9237,1.0223,0.936,0.8798,0.9009,1.1116,144156688.2,144533431.4,133374843,99634969.35,95669456.4,4006189.24,3392897.04,2930596.2,2736096.36,3049296.66,253125,5-story shear model,pending,,,,,,
Case1135,Struct0568,EI,ground_motion/ei3.txt,0.02,g,1,0.8218,0.8615,1.0174,0.0762,0.0485,3.128,5,0.9744,1.0005,1.0533,1.0549,1.0542,1.0992,0.8803,1.1278,1.034,1.0931,144137145.6,135664798.5,129840291,117033770.7,103960987.2,3787843.2,2806000.27,3303438.98,2761452.1,2636775.82,254350,5-story shear model,pending,,,,,,
Case1136,Struct0568,NORTHRIDGE,ground_motion/northbridge.txt,0.02,g,1,0.8218,0.8615,1.0174,0.0762,0.0485,3.128,5,0.9744,1.0005,1.0533,1.0549,1.0542,1.0992,0.8803,1.1278,1.034,1.0931,144137145.6,135664798.5,129840291,117033770.7,103960987.2,3787843.2,2806000.27,3303438.98,2761452.1,2636775.82,254350,5-story shear model,pending,,,,,,
Case1137,Struct0569,EI,ground_motion/ei3.txt,0.02,g,1,0.8444,1.0951,1.0641,0.034,0.0385,3.435,5,0.9324,1.1209,1.0338,0.9851,0.9152,1.0201,1.0825,1.1348,1.0462,1.0856,141717340.8,156170513.4,130941108,112295489.4,92735385.6,4468446.04,4386149.28,4225246.23,3551650.22,3328753.57,266025,5-story shear model,pending,,,,,,
Case1138,Struct0569,NORTHRIDGE,ground_motion/northbridge.txt,0.02,g,1,0.8444,1.0951,1.0641,0.034,0.0385,3.435,5,0.9324,1.1209,1.0338,0.9851,0.9152,1.0201,1.0825,1.1348,1.0462,1.0856,141717340.8,156170513.4,130941108,112295489.4,92735385.6,4468446.04,4386149.28,4225246.23,3551650.22,3328753.57,266025,5-story shear model,pending,,,,,,
Case1139,Struct0570,EI,ground_motion/ei3.txt,0.02,g,1,1.2328,0.7759,0.825,0.0778,0.0425,3.227,5,1.1313,1.1438,0.9377,0.8832,1.0575,1.1439,1.0723,1.0599,0.8931,0.9618,251039995.2,232662645.6,173399484,146989209.6,156442320,3550208.04,3078391.01,2796079.79,2148164.5,2089529.74,206250,5-story shear model,pending,,,,,,
Case1140,Struct0570,NORTHRIDGE,ground_motion/northbridge.txt,0.02,g,1,1.2328,0.7759,0.825,0.0778,0.0425,3.227,5,1.1313,1.1438,0.9377,0.8832,1.0575,1.1439,1.0723,1.0599,0.8931,0.9618,251039995.2,232662645.6,173399484,146989209.6,156442320,3550208.04,3078391.01,2796079.79,2148164.5,2089529.74,206250,5-story shear model,pending,,,,,,
Case1141,Struct0571,EI,ground_motion/ei3.txt,0.02,g,1,1.1122,0.8063,1.1966,0.0281,0.0466,3.561,5,1.1338,0.9917,1.1213,0.8625,0.9162,1.1472,0.9941,1.0743,1.0329,0.8561,226982224.8,181989842.1,187066479,129501787.5,122279716.8,3699949.44,2965708.47,2945107.51,2581764.54,1932765.6,299150,5-story shear model,pending,,,,,,
Case1142,Struct0571,NORTHRIDGE,ground_motion/northbridge.txt,0.02,g,1,1.1122,0.8063,1.1966,0.0281,0.0466,3.561,5,1.1338,0.9917,1.1213,0.8625,0.9162,1.1472,0.9941,1.0743,1.0329,0.8561,226982224.8,181989842.1,187066479,129501787.5,122279716.8,3699949.44,2965708.47,2945107.51,2581764.54,1932765.6,299150,5-story shear model,pending,,,,,,
Case1143,Struct0572,EI,ground_motion/ei3.txt,0.02,g,1,1.0829,1.2494,1.0773,0.0416,0.0163,3.209,5,1.0566,1.0357,1.0088,0.9667,1.0091,0.9991,0.9744,1.0638,1.1194,1.133,205954585.2,185057322.5,163864428,141323323.1,131130526.8,4993102.16,4504436.83,4518979.85,4335592.92,3963596.56,269325,5-story shear model,pending,,,,,,
Case1144,Struct0572,NORTHRIDGE,ground_motion/northbridge.txt,0.02,g,1,1.0829,1.2494,1.0773,0.0416,0.0163,3.209,5,1.0566,1.0357,1.0088,0.9667,1.0091,0.9991,0.9744,1.0638,1.1194,1.133,205954585.2,185057322.5,163864428,141323323.1,131130526.8,4993102.16,4504436.83,4518979.85,4335592.92,3963596.56,269325,5-story shear model,pending,,,,,,
Case1145,Struct0573,EI,ground_motion/ei3.txt,0.02,g,1,1.1333,0.9338,0.9564,0.0248,0.0264,3.112,5,1.0192,0.9732,0.8957,0.9127,0.8698,0.9564,1.0093,0.9554,0.9077,0.9347,207910684.8,181983047.4,152264521.5,139638992.9,118289320.8,3572345.28,3487192.06,3033318.57,2627591.81,2443904.01,239100,5-story shear model,pending,,,,,,
Case1146,Struct0573,NORTHRIDGE,ground_motion/northbridge.txt,0.02,g,1,1.1333,0.9338,0.9564,0.0248,0.0264,3.112,5,1.0192,0.9732,0.8957,0.9127,0.8698,0.9564,1.0093,0.9554,0.9077,0.9347,207910684.8,181983047.4,152264521.5,139638992.9,118289320.8,3572345.28,3487192.06,3033318.57,2627591.81,2443904.01,239100,5-story shear model,pending,,,,,,
Case1147,Struct0574,EI,ground_motion/ei3.txt,0.02,g,1,0.9237,0.9227,0.8438,0.0738,0.0399,3.091,5,1.0228,1.0028,0.9343,0.8984,0.9945,1.0542,0.9893,0.9355,1.1313,0.9139,170056864.8,152837249.4,129451936.5,112030030.8,110234358,3890841.36,3377460.31,2934831.89,3235936.58,2361115.48,210950,5-story shear model,pending,,,,,,
Case1148,Struct0574,NORTHRIDGE,ground_motion/northbridge.txt,0.02,g,1,0.9237,0.9227,0.8438,0.0738,0.0399,3.091,5,1.0228,1.0028,0.9343,0.8984,0.9945,1.0542,0.9893,0.9355,1.1313,0.9139,170056864.8,152837249.4,129451936.5,112030030.8,110234358,3890841.36,3377460.31,2934831.89,3235936.58,2361115.48,210950,5-story shear model,pending,,,,,,
Case1149,Struct0575,EI,ground_motion/ei3.txt,0.02,g,1,0.7969,0.882,0.8625,0.0611,0.0307,3.023,5,1.0825,0.9203,1.0715,0.9075,0.9378,1.1124,0.9977,1.0224,1.0878,1.1278,155275965,121008866.6,128081752.5,97630211.25,89679938.4,3924547.2,3255894.18,3065973.12,2974262.76,2785214.88,215625,5-story shear model,pending,,,,,,
Case1150,Struct0575,NORTHRIDGE,ground_motion/northbridge.txt,0.02,g,1,0.7969,0.882,0.8625,0.0611,0.0307,3.023,5,1.0825,0.9203,1.0715,0.9075,0.9378,1.1124,0.9977,1.0224,1.0878,1.1278,155275965,121008866.6,128081752.5,97630211.25,89679938.4,3924547.2,3255894.18,3065973.12,2974262.76,2785214.88,215625,5-story shear model,pending,,,,,,
Case1151,Struct0576,EI,ground_motion/ei3.txt,0.02,g,1,1.0875,0.8869,1.0307,0.0259,0.0141,3.312,5,1.1019,1.148,1.097,1.0548,0.8648,1.0795,0.9737,1.0909,0.9,1.083,215696925,205994250,178948125,154857825,112856400,3829634.2,3195225.76,3289565.31,2474451,2689435.56,257675,5-story shear model,pending,,,,,,
Case1152,Struct0576,NORTHRIDGE,ground_motion/northbridge.txt,0.02,g,1,1.0875,0.8869,1.0307,0.0259,0.0141,3.312,5,1.1019,1.148,1.097,1.0548,0.8648,1.0795,0.9737,1.0909,0.9,1.083,215696925,205994250,178948125,154857825,112856400,3829634.2,3195225.76,3289565.31,2474451,2689435.56,257675,5-story shear model,pending,,,,,,
Case1153,Struct0577,EI,ground_motion/ei3.txt,0.02,g,1,1.1098,1.1585,1.0322,0.0287,0.0377,3.6,5,0.9576,1.0981,0.9012,0.8701,0.8918,1.1449,0.9281,1.1238,0.9931,1.0222,191294006.4,201080777.7,150022764,130360992.3,118766356.8,5305466.6,3978254.25,4426535.82,3566569.69,3315812.36,258050,5-story shear model,pending,,,,,,
Case1154,Struct0577,NORTHRIDGE,ground_motion/northbridge.txt,0.02,g,1,1.1098,1.1585,1.0322,0.0287,0.0377,3.6,5,0.9576,1.0981,0.9012,0.8701,0.8918,1.1449,0.9281,1.1238,0.9931,1.0222,191294006.4,201080777.7,150022764,130360992.3,118766356.8,5305466.6,3978254.25,4426535.82,3566569.69,3315812.36,258050,5-story shear model,pending,,,,,,
Case1155,Struct0578,EI,ground_motion/ei3.txt,0.02,g,1,1.0582,1.2072,0.8244,0.0419,0.0288,3.232,5,0.9202,1.134,0.8824,0.9111,0.9501,0.9186,1.0675,1.082,1.0933,1.1311,175276015.2,197999802,140063352,130157012.7,120647498.4,4435735.68,4768138.2,4441047.36,4091478.46,3823298.98,206100,5-story shear model,pending,,,,,,
Case1156,Struct0578,NORTHRIDGE,ground_motion/northbridge.txt,0.02,g,1,1.0582,1.2072,0.8244,0.0419,0.0288,3.232,5,0.9202,1.134,0.8824,0.9111,0.9501,0.9186,1.0675,1.082,1.0933,1.1311,175276015.2,197999802,140063352,130157012.7,120647498.4,4435735.68,4768138.2,4441047.36,4091478.46,3823298.98,206100,5-story shear model,pending,,,,,,
Case1157,Struct0579,EI,ground_motion/ei3.txt,0.02,g,1,0.7517,1.2426,0.9142,0.0226,0.0242,3.199,5,0.8878,1.1218,0.8505,1.007,1.026,0.9367,1.0553,0.8669,0.9582,1.0466,120124666.8,139137414.9,95898127.5,102189856.5,92549304,4655773.68,4851868.39,3662513.8,3691043.89,3641414.45,228550,5-story shear model,pending,,,,,,
Case1158,Struct0579,NORTHRIDGE,ground_motion/northbridge.txt,0.02,g,1,0.7517,1.2426,0.9142,0.0226,0.0242,3.199,5,0.8878,1.1218,0.8505,1.007,1.026,0.9367,1.0553,0.8669,0.9582,1.0466,120124666.8,139137414.9,95898127.5,102189856.5,92549304,4655773.68,4851868.39,3662513.8,3691043.89,3641414.45,228550,5-story shear model,pending,,,,,,
Case1159,Struct0580,EI,ground_motion/ei3.txt,0.02,g,1,0.9555,1.0913,1.079,0.0691,0.0167,3.314,5,1.0867,1.1065,1.1291,1.1161,1.0541,0.9605,0.9808,0.8784,0.8561,0.9797,186901533,174448023.8,161828257.5,143968529.3,120863106,4192774.6,3960284.05,3259232.93,2896211.98,2993610.51,269750,5-story shear model,pending,,,,,,
Case1160,Struct0580,NORTHRIDGE,ground_motion/northbridge.txt,0.02,g,1,0.9555,1.0913,1.079,0.0691,0.0167,3.314,5,1.0867,1.1065,1.1291,1.1161,1.0541,0.9605,0.9808,0.8784,0.8561,0.9797,186901533,174448023.8,161828257.5,143968529.3,120863106,4192774.6,3960284.05,3259232.93,2896211.98,2993610.51,269750,5-story shear model,pending,,,,,,
Case1161,Struct0581,EI,ground_motion/ei3.txt,0.02,g,1,1.1845,0.7531,1.1555,0.055,0.04,3.055,5,0.9833,0.9146,0.9152,0.8876,0.9615,0.9375,1.0071,1.1106,1.0177,1.0124,209649393,178751710.5,162608160,141933897,136667610,2824125,2806253.94,2843735.72,2375932.6,2134827.63,288875,5-story shear model,pending,,,,,,
Case1162,Struct0581,NORTHRIDGE,ground_motion/northbridge.txt,0.02,g,1,1.1845,0.7531,1.1555,0.055,0.04,3.055,5,0.9833,0.9146,0.9152,0.8876,0.9615,0.9375,1.0071,1.1106,1.0177,1.0124,209649393,178751710.5,162608160,141933897,136667610,2824125,2806253.94,2843735.72,2375932.6,2134827.63,288875,5-story shear model,pending,,,,,,
Case1163,Struct0582,EI,ground_motion/ei3.txt,0.02,g,1,0.9607,1.0739,0.9212,0.0783,0.0363,3.136,5,0.9445,0.9284,0.8831,0.9192,0.9708,0.9588,0.9658,0.8777,1.0588,1.1269,163328607,147165790.2,127259125.5,119215184.4,111917707.2,4118621.28,3837538.69,3204710.9,3524840.49,3388498.15,230300,5-story shear model,pending,,,,,,
Case1164,Struct0582,NORTHRIDGE,ground_motion/northbridge.txt,0.02,g,1,0.9607,1.0739,0.9212,0.0783,0.0363,3.136,5,0.9445,0.9284,0.8831,0.9192,0.9708,0.9588,0.9658,0.8777,1.0588,1.1269,163328607,147165790.2,127259125.5,119215184.4,111917707.2,4118621.28,3837538.69,3204710.9,3524840.49,3388498.15,230300,5-story shear model,pending,,,,,,
Case1165,Struct0583,EI,ground_motion/ei3.txt,0.02,g,1,1.2291,0.7907,1.1089,0.0757,0.0301,3.337,5,0.9603,0.9712,1.0284,0.9093,1.1466,1.0073,0.9159,1.0533,0.929,0.9006,212454851.4,196960816.8,189600966,150878785.1,169114327.2,3185888.44,2679547.88,2831670.65,2277136.93,1993892.38,277225,5-story shear model,pending,,,,,,
Case1166,Struct0583,NORTHRIDGE,ground_motion/northbridge.txt,0.02,g,1,1.2291,0.7907,1.1089,0.0757,0.0301,3.337,5,0.9603,0.9712,1.0284,0.9093,1.1466,1.0073,0.9159,1.0533,0.929,0.9006,212454851.4,196960816.8,189600966,150878785.1,169114327.2,3185888.44,2679547.88,2831670.65,2277136.93,1993892.38,277225,5-story shear model,pending,,,,,,
Case1167,Struct0584,EI,ground_motion/ei3.txt,0.02,g,1,0.8408,0.9079,1.0444,0.0362,0.0469,3.26,5,0.8529,1.0298,0.9527,1.1033,0.9923,0.8979,1.0302,1.0346,1.1271,1.0142,129081297.6,142866213.6,120154524,125233376.4,100119100.8,3260813.64,3460678.75,3193665.36,3172211.68,2578218.1,261100,5-story shear model,pending,,,,,,
Case1168,Struct0584,NORTHRIDGE,ground_motion/northbridge.txt,0.02,g,1,0.8408,0.9079,1.0444,0.0362,0.0469,3.26,5,0.8529,1.0298,0.9527,1.1033,0.9923,0.8979,1.0302,1.0346,1.1271,1.0142,129081297.6,142866213.6,120154524,125233376.4,100119100.8,3260813.64,3460678.75,3193665.36,3172211.68,2578218.1,261100,5-story shear model,pending,,,,,,
Case1169,Struct0585,EI,ground_motion/ei3.txt,0.02,g,1,0.956,0.9393,1.0047,0.0311,0.0309,3.526,5,0.9053,0.9041,1.1439,0.9474,1.1486,1.0022,0.9953,1.0495,1.0113,1,155784024,142612734,164035260,122271444,131767392,3765465.84,3459075.57,3351704.19,2944733.68,2630040,251175,5-story shear model,pending,,,,,,
Case1170,Struct0585,NORTHRIDGE,ground_motion/northbridge.txt,0.02,g,1,0.956,0.9393,1.0047,0.0311,0.0309,3.526,5,0.9053,0.9041,1.1439,0.9474,1.1486,1.0022,0.9953,1.0495,1.0113,1,155784024,142612734,164035260,122271444,131767392,3765465.84,3459075.57,3351704.19,2944733.68,2630040,251175,5-story shear model,pending,,,,,,
Case1171,Struct0586,EI,ground_motion/ei3.txt,0.02,g,1,0.9415,1.2453,1.0247,0.0772,0.0472,3.048,5,1.091,0.9605,0.8658,1.0483,1.0859,0.9359,1.1144,1.1318,0.9773,0.9163,184891770,149211273.8,122272605,133241550.8,122684982,4661905.08,5134720.58,4792063.84,3772798.24,3194991.49,256175,5-story shear model,pending,,,,,,
Case1172,Struct0586,NORTHRIDGE,ground_motion/northbridge.txt,0.02,g,1,0.9415,1.2453,1.0247,0.0772,0.0472,3.048,5,1.091,0.9605,0.8658,1.0483,1.0859,0.9359,1.1144,1.1318,0.9773,0.9163,184891770,149211273.8,122272605,133241550.8,122684982,4661905.08,5134720.58,4792063.84,3772798.24,3194991.49,256175,5-story shear model,pending,,,,,,
Case1173,Struct0587,EI,ground_motion/ei3.txt,0.02,g,1,0.9279,0.7857,1.0033,0.0355,0.0416,3.593,5,0.9319,1.0779,1.1481,1.1094,1.0885,1.1368,1.1383,0.8949,0.9223,1.0502,155647801.8,165030262.7,159798298.5,138970655.1,121202298,3572735.04,3309140.55,2390617.96,2246418.44,2310397.99,250825,5-story shear model,pending,,,,,,
Case1174,Struct0587,NORTHRIDGE,ground_motion/northbridge.txt,0.02,g,1,0.9279,0.7857,1.0033,0.0355,0.0416,3.593,5,0.9319,1.0779,1.1481,1.1094,1.0885,1.1368,1.1383,0.8949,0.9223,1.0502,155647801.8,165030262.7,159798298.5,138970655.1,121202298,3572735.04,3309140.55,2390617.96,2246418.44,2310397.99,250825,5-story shear model,pending,,,,,,
Case1175,Struct0588,EI,ground_motion/ei3.txt,0.02,g,1,1.2205,1.1338,0.8039,0.0383,0.0481,3.188,5,0.8874,0.9328,0.9511,0.9431,1.0522,1.0893,1.0365,0.9699,1.0882,1.0111,194952906,187849596,174122632.5,155392229.3,154105212,4940193.36,4348179.69,3738886.91,3824783.6,3209878.5,200975,5-story shear model,pending,,,,,,
Case1176,Struct0588,NORTHRIDGE,ground_motion/northbridge.txt,0.02,g,1,1.2205,1.1338,0.8039,0.0383,0.0481,3.188,5,0.8874,0.9328,0.9511,0.9431,1.0522,1.0893,1.0365,0.9699,1.0882,1.0111,194952906,187849596,174122632.5,155392229.3,154105212,4940193.36,4348179.69,3738886.91,3824783.6,3209878.5,200975,5-story shear model,pending,,,,,,
Case1177,Struct0589,EI,ground_motion/ei3.txt,0.02,g,1,1.1863,1.2287,1.0409,0.0683,0.0459,3.225,5,1.0297,0.986,1.0537,1.0331,0.9088,0.9334,0.893,0.9515,1.0744,1.1073,219875959.8,192999147,187500646.5,165451481.6,129373132.8,4587474.32,4059747.67,3974967.37,4092357.37,3809510.63,260225,5-story shear model,pending,,,,,,
Case1178,Struct0589,NORTHRIDGE,ground_motion/northbridge.txt,0.02,g,1,1.1863,1.2287,1.0409,0.0683,0.0459,3.225,5,1.0297,0.986,1.0537,1.0331,0.9088,0.9334,0.893,0.9515,1.0744,1.1073,219875959.8,192999147,187500646.5,165451481.6,129373132.8,4587474.32,4059747.67,3974967.37,4092357.37,3809510.63,260225,5-story shear model,pending,,,,,,
Case1179,Struct0590,EI,ground_motion/ei3.txt,0.02,g,1,1.1361,1.0245,1.1034,0.0289,0.0478,3.298,5,0.8588,1.1454,1.1354,0.9704,0.8957,1.0396,1.1351,0.9987,0.9997,0.9024,175622882.4,214712675.1,193489191,148833644.4,122112572.4,4260280.8,4302766.82,3478771.71,3174997.22,2588624.64,275850,5-story shear model,pending,,,,,,
Case1180,Struct0590,NORTHRIDGE,ground_motion/northbridge.txt,0.02,g,1,1.1361,1.0245,1.1034,0.0289,0.0478,3.298,5,0.8588,1.1454,1.1354,0.9704,0.8957,1.0396,1.1351,0.9987,0.9997,0.9024,175622882.4,214712675.1,193489191,148833644.4,122112572.4,4260280.8,4302766.82,3478771.71,3174997.22,2588624.64,275850,5-story shear model,pending,,,,,,
Case1181,Struct0591,EI,ground_motion/ei3.txt,0.02,g,1,1.1864,1.129,1.102,0.0272,0.0271,3.578,5,0.8615,0.9248,0.9067,0.8909,1.0804,0.9142,0.8885,0.873,1.0253,0.9391,183975048,181035148.8,161356332,142690107.6,153814387.2,4128527.2,3711531.05,3351097.8,3588447.47,2968682.92,275500,5-story shear model,pending,,,,,,
Case1182,Struct0591,NORTHRIDGE,ground_motion/northbridge.txt,0.02,g,1,1.1864,1.129,1.102,0.0272,0.0271,3.578,5,0.8615,0.9248,0.9067,0.8909,1.0804,0.9142,0.8885,0.873,1.0253,0.9391,183975048,181035148.8,161356332,142690107.6,153814387.2,4128527.2,3711531.05,3351097.8,3588447.47,2968682.92,275500,5-story shear model,pending,,,,,,
Case1183,Struct0592,EI,ground_motion/ei3.txt,0.02,g,1,0.8632,0.8662,1.0424,0.0204,0.0116,3.512,5,1.0287,0.9894,1.0387,1.1035,1.0088,1.1032,0.8593,1.0622,1.0757,0.9581,159835291.2,140918263.2,134490876,128593062,104495539.2,3822367.36,2754004.94,3128263.98,2888491.15,2323737.42,260600,5-story shear model,pending,,,,,,
Case1184,Struct0592,NORTHRIDGE,ground_motion/northbridge.txt,0.02,g,1,0.8632,0.8662,1.0424,0.0204,0.0116,3.512,5,1.0287,0.9894,1.0387,1.1035,1.0088,1.1032,0.8593,1.0622,1.0757,0.9581,159835291.2,140918263.2,134490876,128593062,104495539.2,3822367.36,2754004.94,3128263.98,2888491.15,2323737.42,260600,5-story shear model,pending,,,,,,
Case1185,Struct0593,EI,ground_motion/ei3.txt,0.02,g,1,1.0289,0.7641,1.0094,0.0625,0.0381,3.315,5,1.1078,1.0642,1.0139,1.0404,1.1376,0.9591,0.9145,0.8928,1.1059,1.0476,205166775.6,180667637.7,156480256.5,144513120.6,140457196.8,2931393.24,2585446.96,2319440.83,2619556.39,2241319.25,252350,5-story shear model,pending,,,,,,
Case1186,Struct0593,NORTHRIDGE,ground_motion/northbridge.txt,0.02,g,1,1.0289,0.7641,1.0094,0.0625,0.0381,3.315,5,1.1078,1.0642,1.0139,1.0404,1.1376,0.9591,0.9145,0.8928,1.1059,1.0476,205166775.6,180667637.7,156480256.5,144513120.6,140457196.8,2931393.24,2585446.96,2319440.83,2619556.39,2241319.25,252350,5-story shear model,pending,,,,,,
Case1187,Struct0594,EI,ground_motion/ei3.txt,0.02,g,1,1.1658,1.0586,1.1926,0.0467,0.0432,3.461,5,1.0184,1.0252,0.9076,1.1103,1.0764,1.0435,1.0073,1.019,1.0487,0.9535,213705129.6,197204396.4,158712012,174742344.9,150584054.4,4418596.4,3945412.79,3667625.56,3441476.84,2826250.28,298150,5-story shear model,pending,,,,,,
Case1188,Struct0594,NORTHRIDGE,ground_motion/northbridge.txt,0.02,g,1,1.1658,1.0586,1.1926,0.0467,0.0432,3.461,5,1.0184,1.0252,0.9076,1.1103,1.0764,1.0435,1.0073,1.019,1.0487,0.9535,213705129.6,197204396.4,158712012,174742344.9,150584054.4,4418596.4,3945412.79,3667625.56,3441476.84,2826250.28,298150,5-story shear model,pending,,,,,,
Case1189,Struct0595,EI,ground_motion/ei3.txt,0.02,g,1,1.1735,1.0058,0.9505,0.0662,0.0141,3.479,5,1.0357,1.0147,1.0188,0.9545,1.0292,0.8688,1.1225,0.9962,0.8552,1.1094,218770911,196473824.3,179334270,151214276.3,144931944,3495356.16,4177338.85,3406725.06,2666496.5,3124336.66,237625,5-story shear model,pending,,,,,,
Case1190,Struct0595,NORTHRIDGE,ground_motion/northbridge.txt,0.02,g,1,1.1735,1.0058,0.9505,0.0662,0.0141,3.479,5,1.0357,1.0147,1.0188,0.9545,1.0292,0.8688,1.1225,0.9962,0.8552,1.1094,218770911,196473824.3,179334270,151214276.3,144931944,3495356.16,4177338.85,3406725.06,2666496.5,3124336.66,237625,5-story shear model,pending,,,,,,
Case1191,Struct0596,EI,ground_motion/ei3.txt,0.02,g,1,0.7667,1.1796,1.0034,0.0398,0.0493,3.575,5,1.1373,1.1241,0.8597,1.0747,0.9898,1.0891,0.9685,1.044,1.0948,1.0718,156954223.8,142204832.6,98869798.5,111236286.2,91065559.2,5138809.44,4227037.62,4187108.16,4003420.85,3540026.78,250850,5-story shear model,pending,,,,,,
Case1192,Struct0596,NORTHRIDGE,ground_motion/northbridge.txt,0.02,g,1,0.7667,1.1796,1.0034,0.0398,0.0493,3.575,5,1.1373,1.1241,0.8597,1.0747,0.9898,1.0891,0.9685,1.044,1.0948,1.0718,156954223.8,142204832.6,98869798.5,111236286.2,91065559.2,5138809.44,4227037.62,4187108.16,4003420.85,3540026.78,250850,5-story shear model,pending,,,,,,
Case1193,Struct0597,EI,ground_motion/ei3.txt,0.02,g,1,0.8127,0.9132,1.1106,0.0441,0.0324,3.213,5,0.9907,0.8971,0.8884,1.1354,0.9542,1.0001,1.0432,0.9617,1.0655,1.0782,144925540.2,120297073.1,108300402,124569843.3,93057400.8,3653165.28,3524805.89,2985963.1,3016345.26,2756914.27,277650,5-story shear model,pending,,,,,,
Case1194,Struct0597,NORTHRIDGE,ground_motion/northbridge.txt,0.02,g,1,0.8127,0.9132,1.1106,0.0441,0.0324,3.213,5,0.9907,0.8971,0.8884,1.1354,0.9542,1.0001,1.0432,0.9617,1.0655,1.0782,144925540.2,120297073.1,108300402,124569843.3,93057400.8,3653165.28,3524805.89,2985963.1,3016345.26,2756914.27,277650,5-story shear model,pending,,,,,,
Case1195,Struct0598,EI,ground_motion/ei3.txt,0.02,g,1,0.9651,1.1443,0.9053,0.0696,0.0316,3.539,5,0.8563,0.9438,1.0192,1.0383,1.064,0.8752,0.9124,0.9813,0.9256,1.0309,148754723.4,150292127.7,147544488,135278549.6,123223968,4005965.44,3863019.48,3817865.41,3283408.65,3303044.84,226325,5-story shear model,pending,,,,,,
Case1196,Struct0598,NORTHRIDGE,ground_motion/northbridge.txt,0.02,g,1,0.9651,1.1443,0.9053,0.0696,0.0316,3.539,5,0.8563,0.9438,1.0192,1.0383,1.064,0.8752,0.9124,0.9813,0.9256,1.0309,148754723.4,150292127.7,147544488,135278549.6,123223968,4005965.44,3863019.48,3817865.41,3283408.65,3303044.84,226325,5-story shear model,pending,,,,,,
Case1197,Struct0599,EI,ground_motion/ei3.txt,0.02,g,1,0.9389,0.9498,0.8307,0.0749,0.0148,3.235,5,0.8888,1.0818,1.0201,1.1366,0.9487,0.8992,1.0622,0.8663,0.9806,0.9234,150208977.6,167590833.3,143665783.5,144065754.9,106888131.6,3416240.64,3732846.97,2797559.92,2887259.03,2455726.9,207675,5-story shear model,pending,,,,,,
Case1198,Struct0599,NORTHRIDGE,ground_motion/northbridge.txt,0.02,g,1,0.9389,0.9498,0.8307,0.0749,0.0148,3.235,5,0.8888,1.0818,1.0201,1.1366,0.9487,0.8992,1.0622,0.8663,0.9806,0.9234,150208977.6,167590833.3,143665783.5,144065754.9,106888131.6,3416240.64,3732846.97,2797559.92,2887259.03,2455726.9,207675,5-story shear model,pending,,,,,,
Case1199,Struct0600,EI,ground_motion/ei3.txt,0.02,g,1,0.8761,0.8759,0.8338,0.0553,0.0423,3.573,5,0.9519,1.0644,1.0744,1.1464,1.1066,0.8568,1.1,1.1005,1.1359,1.0621,150112726.2,153865938.6,141192276,135588740.4,116339071.2,3001884.48,3564913,3277355.03,3084297.91,2604821.49,208450,5-story shear model,pending,,,,,,
Case1200,Struct0600,NORTHRIDGE,ground_motion/northbridge.txt,0.02,g,1,0.8761,0.8759,0.8338,0.0553,0.0423,3.573,5,0.9519,1.0644,1.0744,1.1464,1.1066,0.8568,1.1,1.1005,1.1359,1.0621,150112726.2,153865938.6,141192276,135588740.4,116339071.2,3001884.48,3564913,3277355.03,3084297.91,2604821.49,208450,5-story shear model,pending,,,,,,
Case1201,Struct0601,EI,ground_motion/ei3.txt,0.02,g,1,1.0078,0.9951,0.9311,0.0398,0.0462,3.298,5,1.1476,1.0998,0.9732,0.9476,1.1098,0.8622,0.9176,1.0318,1.0385,1.0563,208179230.4,182882442.6,147118644,128923822.8,134214772.8,3431900.88,3378483.91,3490930.21,3203575.19,2943147.56,232775,5-story shear model,pending,,,,,,
Case1202,Struct0601,NORTHRIDGE,ground_motion/northbridge.txt,0.02,g,1,1.0078,0.9951,0.9311,0.0398,0.0462,3.298,5,1.1476,1.0998,0.9732,0.9476,1.1098,0.8622,0.9176,1.0318,1.0385,1.0563,208179230.4,182882442.6,147118644,128923822.8,134214772.8,3431900.88,3378483.91,3490930.21,3203575.19,2943147.56,232775,5-story shear model,pending,,,,,,
Case1203,Struct0602,EI,ground_motion/ei3.txt,0.02,g,1,1.0234,1.0037,0.9183,0.0527,0.0498,3.344,5,1.0916,0.98,1.0329,0.9144,0.9707,0.968,1.0699,0.8845,0.8921,1.0513,201085819.2,165483780,158560479,126332589.6,119209725.6,3886326.4,3973276.93,3018427.01,2775742.39,2954531.47,229575,5-story shear model,pending,,,,,,
Case1204,Struct0602,NORTHRIDGE,ground_motion/northbridge.txt,0.02,g,1,1.0234,1.0037,0.9183,0.0527,0.0498,3.344,5,1.0916,0.98,1.0329,0.9144,0.9707,0.968,1.0699,0.8845,0.8921,1.0513,201085819.2,165483780,158560479,126332589.6,119209725.6,3886326.4,3973276.93,3018427.01,2775742.39,2954531.47,229575,5-story shear model,pending,,,,,,
Case1205,Struct0603,EI,ground_motion/ei3.txt,0.02,g,1,0.8705,0.8477,0.8709,0.0231,0.0259,3.361,5,0.8562,1.0917,1.1085,1.0524,0.9239,1.0676,0.8557,1.0982,0.9475,0.9528,134157978,156803600.3,144742387.5,123675417,96510594,3620018.08,2683894.49,3165210.08,2489906.83,2261527.97,217725,5-story shear model,pending,,,,,,
Case1206,Struct0603,NORTHRIDGE,ground_motion/northbridge.txt,0.02,g,1,0.8705,0.8477,0.8709,0.0231,0.0259,3.361,5,0.8562,1.0917,1.1085,1.0524,0.9239,1.0676,0.8557,1.0982,0.9475,0.9528,134157978,156803600.3,144742387.5,123675417,96510594,3620018.08,2683894.49,3165210.08,2489906.83,2261527.97,217725,5-story shear model,pending,,,,,,
Case1207,Struct0604,EI,ground_motion/ei3.txt,0.02,g,1,0.897,0.858,1.1753,0.0275,0.0315,3.376,5,1.002,1.0826,0.9234,0.8781,0.9184,0.859,0.918,0.9633,1.0952,1.1191,161782920,160230213,124243470,106333519.5,98856576,2948088,2914282.8,2810138.76,2913012.96,2688525.84,293825,5-story shear model,pending,,,,,,
Case1208,Struct0604,NORTHRIDGE,ground_motion/northbridge.txt,0.02,g,1,0.897,0.858,1.1753,0.0275,0.0315,3.376,5,1.002,1.0826,0.9234,0.8781,0.9184,0.859,0.918,0.9633,1.0952,1.1191,161782920,160230213,124243470,106333519.5,98856576,2948088,2914282.8,2810138.76,2913012.96,2688525.84,293825,5-story shear model,pending,,,,,,
Case1209,Struct0605,EI,ground_motion/ei3.txt,0.02,g,1,0.9833,1.1883,0.9968,0.044,0.0226,3.582,5,0.8902,0.9189,0.8723,0.8522,0.8578,0.9883,0.8655,0.8733,1.0715,1.0668,157560058.8,149086471.1,128659888.5,113125715.1,101216968.8,4697587.56,3805352.51,3528324.13,3947116.69,3549499.63,249200,5-story shear model,pending,,,,,,
Case1210,Struct0605,NORTHRIDGE,ground_motion/northbridge.txt,0.02,g,1,0.9833,1.1883,0.9968,0.044,0.0226,3.582,5,0.8902,0.9189,0.8723,0.8522,0.8578,0.9883,0.8655,0.8733,1.0715,1.0668,157560058.8,149086471.1,128659888.5,113125715.1,101216968.8,4697587.56,3805352.51,3528324.13,3947116.69,3549499.63,249200,5-story shear model,pending,,,,,,
Case1211,Struct0606,EI,ground_motion/ei3.txt,0.02,g,1,0.8424,0.8296,1.0162,0.0389,0.0132,3.078,5,1.094,0.9805,1.0468,0.9813,0.8747,1.0697,0.8864,0.9505,1.0938,1.0069,165885408,136285578,132273648,111597361.2,88421673.6,3549692.48,2720822.53,2681018.32,2812991.09,2338907.87,254050,5-story shear model,pending,,,,,,
Case1212,Struct0606,NORTHRIDGE,ground_motion/northbridge.txt,0.02,g,1,0.8424,0.8296,1.0162,0.0389,0.0132,3.078,5,1.094,0.9805,1.0468,0.9813,0.8747,1.0697,0.8864,0.9505,1.0938,1.0069,165885408,136285578,132273648,111597361.2,88421673.6,3549692.48,2720822.53,2681018.32,2812991.09,2338907.87,254050,5-story shear model,pending,,,,,,
Case1213,Struct0607,EI,ground_motion/ei3.txt,0.02,g,1,0.8332,1.0441,1.0573,0.0223,0.0232,3.402,5,0.901,1.1033,0.8588,0.9102,1.0012,1.005,1.093,1.0458,0.9614,0.9885,135128376,151679477.4,107332824,102381116.4,100103980.8,4197282,4222444.81,3712527.25,3111772.99,2889859.98,264325,5-story shear model,pending,,,,,,
Case1214,Struct0607,NORTHRIDGE,ground_motion/northbridge.txt,0.02,g,1,0.8332,1.0441,1.0573,0.0223,0.0232,3.402,5,0.901,1.1033,0.8588,0.9102,1.0012,1.005,1.093,1.0458,0.9614,0.9885,135128376,151679477.4,107332824,102381116.4,100103980.8,4197282,4222444.81,3712527.25,3111772.99,2889859.98,264325,5-story shear model,pending,,,,,,
Case1215,Struct0608,EI,ground_motion/ei3.txt,0.02,g,1,0.815,0.8447,0.9923,0.0365,0.0484,3.154,5,1.0586,0.9606,0.929,1.1451,1.1016,0.8924,0.9499,1.1265,0.9208,1.0128,155296620,129176685,113570250,125989627.5,107736480,3015241.12,2968807.96,3235285.47,2411179.26,2395434.05,248075,5-story shear model,pending,,,,,,
Case1216,Struct0608,NORTHRIDGE,ground_motion/northbridge.txt,0.02,g,1,0.815,0.8447,0.9923,0.0365,0.0484,3.154,5,1.0586,0.9606,0.929,1.1451,1.1016,0.8924,0.9499,1.1265,0.9208,1.0128,155296620,129176685,113570250,125989627.5,107736480,3015241.12,2968807.96,3235285.47,2411179.26,2395434.05,248075,5-story shear model,pending,,,,,,
Case1217,Struct0609,EI,ground_motion/ei3.txt,0.02,g,1,1.1841,1.0247,1.1206,0.0734,0.0379,3.214,5,0.9969,0.8742,1.1255,1.1376,1.0545,1.0192,0.9227,0.9532,1.1015,1.1294,212477272.2,170798136.3,199905682.5,181849341.6,149836014,4177496.96,3498315.55,3320929.74,3498991.85,3240429.3,280150,5-story shear model,pending,,,,,,
Case1218,Struct0609,NORTHRIDGE,ground_motion/northbridge.txt,0.02,g,1,1.1841,1.0247,1.1206,0.0734,0.0379,3.214,5,0.9969,0.8742,1.1255,1.1376,1.0545,1.0192,0.9227,0.9532,1.1015,1.1294,212477272.2,170798136.3,199905682.5,181849341.6,149836014,4177496.96,3498315.55,3320929.74,3498991.85,3240429.3,280150,5-story shear model,pending,,,,,,
Case1219,Struct0610,EI,ground_motion/ei3.txt,0.02,g,1,1.1412,0.8459,0.9725,0.0579,0.0487,3.017,5,0.9055,0.9965,1.0439,1.1234,0.8957,1.0975,1.0391,0.8934,1.1227,1.1284,186004188,187638957,178694802,173073250.8,122660740.8,3713501,3252206.35,2569472,2944044.98,2672637.97,243125,5-story shear model,pending,,,,,,
Case1220,Struct0610,NORTHRIDGE,ground_motion/northbridge.txt,0.02,g,1,1.1412,0.8459,0.9725,0.0579,0.0487,3.017,5,0.9055,0.9965,1.0439,1.1234,0.8957,1.0975,1.0391,0.8934,1.1227,1.1284,186004188,187638957,178694802,173073250.8,122660740.8,3713501,3252206.35,2569472,2944044.98,2672637.97,243125,5-story shear model,pending,,,,,,
Case1221,Struct0611,EI,ground_motion/ei3.txt,0.02,g,1,1.1923,1.0508,1.1989,0.0642,0.0453,3.421,5,0.8641,0.8792,0.9997,1.0712,1.0531,0.9567,1.1155,1.0583,1.062,1.1044,185447957.4,172964576.4,178791346.5,172420887.6,150673335.6,4021201.44,4337019.38,3781009.58,3459443.76,3249409.86,299725,5-story shear model,pending,,,,,,
Case1222,Struct0611,NORTHRIDGE,ground_motion/northbridge.txt,0.02,g,1,1.1923,1.0508,1.1989,0.0642,0.0453,3.421,5,0.8641,0.8792,0.9997,1.0712,1.0531,0.9567,1.1155,1.0583,1.062,1.1044,185447957.4,172964576.4,178791346.5,172420887.6,150673335.6,4021201.44,4337019.38,3781009.58,3459443.76,3249409.86,299725,5-story shear model,pending,,,,,,
Case1223,Struct0612,EI,ground_motion/ei3.txt,0.02,g,1,0.7636,0.8379,1.1693,0.0551,0.0373,3.407,5,0.9614,1.1264,1.1313,1.1423,1.1249,1.0872,1.0884,1.0951,1.0934,1.1231,132142507.2,141919641.6,129579102,117755137.8,103076836.8,3643859.52,3374290.33,3119786.59,2840095.57,2634927.37,292325,5-story shear model,pending,,,,,,
Case1224,Struct0612,NORTHRIDGE,ground_motion/northbridge.txt,0.02,g,1,0.7636,0.8379,1.1693,0.0551,0.0373,3.407,5,0.9614,1.1264,1.1313,1.1423,1.1249,1.0872,1.0884,1.0951,1.0934,1.1231,132142507.2,141919641.6,129579102,117755137.8,103076836.8,3643859.52,3374290.33,3119786.59,2840095.57,2634927.37,292325,5-story shear model,pending,,,,,,
Case1225,Struct0613,EI,ground_motion/ei3.txt,0.02,g,1,1.0878,1.0413,0.9357,0.0373,0.0377,3.559,5,0.997,1.1008,1.0303,1.1438,1.0607,0.9177,0.9471,1.0795,1.0604,0.9311,195216588,197579289.6,168114051,167970461.4,138459535.2,3822404.04,3648996.35,3821883.39,3423003.01,2714752.4,233925,5-story shear model,pending,,,,,,
Case1226,Struct0613,NORTHRIDGE,ground_motion/northbridge.txt,0.02,g,1,1.0878,1.0413,0.9357,0.0373,0.0377,3.559,5,0.997,1.1008,1.0303,1.1438,1.0607,0.9177,0.9471,1.0795,1.0604,0.9311,195216588,197579289.6,168114051,167970461.4,138459535.2,3822404.04,3648996.35,3821883.39,3423003.01,2714752.4,233925,5-story shear model,pending,,,,,,
Case1227,Struct0614,EI,ground_motion/ei3.txt,0.02,g,1,0.9074,1.1776,0.8647,0.0563,0.039,3.501,5,0.8866,1.0338,1.0642,0.9685,0.9976,0.967,0.9983,0.9405,0.9476,0.9638,144810151.2,154781569.8,144848262,118640281.5,108626668.8,4554956.8,4349712.9,3765611.52,3459270.66,3177918.46,216175,5-story shear model,pending,,,,,,
Case1228,Struct0614,NORTHRIDGE,ground_motion/northbridge.txt,0.02,g,1,0.9074,1.1776,0.8647,0.0563,0.039,3.501,5,0.8866,1.0338,1.0642,0.9685,0.9976,0.967,0.9983,0.9405,0.9476,0.9638,144810151.2,154781569.8,144848262,118640281.5,108626668.8,4554956.8,4349712.9,3765611.52,3459270.66,3177918.46,216175,5-story shear model,pending,,,,,,
Case1229,Struct0615,EI,ground_motion/ei3.txt,0.02,g,1,1.1952,0.7932,0.8232,0.0735,0.0164,3.367,5,0.9579,1.1468,1.0965,0.9191,0.9117,1.0702,1.0321,1.0961,1.0856,0.9375,206078774.4,226158134.4,196580520,148298623.2,130759660.8,3395530.56,3029048.36,2956050.17,2669403.55,2082150,205800,5-story shear model,pending,,,,,,
Case1230,Struct0615,NORTHRIDGE,ground_motion/northbridge.txt,0.02,g,1,1.1952,0.7932,0.8232,0.0735,0.0164,3.367,5,0.9579,1.1468,1.0965,0.9191,0.9117,1.0702,1.0321,1.0961,1.0856,0.9375,206078774.4,226158134.4,196580520,148298623.2,130759660.8,3395530.56,3029048.36,2956050.17,2669403.55,2082150,205800,5-story shear model,pending,,,,,,
Case1231,Struct0616,EI,ground_motion/ei3.txt,0.02,g,1,0.9804,0.8007,0.911,0.0606,0.0164,3.395,5,1.1494,0.9902,1.1202,1.0477,1.0557,1.1294,0.9073,1.1117,0.8711,1.022,202836916.8,160180693.2,164736612,138667285.8,124200993.6,3617242.32,2687957.91,3026469.85,2162218.29,2291283.12,227750,5-story shear model,pending,,,,,,
Case1232,Struct0616,NORTHRIDGE,ground_motion/northbridge.txt,0.02,g,1,0.9804,0.8007,0.911,0.0606,0.0164,3.395,5,1.1494,0.9902,1.1202,1.0477,1.0557,1.1294,0.9073,1.1117,0.8711,1.022,202836916.8,160180693.2,164736612,138667285.8,124200993.6,3617242.32,2687957.91,3026469.85,2162218.29,2291283.12,227750,5-story shear model,pending,,,,,,
Case1233,Struct0617,EI,ground_motion/ei3.txt,0.02,g,1,0.9072,1.0927,0.8666,0.0336,0.0328,3.152,5,0.9448,1.0446,0.9628,1.0939,0.9808,1.0131,0.8696,1.1085,0.8537,0.9775,154282060.8,156364084.8,131017824,133972120.8,106773811.2,4428057.48,3515784.1,4118277.03,2891797.77,2990719.9,216650,5-story shear model,pending,,,,,,
Case1234,Struct0617,NORTHRIDGE,ground_motion/northbridge.txt,0.02,g,1,0.9072,1.0927,0.8666,0.0336,0.0328,3.152,5,0.9448,1.0446,0.9628,1.0939,0.9808,1.0131,0.8696,1.1085,0.8537,0.9775,154282060.8,156364084.8,131017824,133972120.8,106773811.2,4428057.48,3515784.1,4118277.03,2891797.77,2990719.9,216650,5-story shear model,pending,,,,,,
Case1235,Struct0618,EI,ground_motion/ei3.txt,0.02,g,1,0.9342,0.8024,0.8503,0.0346,0.0313,3.005,5,1.0736,0.8628,1.0842,0.8528,1.0163,0.9798,0.8696,1.0588,1.1178,0.9796,180532281.6,132994580.4,151928946,107552577.6,113931295.2,3144766.08,2581738.05,2888575.81,2780460.43,2200886.91,212575,5-story shear model,pending,,,,,,
Case1236,Struct0618,NORTHRIDGE,ground_motion/northbridge.txt,0.02,g,1,0.9342,0.8024,0.8503,0.0346,0.0313,3.005,5,1.0736,0.8628,1.0842,0.8528,1.0163,0.9798,0.8696,1.0588,1.1178,0.9796,180532281.6,132994580.4,151928946,107552577.6,113931295.2,3144766.08,2581738.05,2888575.81,2780460.43,2200886.91,212575,5-story shear model,pending,,,,,,
Case1237,Struct0619,EI,ground_motion/ei3.txt,0.02,g,1,1.1162,0.7561,1.1317,0.0411,0.0467,3.125,5,0.9927,0.9016,1.0683,1.0758,1.1085,0.9616,0.9436,1.0539,1.0431,0.9236,199449313.2,166050376.8,178865469,162109074.6,148476924,2908263.04,2639787.05,2709302.89,2444932.52,1955335.09,282925,5-story shear model,pending,,,,,,
Case1238,Struct0619,NORTHRIDGE,ground_motion/northbridge.txt,0.02,g,1,1.1162,0.7561,1.1317,0.0411,0.0467,3.125,5,0.9927,0.9016,1.0683,1.0758,1.1085,0.9616,0.9436,1.0539,1.0431,0.9236,199449313.2,166050376.8,178865469,162109074.6,148476924,2908263.04,2639787.05,2709302.89,2444932.52,1955335.09,282925,5-story shear model,pending,,,,,,
Case1239,Struct0620,EI,ground_motion/ei3.txt,0.02,g,1,0.924,0.9084,1.0255,0.0755,0.0188,3.171,5,0.9755,0.9334,0.9712,0.8566,0.9203,1.0806,0.8835,1.0185,0.9839,1.0262,162245160,142306164,134608320,106852284,102042864,3926468.16,2969514.18,3145698.36,2770701.76,2610160.22,256375,5-story shear model,pending,,,,,,
Case1240,Struct0620,NORTHRIDGE,ground_motion/northbridge.txt,0.02,g,1,0.924,0.9084,1.0255,0.0755,0.0188,3.171,5,0.9755,0.9334,0.9712,0.8566,0.9203,1.0806,0.8835,1.0185,0.9839,1.0262,162245160,142306164,134608320,106852284,102042864,3926468.16,2969514.18,3145698.36,2770701.76,2610160.22,256375,5-story shear model,pending,,,,,,
Case1241,Struct0621,EI,ground_motion/ei3.txt,0.02,g,1,1.1865,1.2161,0.8443,0.0249,0.0198,3.255,5,1.0586,0.8745,0.8956,1.062,0.974,0.8774,1.1431,0.8992,1.0196,1.0712,226085202,171203051.3,159394410,170108505,138678120,4268024.56,5143458.47,3717958.21,3843800.24,3647521.7,211075,5-story shear model,pending,,,,,,
Case1242,Struct0621,NORTHRIDGE,ground_motion/northbridge.txt,0.02,g,1,1.1865,1.2161,0.8443,0.0249,0.0198,3.255,5,1.0586,0.8745,0.8956,1.062,0.974,0.8774,1.1431,0.8992,1.0196,1.0712,226085202,171203051.3,159394410,170108505,138678120,4268024.56,5143458.47,3717958.21,3843800.24,3647521.7,211075,5-story shear model,pending,,,,,,
Case1243,Struct0622,EI,ground_motion/ei3.txt,0.02,g,1,0.9782,1.0098,1.0681,0.0328,0.0461,3.106,5,1.0277,1.0931,1.0357,1.0992,1.1431,1.115,0.8542,0.8581,1.0437,1.0682,180953305.2,176429619.3,151968261,145157054.4,134181650.4,4503708,3191513.29,2946131.89,3267177.61,3020271.41,267025,5-story shear model,pending,,,,,,
Case1244,Struct0622,NORTHRIDGE,ground_motion/northbridge.txt,0.02,g,1,0.9782,1.0098,1.0681,0.0328,0.0461,3.106,5,1.0277,1.0931,1.0357,1.0992,1.1431,1.115,0.8542,0.8581,1.0437,1.0682,180953305.2,176429619.3,151968261,145157054.4,134181650.4,4503708,3191513.29,2946131.89,3267177.61,3020271.41,267025,5-story shear model,pending,,,,,,
Case1245,Struct0623,EI,ground_motion/ei3.txt,0.02,g,1,1.0461,0.8759,0.8576,0.0421,0.0376,3.007,5,0.866,0.9285,1.1057,1.078,1.1375,0.8909,1.0474,0.9209,0.9422,0.8713,163066068,160265135.3,173500915.5,152238933,142792650,3121357.24,3394445.34,2742495.45,2558346.24,2136880.68,214400,5-story shear model,pending,,,,,,
Case1246,Struct0623,NORTHRIDGE,ground_motion/northbridge.txt,0.02,g,1,1.0461,0.8759,0.8576,0.0421,0.0376,3.007,5,0.866,0.9285,1.1057,1.078,1.1375,0.8909,1.0474,0.9209,0.9422,0.8713,163066068,160265135.3,173500915.5,152238933,142792650,3121357.24,3394445.34,2742495.45,2558346.24,2136880.68,214400,5-story shear model,pending,,,,,,
Case1247,Struct0624,EI,ground_motion/ei3.txt,0.02,g,1,1.1141,0.9125,1.1729,0.0602,0.0239,3.319,5,1.1048,0.8659,1.0789,0.934,1.105,0.9774,1.0173,0.8898,0.9061,1.1119,221554382.4,159175366.4,180300373.5,140476869,147729660,3567510,3434659.13,2760604.5,2563130.38,2840904.5,293225,5-story shear model,pending,,,,,,
Case1248,Struct0624,NORTHRIDGE,ground_motion/northbridge.txt,0.02,g,1,1.1141,0.9125,1.1729,0.0602,0.0239,3.319,5,1.1048,0.8659,1.0789,0.934,1.105,0.9774,1.0173,0.8898,0.9061,1.1119,221554382.4,159175366.4,180300373.5,140476869,147729660,3567510,3434659.13,2760604.5,2563130.38,2840904.5,293225,5-story shear model,pending,,,,,,
Case1249,Struct0625,EI,ground_motion/ei3.txt,0.02,g,1,1.2007,1.0475,0.8077,0.0533,0.026,3.47,5,1.1331,0.9879,0.9606,0.8679,1.0528,1.1155,0.9092,1.0784,0.8525,0.9825,244892370.6,195718302.5,173008863,140681816.6,151691635.2,4673945,3523831.9,3840721.6,2768280.63,2881672.5,201925,5-story shear model,pending,,,,,,
Case1250,Struct0625,NORTHRIDGE,ground_motion/northbridge.txt,0.02,g,1,1.2007,1.0475,0.8077,0.0533,0.026,3.47,5,1.1331,0.9879,0.9606,0.8679,1.0528,1.1155,0.9092,1.0784,0.8525,0.9825,244892370.6,195718302.5,173008863,140681816.6,151691635.2,4673945,3523831.9,3840721.6,2768280.63,2881672.5,201925,5-story shear model,pending,,,,,,
Case1251,Struct0626,EI,ground_motion/ei3.txt,0.02,g,1,1.2298,1.1808,0.8429,0.0551,0.0399,3.488,5,0.9934,1.0297,0.907,0.9304,1.1253,0.929,0.9052,0.9154,1.0621,0.8851,219902997.6,208943634.9,167314290,154467799.2,166067272.8,4387852.8,3954782.59,3675074.69,3887795.81,2926353.02,210725,5-story shear model,pending,,,,,,
Case1252,Struct0626,NORTHRIDGE,ground_motion/northbridge.txt,0.02,g,1,1.2298,1.1808,0.8429,0.0551,0.0399,3.488,5,0.9934,1.0297,0.907,0.9304,1.1253,0.929,0.9052,0.9154,1.0621,0.8851,219902997.6,208943634.9,167314290,154467799.2,166067272.8,4387852.8,3954782.59,3675074.69,3887795.81,2926353.02,210725,5-story shear model,pending,,,,,,
Case1253,Struct0627,EI,ground_motion/ei3.txt,0.02,g,1,0.9923,0.7865,0.9018,0.0683,0.0259,3.12,5,1.0602,0.9499,0.9798,0.9671,1.0873,1.0806,1.0046,1.0131,0.8535,0.8929,189366562.8,155526652.1,145838331,129553199.6,129471334.8,3399567.6,2923436.23,2709130.71,2080961.03,1966344.38,225450,5-story shear model,pending,,,,,,
Case1254,Struct0627,NORTHRIDGE,ground_motion/northbridge.txt,0.02,g,1,0.9923,0.7865,0.9018,0.0683,0.0259,3.12,5,1.0602,0.9499,0.9798,0.9671,1.0873,1.0806,1.0046,1.0131,0.8535,0.8929,189366562.8,155526652.1,145838331,129553199.6,129471334.8,3399567.6,2923436.23,2709130.71,2080961.03,1966344.38,225450,5-story shear model,pending,,,,,,
Case1255,Struct0628,EI,ground_motion/ei3.txt,0.02,g,1,1.0435,0.7842,1.0411,0.0429,0.0414,3.139,5,1.0936,1.1284,1.0419,0.9622,0.9823,0.949,1.1082,0.8743,1.0995,1.0811,205410888,194285091,163083397.5,135547519.5,123003606,2976823.2,3215486.63,2331128.6,2672906.49,2373836.14,260275,5-story shear model,pending,,,,,,
Case1256,Struct0628,NORTHRIDGE,ground_motion/northbridge.txt,0.02,g,1,1.0435,0.7842,1.0411,0.0429,0.0414,3.139,5,1.0936,1.1284,1.0419,0.9622,0.9823,0.949,1.1082,0.8743,1.0995,1.0811,205410888,194285091,163083397.5,135547519.5,123003606,2976823.2,3215486.63,2331128.6,2672906.49,2373836.14,260275,5-story shear model,pending,,,,,,
Case1257,Struct0629,EI,ground_motion/ei3.txt,0.02,g,1,0.909,0.7543,0.802,0.0528,0.0435,3.348,5,1.0994,1.0029,0.8652,0.9095,0.9452,1.1224,0.9621,1.0376,0.9264,0.9277,179883828,150419956.5,117970020,111609292.5,103102416,3386505.28,2685134.51,2661049.71,2166228.91,1959339.51,200500,5-story shear model,pending,,,,,,
Case1258,Struct0629,NORTHRIDGE,ground_motion/northbridge.txt,0.02,g,1,0.909,0.7543,0.802,0.0528,0.0435,3.348,5,1.0994,1.0029,0.8652,0.9095,0.9452,1.1224,0.9621,1.0376,0.9264,0.9277,179883828,150419956.5,117970020,111609292.5,103102416,3386505.28,2685134.51,2661049.71,2166228.91,1959339.51,200500,5-story shear model,pending,,,,,,
Case1259,Struct0630,EI,ground_motion/ei3.txt,0.02,g,1,1.1904,0.8744,1.0237,0.0487,0.0282,3.332,5,1.1102,0.9505,0.8511,1.1311,0.9446,1.0868,1.0663,1.0735,1.0226,0.941,237884774.4,186693408,151972416,181772294.4,134934220.8,3801191.68,3449779.06,3191472.56,2771900.46,2303869.12,255925,5-story shear model,pending,,,,,,
Case1260,Struct0630,NORTHRIDGE,ground_motion/northbridge.txt,0.02,g,1,1.1904,0.8744,1.0237,0.0487,0.0282,3.332,5,1.1102,0.9505,0.8511,1.1311,0.9446,1.0868,1.0663,1.0735,1.0226,0.941,237884774.4,186693408,151972416,181772294.4,134934220.8,3801191.68,3449779.06,3191472.56,2771900.46,2303869.12,255925,5-story shear model,pending,,,,,,
Case1261,Struct0631,EI,ground_motion/ei3.txt,0.02,g,1,1.2341,0.7544,0.8385,0.0433,0.032,3.348,5,1.0023,1.0611,1.1447,1.1014,1.0301,1.1483,1.0118,0.8528,0.9125,0.8934,222648917.4,216068079.2,211901140.5,183497094.9,152549569.2,3465110.08,2824217.1,2187397.89,2134009,1887146.69,209625,5-story shear model,pending,,,,,,
Case1262,Struct0631,NORTHRIDGE,ground_motion/northbridge.txt,0.02,g,1,1.2341,0.7544,0.8385,0.0433,0.032,3.348,5,1.0023,1.0611,1.1447,1.1014,1.0301,1.1483,1.0118,0.8528,0.9125,0.8934,222648917.4,216068079.2,211901140.5,183497094.9,152549569.2,3465110.08,2824217.1,2187397.89,2134009,1887146.69,209625,5-story shear model,pending,,,,,,
Case1263,Struct0632,EI,ground_motion/ei3.txt,0.02,g,1,1.166,1.0401,0.9055,0.0346,0.0375,3.412,5,1.0933,1.0039,1.0279,1.1404,0.8801,0.9205,1.0489,0.9069,1.1388,1.052,229461804,193140321,179779710,179510364,123143592,3829648.2,4036555.29,3207106.75,3671844.23,3063718.56,226375,5-story shear model,pending,,,,,,
Case1264,Struct0632,NORTHRIDGE,ground_motion/northbridge.txt,0.02,g,1,1.166,1.0401,0.9055,0.0346,0.0375,3.412,5,1.0933,1.0039,1.0279,1.1404,0.8801,0.9205,1.0489,0.9069,1.1388,1.052,229461804,193140321,179779710,179510364,123143592,3829648.2,4036555.29,3207106.75,3671844.23,3063718.56,226375,5-story shear model,pending,,,,,,
Case1265,Struct0633,EI,ground_motion/ei3.txt,0.02,g,1,1.1721,1.1529,0.9506,0.0457,0.0151,3.558,5,1.0285,0.923,1.0589,1.017,0.9873,1.065,0.9048,0.9998,0.9446,0.8683,216990873,178504969.5,186170503.5,160923469.5,138865719.6,4911354,3859632.5,3919076.03,3375990.95,2802976.6,237650,5-story shear model,pending,,,,,,
Case1266,Struct0633,NORTHRIDGE,ground_motion/northbridge.txt,0.02,g,1,1.1721,1.1529,0.9506,0.0457,0.0151,3.558,5,1.0285,0.923,1.0589,1.017,0.9873,1.065,0.9048,0.9998,0.9446,0.8683,216990873,178504969.5,186170503.5,160923469.5,138865719.6,4911354,3859632.5,3919076.03,3375990.95,2802976.6,237650,5-story shear model,pending,,,,,,
Case1267,Struct0634,EI,ground_motion/ei3.txt,0.02,g,1,1.0852,0.9761,0.8264,0.0484,0.0195,3.019,5,1.1014,0.9995,1.0391,1.0818,1.0416,1.133,0.9296,1.0557,0.9053,1.0347,215143070.4,178968471,169144698,158485863.6,135641318.4,4423685.2,3357315.47,3503593.82,2739356.32,2827917.88,206600,5-story shear model,pending,,,,,,
Case1268,Struct0634,NORTHRIDGE,ground_motion/northbridge.txt,0.02,g,1,1.0852,0.9761,0.8264,0.0484,0.0195,3.019,5,1.1014,0.9995,1.0391,1.0818,1.0416,1.133,0.9296,1.0557,0.9053,1.0347,215143070.4,178968471,169144698,158485863.6,135641318.4,4423685.2,3357315.47,3503593.82,2739356.32,2827917.88,206600,5-story shear model,pending,,,,,,
Case1269,Struct0635,EI,ground_motion/ei3.txt,0.02,g,1,1.1418,0.999,0.8743,0.0427,0.0222,3.148,5,1.1312,0.8653,0.926,1.0925,0.8798,0.9516,1.0132,0.893,0.9935,0.8683,232488748.8,163019924.1,158596020,168401227.5,120546676.8,3802593.6,3745091.16,3033163.8,3076770.15,2428808.76,218575,5-story shear model,pending,,,,,,
Case1270,Struct0635,NORTHRIDGE,ground_motion/northbridge.txt,0.02,g,1,1.1418,0.999,0.8743,0.0427,0.0222,3.148,5,1.1312,0.8653,0.926,1.0925,0.8798,0.9516,1.0132,0.893,0.9935,0.8683,232488748.8,163019924.1,158596020,168401227.5,120546676.8,3802593.6,3745091.16,3033163.8,3076770.15,2428808.76,218575,5-story shear model,pending,,,,,,
Case1271,Struct0636,EI,ground_motion/ei3.txt,0.02,g,1,1.1858,1.0808,0.889,0.0495,0.0197,3.543,5,0.9152,1.0879,1.0064,0.9614,0.9469,1.025,1.1489,1.0095,0.9983,0.8881,195343948.8,212855250.3,179008368,153903796.2,134740082.4,4431280,4594405.14,3709629.84,3344784.18,2687603.74,222250,5-story shear model,pending,,,,,,
Case1272,Struct0636,NORTHRIDGE,ground_motion/northbridge.txt,0.02,g,1,1.1858,1.0808,0.889,0.0495,0.0197,3.543,5,0.9152,1.0879,1.0064,0.9614,0.9469,1.025,1.1489,1.0095,0.9983,0.8881,195343948.8,212855250.3,179008368,153903796.2,134740082.4,4431280,4594405.14,3709629.84,3344784.18,2687603.74,222250,5-story shear model,pending,,,,,,
Case1273,Struct0637,EI,ground_motion/ei3.txt,0.02,g,1,1.1759,0.9273,1.0073,0.0567,0.0365,3.006,5,1.051,1.147,0.9733,0.9532,0.8608,1.1031,1.0796,1.0491,0.9074,1.1144,222456762,222544954.5,171675520.5,151317163.8,121465766.4,4091618.52,3704118.4,3307623.46,2608439.26,2893472.74,251825,5-story shear model,pending,,,,,,
Case1274,Struct0637,NORTHRIDGE,ground_motion/northbridge.txt,0.02,g,1,1.1759,0.9273,1.0073,0.0567,0.0365,3.006,5,1.051,1.147,0.9733,0.9532,0.8608,1.1031,1.0796,1.0491,0.9074,1.1144,222456762,222544954.5,171675520.5,151317163.8,121465766.4,4091618.52,3704118.4,3307623.46,2608439.26,2893472.74,251825,5-story shear model,pending,,,,,,
Case1275,Struct0638,EI,ground_motion/ei3.txt,0.02,g,1,0.9554,0.9119,1.1939,0.0215,0.0322,3.159,5,0.9363,1.1085,1.0313,1.0451,1.1052,0.9059,1.0391,0.9381,0.8847,1.0234,161017383.6,174745048.5,147795603,134795952.9,126708969.6,3304360.84,3505954.57,2908541.53,2500949.58,2613067.69,298475,5-story shear model,pending,,,,,,
Case1276,Struct0638,NORTHRIDGE,ground_motion/northbridge.txt,0.02,g,1,0.9554,0.9119,1.1939,0.0215,0.0322,3.159,5,0.9363,1.1085,1.0313,1.0451,1.1052,0.9059,1.0391,0.9381,0.8847,1.0234,161017383.6,174745048.5,147795603,134795952.9,126708969.6,3304360.84,3505954.57,2908541.53,2500949.58,2613067.69,298475,5-story shear model,pending,,,,,,
Case1277,Struct0639,EI,ground_motion/ei3.txt,0.02,g,1,1.184,0.9222,1.1261,0.0479,0.0482,3.482,5,1.0497,1.1316,1.1186,0.8888,1.055,1.0658,1.0639,0.9297,0.8895,1.1411,223712064,221069376,198663360,142065792,149894400,3931523.04,3630175.75,2915055.76,2542920.39,2946502.78,281525,5-story shear model,pending,,,,,,
Case1278,Struct0639,NORTHRIDGE,ground_motion/northbridge.txt,0.02,g,1,1.184,0.9222,1.1261,0.0479,0.0482,3.482,5,1.0497,1.1316,1.1186,0.8888,1.055,1.0658,1.0639,0.9297,0.8895,1.1411,223712064,221069376,198663360,142065792,149894400,3931523.04,3630175.75,2915055.76,2542920.39,2946502.78,281525,5-story shear model,pending,,,,,,
Case1279,Struct0640,EI,ground_motion/ei3.txt,0.02,g,1,1.0124,1.1876,1.1022,0.0235,0.0396,3.432,5,0.8948,1.1283,1.1432,0.9104,1.0171,1.0929,0.906,1.1033,0.9903,0.9674,163061193.6,188478001.8,173606352,124428009.6,123565444.8,5191712.16,3981072.72,4454948.87,3645848.87,3216875.87,275550,5-story shear model,pending,,,,,,
Case1280,Struct0640,NORTHRIDGE,ground_motion/northbridge.txt,0.02,g,1,1.0124,1.1876,1.1022,0.0235,0.0396,3.432,5,0.8948,1.1283,1.1432,0.9104,1.0171,1.0929,0.906,1.1033,0.9903,0.9674,163061193.6,188478001.8,173606352,124428009.6,123565444.8,5191712.16,3981072.72,4454948.87,3645848.87,3216875.87,275550,5-story shear model,pending,,,,,,
Case1281,Struct0641,EI,ground_motion/ei3.txt,0.02,g,1,0.885,1.02,0.9121,0.0546,0.0191,3.568,5,0.9705,0.9975,0.9277,1.0557,0.9268,0.8715,0.8914,1.0228,0.8634,1.128,154600650,145659937.5,123152175,126129757.5,98426160,3555720,3364143.6,3547070.4,2730070.8,3221568,228025,5-story shear model,pending,,,,,,
Case1282,Struct0641,NORTHRIDGE,ground_motion/northbridge.txt,0.02,g,1,0.885,1.02,0.9121,0.0546,0.0191,3.568,5,0.9705,0.9975,0.9277,1.0557,0.9268,0.8715,0.8914,1.0228,0.8634,1.128,154600650,145659937.5,123152175,126129757.5,98426160,3555720,3364143.6,3547070.4,2730070.8,3221568,228025,5-story shear model,pending,,,,,,
Case1283,Struct0642,EI,ground_motion/ei3.txt,0.02,g,1,1.1118,1.1009,0.829,0.0621,0.0377,3.296,5,1.0192,1.0511,1.0058,1.0182,0.9019,1.1218,1.0422,0.8906,0.9288,0.9672,203966380.8,192821141.7,167737266,152824692.6,120327890.4,4939958.48,4245224.53,3333569.24,3169799.35,2981413.34,207250,5-story shear model,pending,,,,,,
Case1284,Struct0642,NORTHRIDGE,ground_motion/northbridge.txt,0.02,g,1,1.1118,1.1009,0.829,0.0621,0.0377,3.296,5,1.0192,1.0511,1.0058,1.0182,0.9019,1.1218,1.0422,0.8906,0.9288,0.9672,203966380.8,192821141.7,167737266,152824692.6,120327890.4,4939958.48,4245224.53,3333569.24,3169799.35,2981413.34,207250,5-story shear model,pending,,,,,,
Case1285,Struct0643,EI,ground_motion/ei3.txt,0.02,g,1,0.9658,0.8139,1.1177,0.0375,0.0203,3.373,5,0.9737,1.1202,1.0115,0.9082,0.9559,1.1242,0.9827,0.9006,1.1208,0.903,169271902.8,178511711.4,146536005,118413840.6,110784986.4,3659945.52,2959332.26,2492194.36,2827879.27,2057864.76,279425,5-story shear model,pending,,,,,,
Case1286,Struct0643,NORTHRIDGE,ground_motion/northbridge.txt,0.02,g,1,0.9658,0.8139,1.1177,0.0375,0.0203,3.373,5,0.9737,1.1202,1.0115,0.9082,0.9559,1.1242,0.9827,0.9006,1.1208,0.903,169271902.8,178511711.4,146536005,118413840.6,110784986.4,3659945.52,2959332.26,2492194.36,2827879.27,2057864.76,279425,5-story shear model,pending,,,,,,
Case1287,Struct0644,EI,ground_motion/ei3.txt,0.02,g,1,0.7903,1.0029,1.0223,0.0322,0.0112,3.497,5,0.9106,1.1234,1.1351,1.0223,0.8552,1.1158,0.9608,0.8545,0.9573,0.8804,129536492.4,146490798.3,134560429.5,109069698.2,81103747.2,4476143.28,3565269.38,2913725.37,2976236.13,2472268.85,255575,5-story shear model,pending,,,,,,
Case1288,Struct0644,NORTHRIDGE,ground_motion/northbridge.txt,0.02,g,1,0.7903,1.0029,1.0223,0.0322,0.0112,3.497,5,0.9106,1.1234,1.1351,1.0223,0.8552,1.1158,0.9608,0.8545,0.9573,0.8804,129536492.4,146490798.3,134560429.5,109069698.2,81103747.2,4476143.28,3565269.38,2913725.37,2976236.13,2472268.85,255575,5-story shear model,pending,,,,,,
Case1289,Struct0645,EI,ground_motion/ei3.txt,0.02,g,1,1.2292,1.0822,1.1599,0.0264,0.0233,3.203,5,1.0115,1.1045,1.0639,1.0184,1.1238,1.1403,1.1134,1.071,1.0009,0.9763,223800444,224012481,196161882,168995332.8,165764995.2,4936130.64,4458209.48,3940723.08,3357839.34,2958345.21,289975,5-story shear model,pending,,,,,,
Case1290,Struct0645,NORTHRIDGE,ground_motion/northbridge.txt,0.02,g,1,1.2292,1.0822,1.1599,0.0264,0.0233,3.203,5,1.0115,1.1045,1.0639,1.0184,1.1238,1.1403,1.1134,1.071,1.0009,0.9763,223800444,224012481,196161882,168995332.8,165764995.2,4936130.64,4458209.48,3940723.08,3357839.34,2958345.21,289975,5-story shear model,pending,,,,,,
Case1291,Struct0646,EI,ground_motion/ei3.txt,0.02,g,1,0.8053,1.215,0.9342,0.0593,0.0125,3.576,5,1.1436,1.0558,0.8606,1.0194,0.9403,1.1424,1.0859,1.0315,0.9576,1.049,165769394.4,140288897.1,103956177,110824580.7,90866830.8,5552064,4881663.45,4261126.5,3606800.4,3568698,233550,5-story shear model,pending,,,,,,
Case1292,Struct0646,NORTHRIDGE,ground_motion/northbridge.txt,0.02,g,1,0.8053,1.215,0.9342,0.0593,0.0125,3.576,5,1.1436,1.0558,0.8606,1.0194,0.9403,1.1424,1.0859,1.0315,0.9576,1.049,165769394.4,140288897.1,103956177,110824580.7,90866830.8,5552064,4881663.45,4261126.5,3606800.4,3568698,233550,5-story shear model,pending,,,,,,
Case1293,Struct0647,EI,ground_motion/ei3.txt,0.02,g,1,1.1146,0.7986,1.0954,0.0663,0.0445,3.147,5,1.0632,0.9098,1.0605,1.1295,1.1196,1.0591,0.8739,1.0474,0.9237,1.0638,213307689.6,167320408.2,177304995,169956994.5,149748739.2,3383189.04,2582217.2,2843942.38,2286767.14,2378741.9,273850,5-story shear model,pending,,,,,,
Case1294,Struct0647,NORTHRIDGE,ground_motion/northbridge.txt,0.02,g,1,1.1146,0.7986,1.0954,0.0663,0.0445,3.147,5,1.0632,0.9098,1.0605,1.1295,1.1196,1.0591,0.8739,1.0474,0.9237,1.0638,213307689.6,167320408.2,177304995,169956994.5,149748739.2,3383189.04,2582217.2,2843942.38,2286767.14,2378741.9,273850,5-story shear model,pending,,,,,,
Case1295,Struct0648,EI,ground_motion/ei3.txt,0.02,g,1,0.7832,0.7975,1.0866,0.024,0.0123,3.154,5,1.1277,1.0986,0.9198,1.1003,1.0182,1.1431,0.8588,0.9463,0.9296,1.1335,158978635.2,141969880.8,108058104,116336919.6,95694508.8,3646489,2534104.1,2565892.45,2298203.6,2531105.5,271650,5-story shear model,pending,,,,,,
Case1296,Struct0648,NORTHRIDGE,ground_motion/northbridge.txt,0.02,g,1,0.7832,0.7975,1.0866,0.024,0.0123,3.154,5,1.1277,1.0986,0.9198,1.1003,1.0182,1.1431,0.8588,0.9463,0.9296,1.1335,158978635.2,141969880.8,108058104,116336919.6,95694508.8,3646489,2534104.1,2565892.45,2298203.6,2531105.5,271650,5-story shear model,pending,,,,,,
Case1297,Struct0649,EI,ground_motion/ei3.txt,0.02,g,1,0.8864,0.9547,1.1588,0.0686,0.0261,3.115,5,1.143,1.005,0.9531,0.9122,0.9152,1.013,1.0255,1.0169,1.0659,0.927,182367936,146987280,126724176,109157500.8,97347993.6,3868444.4,3622465.95,3300837.06,3154605.66,2478019.32,289700,5-story shear model,pending,,,,,,
Case1298,Struct0649,NORTHRIDGE,ground_motion/northbridge.txt,0.02,g,1,0.8864,0.9547,1.1588,0.0686,0.0261,3.115,5,1.143,1.005,0.9531,0.9122,0.9152,1.013,1.0255,1.0169,1.0659,0.927,182367936,146987280,126724176,109157500.8,97347993.6,3868444.4,3622465.95,3300837.06,3154605.66,2478019.32,289700,5-story shear model,pending,,,,,,
Case1299,Struct0650,EI,ground_motion/ei3.txt,0.02,g,1,0.8048,1.2314,1.1747,0.0659,0.0216,3.332,5,1.0243,1.069,0.8937,1.11,1.0577,0.8514,1.0849,1.1323,1.0642,0.9859,148384195.2,141954648,107887464,120599280,102148435.2,4193655.84,4942999.68,4740668.35,4062413.23,3399304.33,293675,5-story shear model,pending,,,,,,
Case1300,Struct0650,NORTHRIDGE,ground_motion/northbridge.txt,0.02,g,1,0.8048,1.2314,1.1747,0.0659,0.0216,3.332,5,1.0243,1.069,0.8937,1.11,1.0577,0.8514,1.0849,1.1323,1.0642,0.9859,148384195.2,141954648,107887464,120599280,102148435.2,4193655.84,4942999.68,4740668.35,4062413.23,3399304.33,293675,5-story shear model,pending,,,,,,
Case1301,Struct0651,EI,ground_motion/ei3.txt,0.02,g,1,1.1089,0.9199,1.1376,0.0301,0.0214,3.397,5,1.0821,1.1456,0.9536,0.9406,0.9249,0.8767,0.9785,1.0241,0.952,1.045,215989324.2,209608713.6,158617056,140809230.9,123074593.2,3225905.32,3330451.96,3203036.61,2714808.88,2691627.4,284400,5-story shear model,pending,,,,,,
Case1302,Struct0651,NORTHRIDGE,ground_motion/northbridge.txt,0.02,g,1,1.1089,0.9199,1.1376,0.0301,0.0214,3.397,5,1.0821,1.1456,0.9536,0.9406,0.9249,0.8767,0.9785,1.0241,0.952,1.045,215989324.2,209608713.6,158617056,140809230.9,123074593.2,3225905.32,3330451.96,3203036.61,2714808.88,2691627.4,284400,5-story shear model,pending,,,,,,
Case1303,Struct0652,EI,ground_motion/ei3.txt,0.02,g,1,1.1579,0.9141,0.9322,0.0334,0.0416,3.462,5,0.9465,1.0644,0.9773,1.128,0.8845,1.0779,1.1141,1.0277,0.9595,1.0513,197271423,203357345.4,169742350.5,176325012,122899506,3941233.56,3768075.6,3194029.94,2718944.75,2690781.32,233050,5-story shear model,pending,,,,,,
Case1304,Struct0652,NORTHRIDGE,ground_motion/northbridge.txt,0.02,g,1,1.1579,0.9141,0.9322,0.0334,0.0416,3.462,5,0.9465,1.0644,0.9773,1.128,0.8845,1.0779,1.1141,1.0277,0.9595,1.0513,197271423,203357345.4,169742350.5,176325012,122899506,3941233.56,3768075.6,3194029.94,2718944.75,2690781.32,233050,5-story shear model,pending,,,,,,
Case1305,Struct0653,EI,ground_motion/ei3.txt,0.02,g,1,1.1638,1.0438,0.9204,0.0617,0.0393,3.215,5,1.1222,1.1061,1.0896,1.0853,1.0125,1.0613,0.9855,1.063,0.9948,0.9821,235082944.8,212401064.7,190211472,170514738.9,141401700,4431139.76,3806060.13,3772501.96,3218953.94,2870324.74,230100,5-story shear model,pending,,,,,,
Case1306,Struct0653,NORTHRIDGE,ground_motion/northbridge.txt,0.02,g,1,1.1638,1.0438,0.9204,0.0617,0.0393,3.215,5,1.1222,1.1061,1.0896,1.0853,1.0125,1.0613,0.9855,1.063,0.9948,0.9821,235082944.8,212401064.7,190211472,170514738.9,141401700,4431139.76,3806060.13,3772501.96,3218953.94,2870324.74,230100,5-story shear model,pending,,,,,,
Case1307,Struct0654,EI,ground_motion/ei3.txt,0.02,g,1,0.8759,0.8988,0.9538,0.0669,0.0239,3.208,5,1.109,1.0402,1.1402,1.0621,1.0641,0.9135,0.9721,0.9692,1.1369,1.1181,174847158,150333344.7,149805177,125589607.7,111845422.8,3284215.2,3232776.88,2961797.66,3167721.73,2813855.18,238450,5-story shear model,pending,,,,,,
Case1308,Struct0654,NORTHRIDGE,ground_motion/northbridge.txt,0.02,g,1,0.8759,0.8988,0.9538,0.0669,0.0239,3.208,5,1.109,1.0402,1.1402,1.0621,1.0641,0.9135,0.9721,0.9692,1.1369,1.1181,174847158,150333344.7,149805177,125589607.7,111845422.8,3284215.2,3232776.88,2961797.66,3167721.73,2813855.18,238450,5-story shear model,pending,,,,,,
Case1309,Struct0655,EI,ground_motion/ei3.txt,0.02,g,1,1.1753,0.8975,1.1032,0.0305,0.0106,3.207,5,0.9811,1.11,0.9186,0.9135,1.1433,0.9549,0.8992,0.9418,0.9468,1.1406,207555629.4,215256195,161944587,144940934.3,161246458.8,3428091,2986018.4,2873902.7,2634234.3,2866327.8,275800,5-story shear model,pending,,,,,,
Case1310,Struct0655,NORTHRIDGE,ground_motion/northbridge.txt,0.02,g,1,1.1753,0.8975,1.1032,0.0305,0.0106,3.207,5,0.9811,1.11,0.9186,0.9135,1.1433,0.9549,0.8992,0.9418,0.9468,1.1406,207555629.4,215256195,161944587,144940934.3,161246458.8,3428091,2986018.4,2873902.7,2634234.3,2866327.8,275800,5-story shear model,pending,,,,,,
Case1311,Struct0656,EI,ground_motion/ei3.txt,0.02,g,1,0.754,0.8105,0.8389,0.0261,0.0344,3.189,5,1.01,1.0378,1.015,0.9225,0.9322,1.0879,1.0426,0.994,0.8925,1.0309,137077200,129112698,114796500,93901275,84345456,3526971.8,3126601.01,2739165.8,2242450.88,2339524.46,209725,5-story shear model,pending,,,,,,
Case1312,Struct0656,NORTHRIDGE,ground_motion/northbridge.txt,0.02,g,1,0.754,0.8105,0.8389,0.0261,0.0344,3.189,5,1.01,1.0378,1.015,0.9225,0.9322,1.0879,1.0426,0.994,0.8925,1.0309,137077200,129112698,114796500,93901275,84345456,3526971.8,3126601.01,2739165.8,2242450.88,2339524.46,209725,5-story shear model,pending,,,,,,
Case1313,Struct0657,EI,ground_motion/ei3.txt,0.02,g,1,1.0197,1.0234,0.8556,0.0572,0.0169,3.533,5,1.0492,0.8949,1.1194,0.8833,0.8687,1.0561,1.1141,1.0316,0.8747,1.0784,192576463.2,150567372.5,171217827,121594636.4,106297606.8,4323250.96,4218628.78,3589514.1,2775020.74,3090176.77,213900,5-story shear model,pending,,,,,,
Case1314,Struct0657,NORTHRIDGE,ground_motion/northbridge.txt,0.02,g,1,1.0197,1.0234,0.8556,0.0572,0.0169,3.533,5,1.0492,0.8949,1.1194,0.8833,0.8687,1.0561,1.1141,1.0316,0.8747,1.0784,192576463.2,150567372.5,171217827,121594636.4,106297606.8,4323250.96,4218628.78,3589514.1,2775020.74,3090176.77,213900,5-story shear model,pending,,,,,,
Case1315,Struct0658,EI,ground_motion/ei3.txt,0.02,g,1,0.9704,1.2445,1.1846,0.0469,0.0218,3.214,5,1.0039,1.1416,0.9144,1.1006,0.8885,0.872,1.1142,0.9598,1.1153,1.0297,175353220.8,182788425.6,133100064,144183002.4,103464048,4340816,5130501.03,4061201.74,4302771.63,3588092.62,296150,5-story shear model,pending,,,,,,
Case1316,Struct0658,NORTHRIDGE,ground_motion/northbridge.txt,0.02,g,1,0.9704,1.2445,1.1846,0.0469,0.0218,3.214,5,1.0039,1.1416,0.9144,1.1006,0.8885,0.872,1.1142,0.9598,1.1153,1.0297,175353220.8,182788425.6,133100064,144183002.4,103464048,4340816,5130501.03,4061201.74,4302771.63,3588092.62,296150,5-story shear model,pending,,,,,,
Case1317,Struct0659,EI,ground_motion/ei3.txt,0.02,g,1,0.8692,0.9202,0.9461,0.0241,0.0486,3.34,5,1.0417,1.0547,1.1442,1.0249,1.0779,0.9058,1.0612,1.1416,0.8975,1.0096,162980215.2,151262964.6,149180796,120263815.8,112429281.6,3334068.64,3613110.09,3571701.09,2560226.45,2601294.98,236525,5-story shear model,pending,,,,,,
Case1318,Struct0659,NORTHRIDGE,ground_motion/northbridge.txt,0.02,g,1,0.8692,0.9202,0.9461,0.0241,0.0486,3.34,5,1.0417,1.0547,1.1442,1.0249,1.0779,0.9058,1.0612,1.1416,0.8975,1.0096,162980215.2,151262964.6,149180796,120263815.8,112429281.6,3334068.64,3613110.09,3571701.09,2560226.45,2601294.98,236525,5-story shear model,pending,,,,,,
Case1319,Struct0660,EI,ground_motion/ei3.txt,0.02,g,1,1.2257,1.1601,1.0539,0.0662,0.012,3.101,5,0.9077,1.069,1.0787,1.1182,0.9864,1.0542,0.9792,1.0722,0.9786,1.0325,200262220.2,216195094.5,198324388.5,185027994.9,145083657.6,4891909.68,4203088.7,4229121.35,3519348.97,3353849.1,263475,5-story shear model,pending,,,,,,
Case1320,Struct0660,NORTHRIDGE,ground_motion/northbridge.txt,0.02,g,1,1.2257,1.1601,1.0539,0.0662,0.012,3.101,5,0.9077,1.069,1.0787,1.1182,0.9864,1.0542,0.9792,1.0722,0.9786,1.0325,200262220.2,216195094.5,198324388.5,185027994.9,145083657.6,4891909.68,4203088.7,4229121.35,3519348.97,3353849.1,263475,5-story shear model,pending,,,,,,
Case1321,Struct0661,EI,ground_motion/ei3.txt,0.02,g,1,0.8733,0.8524,0.8887,0.0235,0.0499,3.155,5,1.0894,1.1498,0.9692,1.137,0.9493,0.9556,0.9357,0.865,0.9968,1.0861,171247143.6,165679856.1,126960354,134047183.5,99482842.8,3258213.76,2951085.52,2506908.4,2633984.19,2592216.59,222175,5-story shear model,pending,,,,,,
Case1322,Struct0661,NORTHRIDGE,ground_motion/northbridge.txt,0.02,g,1,0.8733,0.8524,0.8887,0.0235,0.0499,3.155,5,1.0894,1.1498,0.9692,1.137,0.9493,0.9556,0.9357,0.865,0.9968,1.0861,171247143.6,165679856.1,126960354,134047183.5,99482842.8,3258213.76,2951085.52,2506908.4,2633984.19,2592216.59,222175,5-story shear model,pending,,,,,,
Case1323,Struct0662,EI,ground_motion/ei3.txt,0.02,g,1,0.8041,1.1449,1.1812,0.049,0.0453,3.075,5,0.8864,1.0661,1.1275,0.8778,0.9912,1.0803,0.919,1.1378,1.0342,0.9194,128295763.2,141446416.7,135993412.5,95288262.3,95642870.4,4947341.88,3893003.47,4429068.55,3670572.3,2947338.97,295300,5-story shear model,pending,,,,,,
Case1324,Struct0662,NORTHRIDGE,ground_motion/northbridge.txt,0.02,g,1,0.8041,1.1449,1.1812,0.049,0.0453,3.075,5,0.8864,1.0661,1.1275,0.8778,0.9912,1.0803,0.919,1.1378,1.0342,0.9194,128295763.2,141446416.7,135993412.5,95288262.3,95642870.4,4947341.88,3893003.47,4429068.55,3670572.3,2947338.97,295300,5-story shear model,pending,,,,,,
Case1325,Struct0663,EI,ground_motion/ei3.txt,0.02,g,1,0.9584,0.7624,1.0833,0.0274,0.0378,3.242,5,1.0285,1.0791,1.1493,1.1462,1.043,0.9112,1.0986,1.1227,1.0296,1.0186,177428592,170644557.6,165223368,148299940.8,119953344,2778795.52,3099018.77,2910218.03,2433397.82,2174425.79,270825,5-story shear model,pending,,,,,,
Case1326,Struct0663,NORTHRIDGE,ground_motion/northbridge.txt,0.02,g,1,0.9584,0.7624,1.0833,0.0274,0.0378,3.242,5,1.0285,1.0791,1.1493,1.1462,1.043,0.9112,1.0986,1.1227,1.0296,1.0186,177428592,170644557.6,165223368,148299940.8,119953344,2778795.52,3099018.77,2910218.03,2433397.82,2174425.79,270825,5-story shear model,pending,,,,,,
Case1327,Struct0664,EI,ground_motion/ei3.txt,0.02,g,1,1.2403,0.8148,1.0736,0.024,0.0403,3.061,5,1.1204,1.0963,1.106,0.955,0.9792,1.0409,0.869,1.1273,1.0346,0.9568,250133781.6,224357246.9,205765770,159905677.5,145740211.2,3392501.28,2619826.44,3122981.74,2613275.45,2182881.79,268400,5-story shear model,pending,,,,,,
Case1328,Struct0664,NORTHRIDGE,ground_motion/northbridge.txt,0.02,g,1,1.2403,0.8148,1.0736,0.024,0.0403,3.061,5,1.1204,1.0963,1.106,0.955,0.9792,1.0409,0.869,1.1273,1.0346,0.9568,250133781.6,224357246.9,205765770,159905677.5,145740211.2,3392501.28,2619826.44,3122981.74,2613275.45,2182881.79,268400,5-story shear model,pending,,,,,,
Case1329,Struct0665,EI,ground_motion/ei3.txt,0.02,g,1,0.8785,1.0414,0.8997,0.0522,0.0209,3.508,5,0.9328,1.0999,1.1116,1.0606,1.0111,0.9316,1.0737,0.984,0.8926,0.8537,147503664,159433254.8,146481090,125784508.5,106590162,3880672.96,4137159.37,3484107.84,2881616.28,2489320.9,224925,5-story shear model,pending,,,,,,
Case1330,Struct0665,NORTHRIDGE,ground_motion/northbridge.txt,0.02,g,1,0.8785,1.0414,0.8997,0.0522,0.0209,3.508,5,0.9328,1.0999,1.1116,1.0606,1.0111,0.9316,1.0737,0.984,0.8926,0.8537,147503664,159433254.8,146481090,125784508.5,106590162,3880672.96,4137159.37,3484107.84,2881616.28,2489320.9,224925,5-story shear model,pending,,,,,,
Case1331,Struct0666,EI,ground_motion/ei3.txt,0.02,g,1,0.9643,1.1103,0.9053,0.0499,0.0237,3.506,5,0.8794,1.0967,0.9317,1.0931,1.0818,0.8754,1.0691,0.9439,1.0517,0.9942,152640975.6,174495388.7,134765746.5,142300304.6,125181568.8,3887826.48,4391980.4,3563241.38,3619877.78,3090808.73,226325,5-story shear model,pending,,,,,,
Case1332,Struct0666,NORTHRIDGE,ground_motion/northbridge.txt,0.02,g,1,0.9643,1.1103,0.9053,0.0499,0.0237,3.506,5,0.8794,1.0967,0.9317,1.0931,1.0818,0.8754,1.0691,0.9439,1.0517,0.9942,152640975.6,174495388.7,134765746.5,142300304.6,125181568.8,3887826.48,4391980.4,3563241.38,3619877.78,3090808.73,226325,5-story shear model,pending,,,,,,
Case1333,Struct0667,EI,ground_motion/ei3.txt,0.02,g,1,1.0403,0.7973,1.0768,0.0642,0.0361,3.35,5,0.9687,1.0354,1.1199,0.8986,0.9592,1.0296,0.921,0.9174,1.0574,1.131,181392949.8,177725892.3,174754795.5,126199833.3,119742691.2,3283600.32,2716959.21,2486906.27,2613501.56,2524889.64,269200,5-story shear model,pending,,,,,,
Case1334,Struct0667,NORTHRIDGE,ground_motion/northbridge.txt,0.02,g,1,1.0403,0.7973,1.0768,0.0642,0.0361,3.35,5,0.9687,1.0354,1.1199,0.8986,0.9592,1.0296,0.921,0.9174,1.0574,1.131,181392949.8,177725892.3,174754795.5,126199833.3,119742691.2,3283600.32,2716959.21,2486906.27,2613501.56,2524889.64,269200,5-story shear model,pending,,,,,,
Case1335,Struct0668,EI,ground_motion/ei3.txt,0.02,g,1,0.8415,1.1122,1.1798,0.0517,0.0423,3.044,5,1.1097,1.0232,0.9579,0.9877,1.027,0.9425,0.9529,0.9312,0.9246,0.971,168086259,142068762,120910927.5,112205189.3,103706460,4192994,3921316.91,3521314.18,3187854.37,3023849.36,294950,5-story shear model,pending,,,,,,
Case1336,Struct0668,NORTHRIDGE,ground_motion/northbridge.txt,0.02,g,1,0.8415,1.1122,1.1798,0.0517,0.0423,3.044,5,1.1097,1.0232,0.9579,0.9877,1.027,0.9425,0.9529,0.9312,0.9246,0.971,168086259,142068762,120910927.5,112205189.3,103706460,4192994,3921316.91,3521314.18,3187854.37,3023849.36,294950,5-story shear model,pending,,,,,,
Case1337,Struct0669,EI,ground_motion/ei3.txt,0.02,g,1,0.9323,1.0516,0.8787,0.0586,0.0298,3.117,5,1.0432,0.8936,0.884,0.9681,0.8539,1.043,1.1079,0.9757,1.092,0.9763,175063564.8,137462041.2,123622980,121845550.1,95530916.4,4387275.2,4310750.27,3488556.81,3559876.32,2874695.82,219675,5-story shear model,pending,,,,,,
Case1338,Struct0669,NORTHRIDGE,ground_motion/northbridge.txt,0.02,g,1,0.9323,1.0516,0.8787,0.0586,0.0298,3.117,5,1.0432,0.8936,0.884,0.9681,0.8539,1.043,1.1079,0.9757,1.092,0.9763,175063564.8,137462041.2,123622980,121845550.1,95530916.4,4387275.2,4310750.27,3488556.81,3559876.32,2874695.82,219675,5-story shear model,pending,,,,,,
Case1339,Struct0670,EI,ground_motion/ei3.txt,0.02,g,1,0.7832,1.1846,0.8057,0.028,0.0372,3.012,5,1.0721,0.9996,0.9041,0.977,0.9703,1.0007,1.1128,0.9175,1.1283,1.0693,151140369.6,129176308.8,106213668,103300164,91192675.2,4741716.88,4877424.66,3695359.7,4143410.96,3546739.78,201425,5-story shear model,pending,,,,,,
Case1340,Struct0670,NORTHRIDGE,ground_motion/northbridge.txt,0.02,g,1,0.7832,1.1846,0.8057,0.028,0.0372,3.012,5,1.0721,0.9996,0.9041,0.977,0.9703,1.0007,1.1128,0.9175,1.1283,1.0693,151140369.6,129176308.8,106213668,103300164,91192675.2,4741716.88,4877424.66,3695359.7,4143410.96,3546739.78,201425,5-story shear model,pending,,,,,,
Case1341,Struct0671,EI,ground_motion/ei3.txt,0.02,g,1,0.7727,1.0849,0.9109,0.0593,0.0397,3.171,5,1.0769,1.1239,1.1006,0.8931,0.8551,0.9607,0.9044,1.0235,1.1021,1.1257,149781713.4,143292192.5,127565043,93163279.95,79288292.4,4169053.72,3630379.17,3775343.51,3706571.7,3419561.4,227725,5-story shear model,pending,,,,,,
Case1342,Struct0671,NORTHRIDGE,ground_motion/northbridge.txt,0.02,g,1,0.7727,1.0849,0.9109,0.0593,0.0397,3.171,5,1.0769,1.1239,1.1006,0.8931,0.8551,0.9607,0.9044,1.0235,1.1021,1.1257,149781713.4,143292192.5,127565043,93163279.95,79288292.4,4169053.72,3630379.17,3775343.51,3706571.7,3419561.4,227725,5-story shear model,pending,,,,,,
Case1343,Struct0672,EI,ground_motion/ei3.txt,0.02,g,1,0.8003,1.065,0.8136,0.0254,0.0388,3.548,5,0.8569,1.026,1.1112,1.0294,1.0334,1.1141,0.92,1.1495,1.0367,0.8925,123439872.6,135482787,133394004,111216890.7,99243602.4,4746066,3625260,4162339.5,3422665.05,2661435,203400,5-story shear model,pending,,,,,,
Case1344,Struct0672,NORTHRIDGE,ground_motion/northbridge.txt,0.02,g,1,0.8003,1.065,0.8136,0.0254,0.0388,3.548,5,0.8569,1.026,1.1112,1.0294,1.0334,1.1141,0.92,1.1495,1.0367,0.8925,123439872.6,135482787,133394004,111216890.7,99243602.4,4746066,3625260,4162339.5,3422665.05,2661435,203400,5-story shear model,pending,,,,,,
Case1345,Struct0673,EI,ground_motion/ei3.txt,0.02,g,1,1.2211,1.2174,1.0807,0.0617,0.0296,3.337,5,0.8601,0.9419,1.0778,1.1267,1.0076,0.9404,1.115,0.8769,1.1013,0.943,189048259.8,189775424.9,197415237,185734805,147645643.2,4579371.84,5022383.7,3629629.4,4156240.12,3214422.96,270175,5-story shear model,pending,,,,,,
Case1346,Struct0673,NORTHRIDGE,ground_motion/northbridge.txt,0.02,g,1,1.2211,1.2174,1.0807,0.0617,0.0296,3.337,5,0.8601,0.9419,1.0778,1.1267,1.0076,0.9404,1.115,0.8769,1.1013,0.943,189048259.8,189775424.9,197415237,185734805,147645643.2,4579371.84,5022383.7,3629629.4,4156240.12,3214422.96,270175,5-story shear model,pending,,,,,,
Case1347,Struct0674,EI,ground_motion/ei3.txt,0.02,g,1,0.8825,0.8969,1.0532,0.0611,0.0372,3.569,5,1.1133,0.8809,0.9277,0.9565,1.0521,1.1435,1.0107,0.9968,0.979,1.0317,176847705,128270051.3,122804287.5,113955018.8,111417390,4102420.6,3354038.27,3039701.73,2722001.81,2590928.84,263300,5-story shear model,pending,,,,,,
Case1348,Struct0674,NORTHRIDGE,ground_motion/northbridge.txt,0.02,g,1,0.8825,0.8969,1.0532,0.0611,0.0372,3.569,5,1.1133,0.8809,0.9277,0.9565,1.0521,1.1435,1.0107,0.9968,0.979,1.0317,176847705,128270051.3,122804287.5,113955018.8,111417390,4102420.6,3354038.27,3039701.73,2722001.81,2590928.84,263300,5-story shear model,pending,,,,,,
Case1349,Struct0675,EI,ground_motion/ei3.txt,0.02,g,1,0.9603,1.1387,0.9625,0.0359,0.0452,3.32,5,1.0142,1.1134,1.0031,0.9648,1.0763,1.0693,1.0217,0.8856,1.1162,0.9524,175308526.8,176417673.3,144491539.5,125077154.4,124028506.8,4870447.64,4304616.22,3428671.25,3940152.51,3036594.06,240625,5-story shear model,pending,,,,,,
Case1350,Struct0675,NORTHRIDGE,ground_motion/northbridge.txt,0.02,g,1,0.9603,1.1387,0.9625,0.0359,0.0452,3.32,5,1.0142,1.1134,1.0031,0.9648,1.0763,1.0693,1.0217,0.8856,1.1162,0.9524,175308526.8,176417673.3,144491539.5,125077154.4,124028506.8,4870447.64,4304616.22,3428671.25,3940152.51,3036594.06,240625,5-story shear model,pending,,,,,,
Case1351,Struct0676,EI,ground_motion/ei3.txt,0.02,g,1,0.9118,0.8796,0.9414,0.0705,0.0444,3.435,5,1.1422,1.0863,1.0038,1.1378,0.9928,1.1445,1.0189,1.1342,1.1381,1.0792,187462432.8,163430576.1,137289726,140055215.4,108628204.8,4026808.8,3316030.43,3391983.89,3103325.56,2657940.1,235350,5-story shear model,pending,,,,,,
Case1352,Struct0676,NORTHRIDGE,ground_motion/northbridge.txt,0.02,g,1,0.9118,0.8796,0.9414,0.0705,0.0444,3.435,5,1.1422,1.0863,1.0038,1.1378,0.9928,1.1445,1.0189,1.1342,1.1381,1.0792,187462432.8,163430576.1,137289726,140055215.4,108628204.8,4026808.8,3316030.43,3391983.89,3103325.56,2657940.1,235350,5-story shear model,pending,,,,,,
Case1353,Struct0677,EI,ground_motion/ei3.txt,0.02,g,1,0.7676,0.806,0.9579,0.0431,0.0263,3.319,5,1.0388,0.9583,0.8681,0.8954,0.9492,0.9055,1.1371,0.872,0.9477,1.1174,143528918.4,121372528.2,99953034,92786720.4,87432710.4,2919332,3391059.62,2389628.8,2367923.22,2521748.32,239475,5-story shear model,pending,,,,,,
Case1354,Struct0677,NORTHRIDGE,ground_motion/northbridge.txt,0.02,g,1,0.7676,0.806,0.9579,0.0431,0.0263,3.319,5,1.0388,0.9583,0.8681,0.8954,0.9492,0.9055,1.1371,0.872,0.9477,1.1174,143528918.4,121372528.2,99953034,92786720.4,87432710.4,2919332,3391059.62,2389628.8,2367923.22,2521748.32,239475,5-story shear model,pending,,,,,,
Case1355,Struct0678,EI,ground_motion/ei3.txt,0.02,g,1,1.0855,1.1395,1.1325,0.0256,0.0353,3.297,5,0.9935,1.112,1.0488,0.9104,0.9578,0.9295,0.8924,1.0365,1.0852,1.0458,194119965,199167540,170770860,133412292,124763028,4236661,3762492.26,4015711.95,3833414.74,3336729.48,283125,5-story shear model,pending,,,,,,
Case1356,Struct0678,NORTHRIDGE,ground_motion/northbridge.txt,0.02,g,1,1.0855,1.1395,1.1325,0.0256,0.0353,3.297,5,0.9935,1.112,1.0488,0.9104,0.9578,0.9295,0.8924,1.0365,1.0852,1.0458,194119965,199167540,170770860,133412292,124763028,4236661,3762492.26,4015711.95,3833414.74,3336729.48,283125,5-story shear model,pending,,,,,,
Case1357,Struct0679,EI,ground_motion/ei3.txt,0.02,g,1,0.8936,1.0989,1.0685,0.0495,0.0458,3.386,5,0.8919,1.0311,1.0126,0.8683,1.0202,0.9717,1.03,1.0366,0.9264,0.903,143460331.2,152029508.4,135728904,104748238.8,109398086.4,4271204.52,4187907.9,3873007.12,3155864.98,2778458.76,267125,5-story shear model,pending,,,,,,
Case1358,Struct0679,NORTHRIDGE,ground_motion/northbridge.txt,0.02,g,1,0.8936,1.0989,1.0685,0.0495,0.0458,3.386,5,0.8919,1.0311,1.0126,0.8683,1.0202,0.9717,1.03,1.0366,0.9264,0.903,143460331.2,152029508.4,135728904,104748238.8,109398086.4,4271204.52,4187907.9,3873007.12,3155864.98,2778458.76,267125,5-story shear model,pending,,,,,,
Case1359,Struct0680,EI,ground_motion/ei3.txt,0.02,g,1,0.915,1.1008,1.0313,0.0568,0.0223,3.275,5,0.9141,0.9106,0.8592,0.9874,0.9474,0.9895,0.8519,1.1139,1.1267,1.0792,150552270,137477835,117925200,121968585,104024520,4356966.4,3469754.62,4169015.81,3844841.22,3326353.41,257825,5-story shear model,pending,,,,,,
Case1360,Struct0680,NORTHRIDGE,ground_motion/northbridge.txt,0.02,g,1,0.915,1.1008,1.0313,0.0568,0.0223,3.275,5,0.9141,0.9106,0.8592,0.9874,0.9474,0.9895,0.8519,1.1139,1.1267,1.0792,150552270,137477835,117925200,121968585,104024520,4356966.4,3469754.62,4169015.81,3844841.22,3326353.41,257825,5-story shear model,pending,,,,,,
Case1361,Struct0681,EI,ground_motion/ei3.txt,0.02,g,1,1.0142,1.2475,1.0429,0.0797,0.025,3.558,5,1.0393,0.9791,1.1364,1.0742,0.8929,1.1442,1.0529,1.084,0.8996,1.0015,189730450.8,163845531.3,172880532,147076241.4,108669501.6,5709558,4859923.17,4597786,3478978.1,3498239.5,260725,5-story shear model,pending,,,,,,
Case1362,Struct0681,NORTHRIDGE,ground_motion/northbridge.txt,0.02,g,1,1.0142,1.2475,1.0429,0.0797,0.025,3.558,5,1.0393,0.9791,1.1364,1.0742,0.8929,1.1442,1.0529,1.084,0.8996,1.0015,189730450.8,163845531.3,172880532,147076241.4,108669501.6,5709558,4859923.17,4597786,3478978.1,3498239.5,260725,5-story shear model,pending,,,,,,
Case1363,Struct0682,EI,ground_motion/ei3.txt,0.02,g,1,1.0862,0.8496,0.9791,0.035,0.0491,3.12,5,1.1044,0.9824,1.0787,1.1255,0.9914,1.0716,0.9342,1.0212,0.9786,1.0371,215927870.4,176068675.2,175752591,165039943.5,129223041.6,3641725.44,2936676.38,2949879.17,2577397.54,2467136.45,244775,5-story shear model,pending,,,,,,
Case1364,Struct0682,NORTHRIDGE,ground_motion/northbridge.txt,0.02,g,1,1.0862,0.8496,0.9791,0.035,0.0491,3.12,5,1.1044,0.9824,1.0787,1.1255,0.9914,1.0716,0.9342,1.0212,0.9786,1.0371,215927870.4,176068675.2,175752591,165039943.5,129223041.6,3641725.44,2936676.38,2949879.17,2577397.54,2467136.45,244775,5-story shear model,pending,,,,,,
Case1365,Struct0683,EI,ground_motion/ei3.txt,0.02,g,1,0.7702,1.0554,0.8436,0.0384,0.0274,3.198,5,1.1122,0.9217,1.0681,1.0372,1.021,0.9084,1.0735,1.1128,1.0186,0.8871,154190959.2,117132401.1,123397593,107844944.4,94364904,3834901.44,4191996.03,3993127.01,3332594.36,2621486.95,210900,5-story shear model,pending,,,,,,
Case1366,Struct0683,NORTHRIDGE,ground_motion/northbridge.txt,0.02,g,1,0.7702,1.0554,0.8436,0.0384,0.0274,3.198,5,1.1122,0.9217,1.0681,1.0372,1.021,0.9084,1.0735,1.1128,1.0186,0.8871,154190959.2,117132401.1,123397593,107844944.4,94364904,3834901.44,4191996.03,3993127.01,3332594.36,2621486.95,210900,5-story shear model,pending,,,,,,
Case1367,Struct0684,EI,ground_motion/ei3.txt,0.02,g,1,1.0588,0.896,0.8418,0.0508,0.0214,3.598,5,0.9487,1.0113,1.1327,1.0104,1.0187,1.1,0.9653,1.1404,1.0969,1.1142,180807040.8,176676132.6,179895414,144424555.2,129431947.2,3942400,3200162.56,3474114.56,3046749.44,2795304.96,210450,5-story shear model,pending,,,,,,
Case1368,Struct0684,NORTHRIDGE,ground_motion/northbridge.txt,0.02,g,1,1.0588,0.896,0.8418,0.0508,0.0214,3.598,5,0.9487,1.0113,1.1327,1.0104,1.0187,1.1,0.9653,1.1404,1.0969,1.1142,180807040.8,176676132.6,179895414,144424555.2,129431947.2,3942400,3200162.56,3474114.56,3046749.44,2795304.96,210450,5-story shear model,pending,,,,,,
Case1369,Struct0685,EI,ground_motion/ei3.txt,0.02,g,1,1.1066,0.7902,1.0631,0.0417,0.0378,3.033,5,1.1283,1.0311,1.0376,1.004,1.1279,0.9713,0.9568,0.9307,0.876,0.9817,224743820.4,188267517.9,172231224,149988564,149776096.8,3070085.04,2797434.43,2500493.08,2145867.12,2172070.15,265775,5-story shear model,pending,,,,,,
Case1370,Struct0685,NORTHRIDGE,ground_motion/northbridge.txt,0.02,g,1,1.1066,0.7902,1.0631,0.0417,0.0378,3.033,5,1.1283,1.0311,1.0376,1.004,1.1279,0.9713,0.9568,0.9307,0.876,0.9817,224743820.4,188267517.9,172231224,149988564,149776096.8,3070085.04,2797434.43,2500493.08,2145867.12,2172070.15,265775,5-story shear model,pending,,,,,,
Case1371,Struct0686,EI,ground_motion/ei3.txt,0.02,g,1,0.8479,0.9274,0.9632,0.0704,0.0282,3.403,5,1.015,1.0832,1.1173,0.8777,1.1441,1.122,1.1213,1.0501,1.0057,1.0725,154911330,151543471.2,142103800.5,100467247.1,116409886.8,4162171.2,3847606.39,3311133.32,2891327.16,2784982.2,240800,5-story shear model,pending,,,,,,
Case1372,Struct0686,NORTHRIDGE,ground_motion/northbridge.txt,0.02,g,1,0.8479,0.9274,0.9632,0.0704,0.0282,3.403,5,1.015,1.0832,1.1173,0.8777,1.1441,1.122,1.1213,1.0501,1.0057,1.0725,154911330,151543471.2,142103800.5,100467247.1,116409886.8,4162171.2,3847606.39,3311133.32,2891327.16,2784982.2,240800,5-story shear model,pending,,,,,,
Case1373,Struct0687,EI,ground_motion/ei3.txt,0.02,g,1,0.7585,1.1819,0.9916,0.072,0.0341,3.074,5,0.9742,1.1216,0.9556,1.1334,0.9537,1.0851,1.0959,1.0088,1.0642,0.9183,133007526,140371044,108723390,116057326.5,86805774,5129918.76,4792403.58,4053822.45,3899111.74,3038948.56,247900,5-story shear model,pending,,,,,,
Case1374,Struct0687,NORTHRIDGE,ground_motion/northbridge.txt,0.02,g,1,0.7585,1.1819,0.9916,0.072,0.0341,3.074,5,0.9742,1.1216,0.9556,1.1334,0.9537,1.0851,1.0959,1.0088,1.0642,0.9183,133007526,140371044,108723390,116057326.5,86805774,5129918.76,4792403.58,4053822.45,3899111.74,3038948.56,247900,5-story shear model,pending,,,,,,
Case1375,Struct0688,EI,ground_motion/ei3.txt,0.02,g,1,1.1697,1.0454,0.9604,0.0591,0.0343,3.01,5,1.1209,1.0459,1.0066,0.8777,0.8633,1.1046,1.0048,1.0118,1.0904,1.0187,236001011.4,201859223,176613003,138597168.2,121176241.2,4618995.36,3886546.3,3596301.45,3533702.9,2981857.14,240100,5-story shear model,pending,,,,,,
Case1376,Struct0688,NORTHRIDGE,ground_motion/northbridge.txt,0.02,g,1,1.1697,1.0454,0.9604,0.0591,0.0343,3.01,5,1.1209,1.0459,1.0066,0.8777,0.8633,1.1046,1.0048,1.0118,1.0904,1.0187,236001011.4,201859223,176613003,138597168.2,121176241.2,4618995.36,3886546.3,3596301.45,3533702.9,2981857.14,240100,5-story shear model,pending,,,,,,
Case1377,Struct0689,EI,ground_motion/ei3.txt,0.02,g,1,0.8663,0.9088,1.0361,0.0496,0.0138,3.519,5,1.1334,1.0904,0.8632,1.0122,1.0758,0.8694,0.9948,1.0848,1.0189,0.8663,176735595.6,155861230.8,112168524,118377296.1,111835864.8,3160442.88,3345074.69,3351945.22,2870526.59,2204421.63,259025,5-story shear model,pending,,,,,,
Case1378,Struct0689,NORTHRIDGE,ground_motion/northbridge.txt,0.02,g,1,0.8663,0.9088,1.0361,0.0496,0.0138,3.519,5,1.1334,1.0904,0.8632,1.0122,1.0758,0.8694,0.9948,1.0848,1.0189,0.8663,176735595.6,155861230.8,112168524,118377296.1,111835864.8,3160442.88,3345074.69,3351945.22,2870526.59,2204421.63,259025,5-story shear model,pending,,,,,,
Case1379,Struct0690,EI,ground_motion/ei3.txt,0.02,g,1,1.2032,0.8315,0.9874,0.0463,0.0429,3.498,5,0.8949,1.0041,0.9076,0.9519,1.0813,1.1172,0.9618,1.0474,1.0975,0.9808,193813862.4,199341964.8,163803648,154619020.8,156122419.2,3715807.2,2959025.79,2961104.54,2828970.88,2283498.56,246850,5-story shear model,pending,,,,,,
Case1380,Struct0690,NORTHRIDGE,ground_motion/northbridge.txt,0.02,g,1,1.2032,0.8315,0.9874,0.0463,0.0429,3.498,5,0.8949,1.0041,0.9076,0.9519,1.0813,1.1172,0.9618,1.0474,1.0975,0.9808,193813862.4,199341964.8,163803648,154619020.8,156122419.2,3715807.2,2959025.79,2961104.54,2828970.88,2283498.56,246850,5-story shear model,pending,,,,,,
Case1381,Struct0691,EI,ground_motion/ei3.txt,0.02,g,1,1.0337,1.0907,0.8602,0.0707,0.0442,3.526,5,0.9364,1.1248,0.9374,0.8558,0.9057,1.1414,0.8653,0.8976,0.9734,0.9044,174232202.4,191846450.4,145348557,119426462.1,112346650.8,4979699.92,3491996.03,3328641.89,3291230.88,2762001.42,215050,5-story shear model,pending,,,,,,
Case1382,Struct0691,NORTHRIDGE,ground_motion/northbridge.txt,0.02,g,1,1.0337,1.0907,0.8602,0.0707,0.0442,3.526,5,0.9364,1.1248,0.9374,0.8558,0.9057,1.1414,0.8653,0.8976,0.9734,0.9044,174232202.4,191846450.4,145348557,119426462.1,112346650.8,4979699.92,3491996.03,3328641.89,3291230.88,2762001.42,215050,5-story shear model,pending,,,,,,
Case1383,Struct0692,EI,ground_motion/ei3.txt,0.02,g,1,0.9561,0.8857,1.1924,0.0579,0.0321,3.27,5,1.1392,0.8858,0.8523,1.0235,0.8682,0.9058,1.0519,1.1194,0.8976,1.1079,196054041.6,139740707.7,122232604.5,132106727.3,99610322.4,3209068.24,3447170.97,3370938.77,2464513.39,2747547.68,298100,5-story shear model,pending,,,,,,
Case1384,Struct0692,NORTHRIDGE,ground_motion/northbridge.txt,0.02,g,1,0.9561,0.8857,1.1924,0.0579,0.0321,3.27,5,1.1392,0.8858,0.8523,1.0235,0.8682,0.9058,1.0519,1.1194,0.8976,1.1079,196054041.6,139740707.7,122232604.5,132106727.3,99610322.4,3209068.24,3447170.97,3370938.77,2464513.39,2747547.68,298100,5-story shear model,pending,,,,,,
Case1385,Struct0693,EI,ground_motion/ei3.txt,0.02,g,1,0.8559,0.8299,1.1191,0.0677,0.0405,3.274,5,0.8807,0.9479,0.8577,0.9058,1.0178,0.977,0.9894,0.8912,1.0578,0.9433,135682403.4,133865755.7,110115814.5,104662019.7,104536202.4,3243249.2,3038081.32,2514663.39,2721391.48,2191965.08,279775,5-story shear model,pending,,,,,,
Case1386,Struct0693,NORTHRIDGE,ground_motion/northbridge.txt,0.02,g,1,0.8559,0.8299,1.1191,0.0677,0.0405,3.274,5,0.8807,0.9479,0.8577,0.9058,1.0178,0.977,0.9894,0.8912,1.0578,0.9433,135682403.4,133865755.7,110115814.5,104662019.7,104536202.4,3243249.2,3038081.32,2514663.39,2721391.48,2191965.08,279775,5-story shear model,pending,,,,,,
Case1387,Struct0694,EI,ground_motion/ei3.txt,0.02,g,1,0.781,1.1285,1.1546,0.0698,0.0473,3.468,5,1.0433,1.0594,0.8928,0.9457,0.9374,0.9826,0.9055,0.9077,0.9442,0.8734,146667114,136519581,104591520,99709879.5,87853128,4435456.4,3780869.98,3482754.13,3303142.07,2759769.32,288650,5-story shear model,pending,,,,,,
Case1388,Struct0694,NORTHRIDGE,ground_motion/northbridge.txt,0.02,g,1,0.781,1.1285,1.1546,0.0698,0.0473,3.468,5,1.0433,1.0594,0.8928,0.9457,0.9374,0.9826,0.9055,0.9077,0.9442,0.8734,146667114,136519581,104591520,99709879.5,87853128,4435456.4,3780869.98,3482754.13,3303142.07,2759769.32,288650,5-story shear model,pending,,,,,,
Case1389,Struct0695,EI,ground_motion/ei3.txt,0.02,g,1,1.0001,1.1349,1.1776,0.0747,0.0473,3.032,5,0.9202,0.8507,1.083,0.8918,0.9173,0.9442,0.9222,0.9169,0.9552,0.9651,165652563.6,140379536.6,162466245,120405039.3,110087007.6,4286290.32,3872437.69,3538005.35,3360575.09,3066817.57,294400,5-story shear model,pending,,,,,,
Case1390,Struct0695,NORTHRIDGE,ground_motion/northbridge.txt,0.02,g,1,1.0001,1.1349,1.1776,0.0747,0.0473,3.032,5,0.9202,0.8507,1.083,0.8918,0.9173,0.9442,0.9222,0.9169,0.9552,0.9651,165652563.6,140379536.6,162466245,120405039.3,110087007.6,4286290.32,3872437.69,3538005.35,3360575.09,3066817.57,294400,5-story shear model,pending,,,,,,
Case1391,Struct0696,EI,ground_motion/ei3.txt,0.02,g,1,0.9098,0.8932,1.0139,0.0437,0.0282,3.458,5,1.0551,0.9629,0.8755,1.119,0.9763,0.9655,0.8796,1.1176,1.1222,0.9848,172787396.4,144547659.3,119479485,137438937,106588528.8,3449538.4,2906937.26,3394017.09,3107282.02,2462945.41,253475,5-story shear model,pending,,,,,,
Case1392,Struct0696,NORTHRIDGE,ground_motion/northbridge.txt,0.02,g,1,0.9098,0.8932,1.0139,0.0437,0.0282,3.458,5,1.0551,0.9629,0.8755,1.119,0.9763,0.9655,0.8796,1.1176,1.1222,0.9848,172787396.4,144547659.3,119479485,137438937,106588528.8,3449538.4,2906937.26,3394017.09,3107282.02,2462945.41,253475,5-story shear model,pending,,,,,,
Case1393,Struct0697,EI,ground_motion/ei3.txt,0.02,g,1,1.081,1.0628,0.9478,0.0211,0.0381,3.421,5,1.1017,1.1417,1.0194,1.0272,1.0609,0.992,1.0681,1.0023,0.8796,1.1247,214368786,203639320.5,165295710,149904432,137619948,4217190.4,4200153.72,3621831.1,2898000.53,3346927.25,236950,5-story shear model,pending,,,,,,
Case1394,Struct0697,NORTHRIDGE,ground_motion/northbridge.txt,0.02,g,1,1.081,1.0628,0.9478,0.0211,0.0381,3.421,5,1.1017,1.1417,1.0194,1.0272,1.0609,0.992,1.0681,1.0023,0.8796,1.1247,214368786,203639320.5,165295710,149904432,137619948,4217190.4,4200153.72,3621831.1,2898000.53,3346927.25,236950,5-story shear model,pending,,,,,,
Case1395,Struct0698,EI,ground_motion/ei3.txt,0.02,g,1,1.1556,0.7552,1.1302,0.0317,0.0392,3.083,5,1.0761,0.951,0.8995,0.9274,1.0309,1.1173,0.9718,0.8778,1.1343,1.0099,223837408.8,181330974,155919330,144679964.4,142956964.8,3375139.84,2715442.43,2253909.5,2655532.42,2135494.14,282550,5-story shear model,pending,,,,,,
Case1396,Struct0698,NORTHRIDGE,ground_motion/northbridge.txt,0.02,g,1,1.1556,0.7552,1.1302,0.0317,0.0392,3.083,5,1.0761,0.951,0.8995,0.9274,1.0309,1.1173,0.9718,0.8778,1.1343,1.0099,223837408.8,181330974,155919330,144679964.4,142956964.8,3375139.84,2715442.43,2253909.5,2655532.42,2135494.14,282550,5-story shear model,pending,,,,,,
Case1397,Struct0699,EI,ground_motion/ei3.txt,0.02,g,1,0.7508,1.1443,1.1973,0.05,0.0458,3.483,5,0.9234,1.0381,1.0358,0.9878,1.0439,1.1352,0.9799,0.9648,1.15,1.131,124791969.6,128601904.2,116651796,100121432.4,94051214.4,5196037.44,4148808.41,3753670.18,4079429.5,3623769.24,299325,5-story shear model,pending,,,,,,
Case1398,Struct0699,NORTHRIDGE,ground_motion/northbridge.txt,0.02,g,1,0.7508,1.1443,1.1973,0.05,0.0458,3.483,5,0.9234,1.0381,1.0358,0.9878,1.0439,1.1352,0.9799,0.9648,1.15,1.131,124791969.6,128601904.2,116651796,100121432.4,94051214.4,5196037.44,4148808.41,3753670.18,4079429.5,3623769.24,299325,5-story shear model,pending,,,,,,
Case1399,Struct0700,EI,ground_motion/ei3.txt,0.02,g,1,1.0863,0.8576,0.9724,0.0557,0.0192,3.303,5,0.9856,1.0723,0.9689,1.1328,0.9992,1.1371,1.0693,0.9267,1.0786,0.9806,192718310.4,192198515.9,157877410.5,166125686.4,130251715.2,3900707.84,3393017.22,2702108.93,2867522.82,2354695.17,243100,5-story shear model,pending,,,,,,
Case1400,Struct0700,NORTHRIDGE,ground_motion/northbridge.txt,0.02,g,1,1.0863,0.8576,0.9724,0.0557,0.0192,3.303,5,0.9856,1.0723,0.9689,1.1328,0.9992,1.1371,1.0693,0.9267,1.0786,0.9806,192718310.4,192198515.9,157877410.5,166125686.4,130251715.2,3900707.84,3393017.22,2702108.93,2867522.82,2354695.17,243100,5-story shear model,pending,,,,,,
Case1401,Struct0701,EI,ground_motion/ei3.txt,0.02,g,1,0.8867,0.9001,0.8954,0.0297,0.0249,3.365,5,1.1085,1.0977,1.0293,1.0611,0.9556,0.8755,1.1168,1.1199,1.14,1.1391,176923251,160599547.4,136902046.5,127018445,101679662.4,3152150.2,3719357.22,3427274.77,3180953.4,2870850.95,223850,5-story shear model,pending,,,,,,
Case1402,Struct0701,NORTHRIDGE,ground_motion/northbridge.txt,0.02,g,1,0.8867,0.9001,0.8954,0.0297,0.0249,3.365,5,1.1085,1.0977,1.0293,1.0611,0.9556,0.8755,1.1168,1.1199,1.14,1.1391,176923251,160599547.4,136902046.5,127018445,101679662.4,3152150.2,3719357.22,3427274.77,3180953.4,2870850.95,223850,5-story shear model,pending,,,,,,
Case1403,Struct0702,EI,ground_motion/ei3.txt,0.02,g,1,1.2179,0.7533,0.9195,0.0323,0.0382,3.176,5,0.8861,1.0319,1.0404,0.874,1.0628,0.9509,1.1477,0.8574,1.0577,0.8945,194252614.2,207363916.7,190065474,143700021,155326094.4,2865251.88,3198880.92,2195990.03,2469972.77,1886715.18,229875,5-story shear model,pending,,,,,,
Case1404,Struct0702,NORTHRIDGE,ground_motion/northbridge.txt,0.02,g,1,1.2179,0.7533,0.9195,0.0323,0.0382,3.176,5,0.8861,1.0319,1.0404,0.874,1.0628,0.9509,1.1477,0.8574,1.0577,0.8945,194252614.2,207363916.7,190065474,143700021,155326094.4,2865251.88,3198880.92,2195990.03,2469972.77,1886715.18,229875,5-story shear model,pending,,,,,,
Case1405,Struct0703,EI,ground_motion/ei3.txt,0.02,g,1,0.9766,1.1933,1.1502,0.0202,0.0317,3.272,5,1.1235,1.0139,1.0902,1.1007,1.109,1.1343,1.0002,0.8742,0.8672,0.9508,197497818,163378832.1,159703398,145117388.7,129965928,5414240.76,4416093.04,3546821.72,3207972.26,3176850.99,287550,5-story shear model,pending,,,,,,
Case1406,Struct0703,NORTHRIDGE,ground_motion/northbridge.txt,0.02,g,1,0.9766,1.1933,1.1502,0.0202,0.0317,3.272,5,1.1235,1.0139,1.0902,1.1007,1.109,1.1343,1.0002,0.8742,0.8672,0.9508,197497818,163378832.1,159703398,145117388.7,129965928,5414240.76,4416093.04,3546821.72,3207972.26,3176850.99,287550,5-story shear model,pending,,,,,,
Case1407,Struct0704,EI,ground_motion/ei3.txt,0.02,g,1,0.787,1.0537,1.0463,0.0225,0.0411,3.506,5,0.9534,1.0877,0.8943,0.8633,1.1419,1.1251,1.089,0.9766,1.1344,1.0716,135058644,141243283.5,105572115,91721308.5,107841036,4742071.48,4245673.41,3498747.63,3705483.57,3161605.78,261575,5-story shear model,pending,,,,,,
Case1408,Struct0704,NORTHRIDGE,ground_motion/northbridge.txt,0.02,g,1,0.787,1.0537,1.0463,0.0225,0.0411,3.506,5,0.9534,1.0877,0.8943,0.8633,1.1419,1.1251,1.089,0.9766,1.1344,1.0716,135058644,141243283.5,105572115,91721308.5,107841036,4742071.48,4245673.41,3498747.63,3705483.57,3161605.78,261575,5-story shear model,pending,,,,,,
Case1409,Struct0705,EI,ground_motion/ei3.txt,0.02,g,1,0.8025,0.8356,0.9257,0.0436,0.0257,3.431,5,0.8786,0.8739,0.942,0.9802,1.0067,1.0264,0.9927,0.9342,1.1367,1.1135,126913770,115715283.8,113393250,106192417.5,96945210,3430639.36,3069150.44,2654099.57,2944462.21,2605233.68,231425,5-story shear model,pending,,,,,,
Case1410,Struct0705,NORTHRIDGE,ground_motion/northbridge.txt,0.02,g,1,0.8025,0.8356,0.9257,0.0436,0.0257,3.431,5,0.8786,0.8739,0.942,0.9802,1.0067,1.0264,0.9927,0.9342,1.1367,1.1135,126913770,115715283.8,113393250,106192417.5,96945210,3430639.36,3069150.44,2654099.57,2944462.21,2605233.68,231425,5-story shear model,pending,,,,,,
Case1411,Struct0706,EI,ground_motion/ei3.txt,0.02,g,1,0.951,0.776,0.9573,0.0255,0.0395,3.578,5,1.094,0.9589,0.9331,0.9375,1.0652,0.8772,0.9317,0.9158,0.9939,0.9549,187270920,150465793.5,133106715,120360937.5,121560624,2722828.8,2675097.04,2416246.72,2390925.84,2074806.72,239325,5-story shear model,pending,,,,,,
Case1412,Struct0706,NORTHRIDGE,ground_motion/northbridge.txt,0.02,g,1,0.951,0.776,0.9573,0.0255,0.0395,3.578,5,1.094,0.9589,0.9331,0.9375,1.0652,0.8772,0.9317,0.9158,0.9939,0.9549,187270920,150465793.5,133106715,120360937.5,121560624,2722828.8,2675097.04,2416246.72,2390925.84,2074806.72,239325,5-story shear model,pending,,,,,,
Case1413,Struct0707,EI,ground_motion/ei3.txt,0.02,g,1,1.1626,1.2386,0.9813,0.038,0.0311,3.026,5,1.0215,0.9734,1.073,1.0931,0.951,1.0302,0.9101,1.0691,0.8884,1.0816,213767262,186726348.6,187120470,171563138.1,132675912,5104022.88,4170824.48,4502236.68,3411153.94,3751075.33,245325,5-story shear model,pending,,,,,,
Case1414,Struct0707,NORTHRIDGE,ground_motion/northbridge.txt,0.02,g,1,1.1626,1.2386,0.9813,0.038,0.0311,3.026,5,1.0215,0.9734,1.073,1.0931,0.951,1.0302,0.9101,1.0691,0.8884,1.0816,213767262,186726348.6,187120470,171563138.1,132675912,5104022.88,4170824.48,4502236.68,3411153.94,3751075.33,245325,5-story shear model,pending,,,,,,
Case1415,Struct0708,EI,ground_motion/ei3.txt,0.02,g,1,0.9633,1.0608,1.0888,0.0649,0.0428,3.407,5,1.1243,0.9613,0.8915,0.8793,1.125,1.0281,0.9453,0.9634,0.8638,0.8593,194946874.2,152793347.9,128817292.5,114349008.2,130045500,4362433.92,3710264.69,3474714.05,2840589.02,2552327.23,272200,5-story shear model,pending,,,,,,
Case1416,Struct0708,NORTHRIDGE,ground_motion/northbridge.txt,0.02,g,1,0.9633,1.0608,1.0888,0.0649,0.0428,3.407,5,1.1243,0.9613,0.8915,0.8793,1.125,1.0281,0.9453,0.9634,0.8638,0.8593,194946874.2,152793347.9,128817292.5,114349008.2,130045500,4362433.92,3710264.69,3474714.05,2840589.02,2552327.23,272200,5-story shear model,pending,,,,,,
Case1417,Struct0709,EI,ground_motion/ei3.txt,0.02,g,1,0.7668,1.0783,1.0262,0.0698,0.049,3.466,5,0.9916,1.0839,0.8666,1.1221,1.0215,1.1484,1.1448,0.9221,1.0542,0.9701,136864598.4,137137195.8,99676332,116157547.8,93994344,4953278.88,4567420.01,3380621.46,3523905.97,2928964.72,256550,5-story shear model,pending,,,,,,
Case1418,Struct0709,NORTHRIDGE,ground_motion/northbridge.txt,0.02,g,1,0.7668,1.0783,1.0262,0.0698,0.049,3.466,5,0.9916,1.0839,0.8666,1.1221,1.0215,1.1484,1.1448,0.9221,1.0542,0.9701,136864598.4,137137195.8,99676332,116157547.8,93994344,4953278.88,4567420.01,3380621.46,3523905.97,2928964.72,256550,5-story shear model,pending,,,,,,
Case1419,Struct0710,EI,ground_motion/ei3.txt,0.02,g,1,1.1911,1.244,1.0095,0.0696,0.0189,3.307,5,1.025,0.981,1.1271,0.9383,1.1442,1.0614,0.8757,0.8677,1.1417,0.8741,219757950,192797401.5,201373321.5,150877232.6,163542794.4,5281526.4,4030671.96,3670023.92,4402851.88,3044665.12,252375,5-story shear model,pending,,,,,,
Case1420,Struct0710,NORTHRIDGE,ground_motion/northbridge.txt,0.02,g,1,1.1911,1.244,1.0095,0.0696,0.0189,3.307,5,1.025,0.981,1.1271,0.9383,1.1442,1.0614,0.8757,0.8677,1.1417,0.8741,219757950,192797401.5,201373321.5,150877232.6,163542794.4,5281526.4,4030671.96,3670023.92,4402851.88,3044665.12,252375,5-story shear model,pending,,,,,,
Case1421,Struct0711,EI,ground_motion/ei3.txt,0.02,g,1,1.0498,1.1867,0.9526,0.0391,0.0242,3.448,5,0.9229,1.1177,0.9512,1.1352,0.9958,1.0055,1.0768,1.0354,0.9269,0.9429,174394875.6,193604640.9,149785464,160883949.6,125446900.8,4772907.4,4728002.67,4177611.21,3409851.91,3133030.4,238150,5-story shear model,pending,,,,,,
Case1422,Struct0711,NORTHRIDGE,ground_motion/northbridge.txt,0.02,g,1,1.0498,1.1867,0.9526,0.0391,0.0242,3.448,5,0.9229,1.1177,0.9512,1.1352,0.9958,1.0055,1.0768,1.0354,0.9269,0.9429,174394875.6,193604640.9,149785464,160883949.6,125446900.8,4772907.4,4728002.67,4177611.21,3409851.91,3133030.4,238150,5-story shear model,pending,,,,,,
Case1423,Struct0712,EI,ground_motion/ei3.txt,0.02,g,1,1.062,0.7957,0.8921,0.0342,0.012,3.256,5,1.144,0.9913,1.029,1.0836,0.8652,0.9392,0.8784,1.0489,0.9387,1.0906,218687040,173705499,163919700,155355732,110261088,2989285.76,2586088.66,2837673.08,2315463.13,2429813.18,223025,5-story shear model,pending,,,,,,
Case1424,Struct0712,NORTHRIDGE,ground_motion/northbridge.txt,0.02,g,1,1.062,0.7957,0.8921,0.0342,0.012,3.256,5,1.144,0.9913,1.029,1.0836,0.8652,0.9392,0.8784,1.0489,0.9387,1.0906,218687040,173705499,163919700,155355732,110261088,2989285.76,2586088.66,2837673.08,2315463.13,2429813.18,223025,5-story shear model,pending,,,,,,
Case1425,Struct0713,EI,ground_motion/ei3.txt,0.02,g,1,1.1608,1.0786,1.0109,0.0259,0.0228,3.128,5,1.069,1.146,1.0947,0.967,0.9463,1.0216,0.8533,1.0826,0.9968,1.0109,223361136,219495672,190609164,151536636,131815804.8,4407591.04,3405366.71,3970154.02,3332960.29,3052998.87,252725,5-story shear model,pending,,,,,,
Case1426,Struct0713,NORTHRIDGE,ground_motion/northbridge.txt,0.02,g,1,1.1608,1.0786,1.0109,0.0259,0.0228,3.128,5,1.069,1.146,1.0947,0.967,0.9463,1.0216,0.8533,1.0826,0.9968,1.0109,223361136,219495672,190609164,151536636,131815804.8,4407591.04,3405366.71,3970154.02,3332960.29,3052998.87,252725,5-story shear model,pending,,,,,,
Case1427,Struct0714,EI,ground_motion/ei3.txt,0.02,g,1,1.0586,1.2117,1.1092,0.0398,0.044,3.197,5,1.0305,1.0627,1.1437,1.0461,1.0013,1.1031,1.0462,0.9405,0.8704,1.1198,196359714,185620746.3,181608123,149499197.1,127197141.6,5346505.08,4690418,3874653.09,3269457.41,3799212.65,277300,5-story shear model,pending,,,,,,
Case1428,Struct0714,NORTHRIDGE,ground_motion/northbridge.txt,0.02,g,1,1.0586,1.2117,1.1092,0.0398,0.044,3.197,5,1.0305,1.0627,1.1437,1.0461,1.0013,1.1031,1.0462,0.9405,0.8704,1.1198,196359714,185620746.3,181608123,149499197.1,127197141.6,5346505.08,4690418,3874653.09,3269457.41,3799212.65,277300,5-story shear model,pending,,,,,,
Case1429,Struct0715,EI,ground_motion/ei3.txt,0.02,g,1,0.8137,0.7513,1.0413,0.0339,0.0109,3.382,5,1.1203,0.9663,0.8597,1.073,0.9606,0.9803,1.1074,0.9084,0.865,1.0006,164085859.8,129735921.2,104930683.5,117868513.5,93796826.4,2945997.56,3078361.59,2320435.13,2014610.95,2104902.18,260325,5-story shear model,pending,,,,,,
Case1430,Struct0715,NORTHRIDGE,ground_motion/northbridge.txt,0.02,g,1,0.8137,0.7513,1.0413,0.0339,0.0109,3.382,5,1.1203,0.9663,0.8597,1.073,0.9606,0.9803,1.1074,0.9084,0.865,1.0006,164085859.8,129735921.2,104930683.5,117868513.5,93796826.4,2945997.56,3078361.59,2320435.13,2014610.95,2104902.18,260325,5-story shear model,pending,,,,,,
Case1431,Struct0716,EI,ground_motion/ei3.txt,0.02,g,1,1.1428,1.1513,0.8681,0.0561,0.0381,3.061,5,1.0742,0.9937,0.9543,1.0579,0.8653,1.0483,0.8977,1.0494,1.079,0.9844,220967236.8,187374059.4,163586106,163210696.2,118663780.8,4827631.16,3824031.44,4107792.35,3850983.37,3173351.22,217025,5-story shear model,pending,,,,,,
Case1432,Struct0716,NORTHRIDGE,ground_motion/northbridge.txt,0.02,g,1,1.1428,1.1513,0.8681,0.0561,0.0381,3.061,5,1.0742,0.9937,0.9543,1.0579,0.8653,1.0483,0.8977,1.0494,1.079,0.9844,220967236.8,187374059.4,163586106,163210696.2,118663780.8,4827631.16,3824031.44,4107792.35,3850983.37,3173351.22,217025,5-story shear model,pending,,,,,,
Case1433,Struct0717,EI,ground_motion/ei3.txt,0.02,g,1,0.9911,1.1778,1.1043,0.0436,0.0234,3.597,5,1.1359,1.1074,0.8985,1.0711,0.8601,1.029,1.1307,0.9756,1.0378,1.1188,202642288.2,181094783.1,133575502.5,143311573.4,102293413.2,4847824.8,4927432.3,3906809.71,3789194.6,3689623.39,276075,5-story shear model,pending,,,,,,
Case1434,Struct0717,NORTHRIDGE,ground_motion/northbridge.txt,0.02,g,1,0.9911,1.1778,1.1043,0.0436,0.0234,3.597,5,1.1359,1.1074,0.8985,1.0711,0.8601,1.029,1.1307,0.9756,1.0378,1.1188,202642288.2,181094783.1,133575502.5,143311573.4,102293413.2,4847824.8,4927432.3,3906809.71,3789194.6,3689623.39,276075,5-story shear model,pending,,,,,,
Case1435,Struct0718,EI,ground_motion/ei3.txt,0.02,g,1,0.789,0.9335,0.9422,0.0417,0.0401,3.31,5,0.9992,1.0267,0.8941,0.9153,1.0537,1.0113,1.0208,1.0735,1.0541,0.9243,141906384,133660939.5,105816735,97493179.5,99764316,3776194.2,3525792.16,3407181.65,3050407.29,2415935.34,235550,5-story shear model,pending,,,,,,
Case1436,Struct0718,NORTHRIDGE,ground_motion/northbridge.txt,0.02,g,1,0.789,0.9335,0.9422,0.0417,0.0401,3.31,5,0.9992,1.0267,0.8941,0.9153,1.0537,1.0113,1.0208,1.0735,1.0541,0.9243,141906384,133660939.5,105816735,97493179.5,99764316,3776194.2,3525792.16,3407181.65,3050407.29,2415935.34,235550,5-story shear model,pending,,,,,,
Case1437,Struct0719,EI,ground_motion/ei3.txt,0.02,g,1,1.1828,1.1198,0.8836,0.0622,0.0177,3.194,5,1.0801,0.9837,0.8753,0.9093,1.0957,1.0269,0.9207,0.9007,0.8988,1.148,229957610.4,191980859.4,155295726,145195205.4,155519275.2,4599690.48,3814699.48,3429253.12,3120076.34,3599485.12,220900,5-story shear model,pending,,,,,,
Case1438,Struct0719,NORTHRIDGE,ground_motion/northbridge.txt,0.02,g,1,1.1828,1.1198,0.8836,0.0622,0.0177,3.194,5,1.0801,0.9837,0.8753,0.9093,1.0957,1.0269,0.9207,0.9007,0.8988,1.148,229957610.4,191980859.4,155295726,145195205.4,155519275.2,4599690.48,3814699.48,3429253.12,3120076.34,3599485.12,220900,5-story shear model,pending,,,,,,
Case1439,Struct0720,EI,ground_motion/ei3.txt,0.02,g,1,0.9886,1.0084,0.8127,0.027,0.0484,3.199,5,0.9875,1.0626,0.8541,1.003,0.85,0.974,0.9793,1.0777,0.9842,0.8811,175723650,173330249.4,126654489,133861383,100837200,3928726.4,3653846.64,3694959.11,3076648.57,2487803.47,203175,5-story shear model,pending,,,,,,
Case1440,Struct0720,NORTHRIDGE,ground_motion/northbridge.txt,0.02,g,1,0.9886,1.0084,0.8127,0.027,0.0484,3.199,5,0.9875,1.0626,0.8541,1.003,0.85,0.974,0.9793,1.0777,0.9842,0.8811,175723650,173330249.4,126654489,133861383,100837200,3928726.4,3653846.64,3694959.11,3076648.57,2487803.47,203175,5-story shear model,pending,,,,,,
Case1441,Struct0721,EI,ground_motion/ei3.txt,0.02,g,1,0.7738,1.1571,0.8243,0.0516,0.0166,3.409,5,0.9697,0.918,1.0875,1.1135,1.1193,1.1151,1.1347,1.1421,1.0109,0.9008,135063694.8,117207486,126226125,116319550.5,103933720.8,5161128.84,4857957.07,4493181.29,3626108.41,2918483.9,206075,5-story shear model,pending,,,,,,
Case1442,Struct0721,NORTHRIDGE,ground_motion/northbridge.txt,0.02,g,1,0.7738,1.1571,0.8243,0.0516,0.0166,3.409,5,0.9697,0.918,1.0875,1.1135,1.1193,1.1151,1.1347,1.1421,1.0109,0.9008,135063694.8,117207486,126226125,116319550.5,103933720.8,5161128.84,4857957.07,4493181.29,3626108.41,2918483.9,206075,5-story shear model,pending,,,,,,
Case1443,Struct0722,EI,ground_motion/ei3.txt,0.02,g,1,0.7651,0.8996,1.1866,0.0349,0.0486,3.11,5,1.1146,1.091,0.8657,1.0411,1.0049,1.0026,0.8803,0.9031,1.145,1.0685,153500482.8,137729476.5,99352060.5,107533657.4,92261878.8,3607755.84,2930096.16,2762257.78,3193130.2,2691423.28,296650,5-story shear model,pending,,,,,,
Case1444,Struct0722,NORTHRIDGE,ground_motion/northbridge.txt,0.02,g,1,0.7651,0.8996,1.1866,0.0349,0.0486,3.11,5,1.1146,1.091,0.8657,1.0411,1.0049,1.0026,0.8803,0.9031,1.145,1.0685,153500482.8,137729476.5,99352060.5,107533657.4,92261878.8,3607755.84,2930096.16,2762257.78,3193130.2,2691423.28,296650,5-story shear model,pending,,,,,,
Case1445,Struct0723,EI,ground_motion/ei3.txt,0.02,g,1,0.856,0.9973,1.0921,0.0458,0.0391,3.281,5,0.8631,1.0706,0.991,0.9353,1.1317,0.8745,1.1308,1.0433,1.0878,1.094,132986448,151211544,127244400,108083268,116248224,3488555.4,4172663.31,3537642.51,3363075.11,3054929.36,273025,5-story shear model,pending,,,,,,
Case1446,Struct0723,NORTHRIDGE,ground_motion/northbridge.txt,0.02,g,1,0.856,0.9973,1.0921,0.0458,0.0391,3.281,5,0.8631,1.0706,0.991,0.9353,1.1317,0.8745,1.1308,1.0433,1.0878,1.094,132986448,151211544,127244400,108083268,116248224,3488555.4,4172663.31,3537642.51,3363075.11,3054929.36,273025,5-story shear model,pending,,,,,,
Case1447,Struct0724,EI,ground_motion/ei3.txt,0.02,g,1,0.7539,1.1039,1.0112,0.0587,0.0284,3.401,5,1.1028,1.0575,1.0312,1.0418,1.083,1.081,0.8779,0.8758,1.109,0.9002,149652165.6,131546126.3,116613252,106030757.7,97976844,4773263.6,3585721.1,3287105.11,3795097.81,2782446.18,252800,5-story shear model,pending,,,,,,
Case1448,Struct0724,NORTHRIDGE,ground_motion/northbridge.txt,0.02,g,1,0.7539,1.1039,1.0112,0.0587,0.0284,3.401,5,1.1028,1.0575,1.0312,1.0418,1.083,1.081,0.8779,0.8758,1.109,0.9002,149652165.6,131546126.3,116613252,106030757.7,97976844,4773263.6,3585721.1,3287105.11,3795097.81,2782446.18,252800,5-story shear model,pending,,,,,,
Case1449,Struct0725,EI,ground_motion/ei3.txt,0.02,g,1,0.8577,0.8069,0.9862,0.0549,0.0229,3.389,5,1.1297,1.1335,0.9581,1.1349,1.1182,0.8674,1.0121,0.8923,1.0992,1.0664,174409864.2,160413486.8,123264355.5,131409503.6,115089616.8,2799620.24,3021654.91,2447989.36,2749527.89,2409338.85,246550,5-story shear model,pending,,,,,,
Case1450,Struct0725,NORTHRIDGE,ground_motion/northbridge.txt,0.02,g,1,0.8577,0.8069,0.9862,0.0549,0.0229,3.389,5,1.1297,1.1335,0.9581,1.1349,1.1182,0.8674,1.0121,0.8923,1.0992,1.0664,174409864.2,160413486.8,123264355.5,131409503.6,115089616.8,2799620.24,3021654.91,2447989.36,2749527.89,2409338.85,246550,5-story shear model,pending,,,,,,
Case1451,Struct0726,EI,ground_motion/ei3.txt,0.02,g,1,0.8932,1.0161,0.8806,0.0613,0.0424,3.375,5,1.1411,1.0456,0.8899,0.9526,1.064,1.0263,0.9766,0.9948,1.1415,0.8595,183461493.6,154098436.8,119228802,114866413.2,114043776,4171293.72,3671596.06,3436775.35,3595622.26,2445346.26,220150,5-story shear model,pending,,,,,,
Case1452,Struct0726,NORTHRIDGE,ground_motion/northbridge.txt,0.02,g,1,0.8932,1.0161,0.8806,0.0613,0.0424,3.375,5,1.1411,1.0456,0.8899,0.9526,1.064,1.0263,0.9766,0.9948,1.1415,0.8595,183461493.6,154098436.8,119228802,114866413.2,114043776,4171293.72,3671596.06,3436775.35,3595622.26,2445346.26,220150,5-story shear model,pending,,,,,,
Case1453,Struct0727,EI,ground_motion/ei3.txt,0.02,g,1,1.1363,1.0489,1.1323,0.0301,0.021,3.23,5,1.0841,1.0911,0.9054,0.8907,0.9844,0.8758,1.078,0.8572,1.1421,1.0534,221735309.4,204569793.5,154320903,136633825.4,134228846.4,3674506.48,4183642.54,3056998.07,3713640.94,3093751.53,283075,5-story shear model,pending,,,,,,
Case1454,Struct0727,NORTHRIDGE,ground_motion/northbridge.txt,0.02,g,1,1.1363,1.0489,1.1323,0.0301,0.021,3.23,5,1.0841,1.0911,0.9054,0.8907,0.9844,0.8758,1.078,0.8572,1.1421,1.0534,221735309.4,204569793.5,154320903,136633825.4,134228846.4,3674506.48,4183642.54,3056998.07,3713640.94,3093751.53,283075,5-story shear model,pending,,,,,,
Case1455,Struct0728,EI,ground_motion/ei3.txt,0.02,g,1,1.2219,0.9941,1.1445,0.022,0.0148,3.308,5,1.0394,1.0513,1.1288,1.0734,1.0384,1.1119,0.9657,1.1025,0.872,1.0676,228607714.8,211956272.6,206892108,177064307.1,152258515.2,4421359.16,3552008.77,3726383.85,2687251.12,2971643.25,286125,5-story shear model,pending,,,,,,
Case1456,Struct0728,NORTHRIDGE,ground_motion/northbridge.txt,0.02,g,1,1.2219,0.9941,1.1445,0.022,0.0148,3.308,5,1.0394,1.0513,1.1288,1.0734,1.0384,1.1119,0.9657,1.1025,0.872,1.0676,228607714.8,211956272.6,206892108,177064307.1,152258515.2,4421359.16,3552008.77,3726383.85,2687251.12,2971643.25,286125,5-story shear model,pending,,,,,,
Case1457,Struct0729,EI,ground_motion/ei3.txt,0.02,g,1,0.7956,0.8942,0.9642,0.074,0.0499,3.202,5,0.9225,1.1138,0.9886,0.9737,0.955,0.8709,0.8987,1.0287,1.1211,0.9324,132109380,146212981.2,117979524,104581222.2,91175760,3115035.12,2973384.9,3127536.04,3107711.62,2334505.82,241050,5-story shear model,pending,,,,,,
Case1458,Struct0729,NORTHRIDGE,ground_motion/northbridge.txt,0.02,g,1,0.7956,0.8942,0.9642,0.074,0.0499,3.202,5,0.9225,1.1138,0.9886,0.9737,0.955,0.8709,0.8987,1.0287,1.1211,0.9324,132109380,146212981.2,117979524,104581222.2,91175760,3115035.12,2973384.9,3127536.04,3107711.62,2334505.82,241050,5-story shear model,pending,,,,,,
Case1459,Struct0730,EI,ground_motion/ei3.txt,0.02,g,1,0.8615,1.032,0.8063,0.0794,0.0485,3.045,5,0.898,1.0473,0.9926,1.0629,0.8659,1.0153,1.0671,0.9229,1.0321,1.0951,139252860,148871076.8,128268735,123617927.3,89516742,4191158.4,4074614.64,3238271.52,3301894.32,3164400.96,201575,5-story shear model,pending,,,,,,
Case1460,Struct0730,NORTHRIDGE,ground_motion/northbridge.txt,0.02,g,1,0.8615,1.032,0.8063,0.0794,0.0485,3.045,5,0.898,1.0473,0.9926,1.0629,0.8659,1.0153,1.0671,0.9229,1.0321,1.0951,139252860,148871076.8,128268735,123617927.3,89516742,4191158.4,4074614.64,3238271.52,3301894.32,3164400.96,201575,5-story shear model,pending,,,,,,
Case1461,Struct0731,EI,ground_motion/ei3.txt,0.02,g,1,0.8406,0.8011,1.0548,0.0509,0.031,3.197,5,1.1431,0.8915,0.9186,1.0444,0.9727,0.8827,0.942,1.0333,0.8721,0.9348,172960174.8,123650158.5,115826274,118519556.4,98118194.4,2828523.88,2792153.94,2814440.54,2165781.86,2096831.18,263700,5-story shear model,pending,,,,,,
Case1462,Struct0731,NORTHRIDGE,ground_motion/northbridge.txt,0.02,g,1,0.8406,0.8011,1.0548,0.0509,0.031,3.197,5,1.1431,0.8915,0.9186,1.0444,0.9727,0.8827,0.942,1.0333,0.8721,0.9348,172960174.8,123650158.5,115826274,118519556.4,98118194.4,2828523.88,2792153.94,2814440.54,2165781.86,2096831.18,263700,5-story shear model,pending,,,,,,
Case1463,Struct0732,EI,ground_motion/ei3.txt,0.02,g,1,0.9452,0.8495,0.9092,0.032,0.0446,3.098,5,0.9255,0.8705,1.1071,0.9515,0.9158,0.9197,0.9107,0.9494,1.0206,1.0123,157460868,135761439,156964638,121413303,103873699.2,3125140.6,2862466.71,2742152.02,2687699.07,2407856.78,227300,5-story shear model,pending,,,,,,
Case1464,Struct0732,NORTHRIDGE,ground_motion/northbridge.txt,0.02,g,1,0.9452,0.8495,0.9092,0.032,0.0446,3.098,5,0.9255,0.8705,1.1071,0.9515,0.9158,0.9197,0.9107,0.9494,1.0206,1.0123,157460868,135761439,156964638,121413303,103873699.2,3125140.6,2862466.71,2742152.02,2687699.07,2407856.78,227300,5-story shear model,pending,,,,,,
Case1465,Struct0733,EI,ground_motion/ei3.txt,0.02,g,1,1.0537,1.1711,1.1903,0.0384,0.0421,3.143,5,1.0493,1.0378,0.8684,1.0308,1.0449,0.9726,1.0989,1.0551,1.1317,0.9951,199016533.8,180432426.9,137254962,146630784.6,132121335.6,4556047.44,4761610.62,4201133.87,4108535,3263012.51,297575,5-story shear model,pending,,,,,,
Case1466,Struct0733,NORTHRIDGE,ground_motion/northbridge.txt,0.02,g,1,1.0537,1.1711,1.1903,0.0384,0.0421,3.143,5,1.0493,1.0378,0.8684,1.0308,1.0449,0.9726,1.0989,1.0551,1.1317,0.9951,199016533.8,180432426.9,137254962,146630784.6,132121335.6,4556047.44,4761610.62,4201133.87,4108535,3263012.51,297575,5-story shear model,pending,,,,,,
Case1467,Struct0734,EI,ground_motion/ei3.txt,0.02,g,1,1.07,1.1724,1.0039,0.0366,0.0408,3.38,5,1.0924,0.9097,0.8602,0.8978,1.0634,0.9612,1.0163,0.905,1.0563,1.1449,210396240,160607535,138062100,129687210,136540560,4507643.52,4408587.44,3607474.8,3839058.97,3758386.13,250975,5-story shear model,pending,,,,,,
Case1468,Struct0734,NORTHRIDGE,ground_motion/northbridge.txt,0.02,g,1,1.07,1.1724,1.0039,0.0366,0.0408,3.38,5,1.0924,0.9097,0.8602,0.8978,1.0634,0.9612,1.0163,0.905,1.0563,1.1449,210396240,160607535,138062100,129687210,136540560,4507643.52,4408587.44,3607474.8,3839058.97,3758386.13,250975,5-story shear model,pending,,,,,,
Case1469,Struct0735,EI,ground_motion/ei3.txt,0.02,g,1,0.9438,0.8491,0.8258,0.031,0.0398,3.132,5,0.929,1.1138,1.0084,1.1383,0.9096,0.8914,1.0176,1.1192,0.9067,0.8693,157822236,173448732.6,142759188,145034217.9,103017657.6,3027550.96,3196963.39,3231063.25,2386624.81,2066743.36,206450,5-story shear model,pending,,,,,,
Case1470,Struct0735,NORTHRIDGE,ground_motion/northbridge.txt,0.02,g,1,0.9438,0.8491,0.8258,0.031,0.0398,3.132,5,0.929,1.1138,1.0084,1.1383,0.9096,0.8914,1.0176,1.1192,0.9067,0.8693,157822236,173448732.6,142759188,145034217.9,103017657.6,3027550.96,3196963.39,3231063.25,2386624.81,2066743.36,206450,5-story shear model,pending,,,,,,
Case1471,Struct0736,EI,ground_motion/ei3.txt,0.02,g,1,0.8982,0.9494,1.0525,0.0327,0.0182,3.095,5,1.0245,1.0234,1.1324,0.9251,1.0584,0.8514,0.8751,0.8755,1.0174,0.9229,165637062,151670950.2,152568252,112174850.7,114078585.6,3233276.64,3074033.78,2826078.98,2994350.64,2453363.53,263125,5-story shear model,pending,,,,,,
Case1472,Struct0736,NORTHRIDGE,ground_motion/northbridge.txt,0.02,g,1,0.8982,0.9494,1.0525,0.0327,0.0182,3.095,5,1.0245,1.0234,1.1324,0.9251,1.0584,0.8514,0.8751,0.8755,1.0174,0.9229,165637062,151670950.2,152568252,112174850.7,114078585.6,3233276.64,3074033.78,2826078.98,2994350.64,2453363.53,263125,5-story shear model,pending,,,,,,
Case1473,Struct0737,EI,ground_motion/ei3.txt,0.02,g,1,1.0911,1.1453,1.0703,0.0705,0.0355,3.541,5,0.953,0.9819,0.9224,1.1189,0.9848,0.9453,0.9687,1.0448,0.8513,0.8606,187167294,176772929.9,150964596,164812291.7,128941833.6,4330608.36,4104972.81,4068472.1,3022481.06,2759806.5,267575,5-story shear model,pending,,,,,,
Case1474,Struct0737,NORTHRIDGE,ground_motion/northbridge.txt,0.02,g,1,1.0911,1.1453,1.0703,0.0705,0.0355,3.541,5,0.953,0.9819,0.9224,1.1189,0.9848,0.9453,0.9687,1.0448,0.8513,0.8606,187167294,176772929.9,150964596,164812291.7,128941833.6,4330608.36,4104972.81,4068472.1,3022481.06,2759806.5,267575,5-story shear model,pending,,,,,,
Case1475,Struct0738,EI,ground_motion/ei3.txt,0.02,g,1,1.212,1.0772,1.0093,0.0471,0.0148,3.546,5,0.9419,1.0809,0.977,1.0068,0.8753,1.0774,1.0261,0.9312,0.941,1.1344,205484904,216158382,177618600,164732616,127303632,4642301.12,4089665.2,3410501.38,3142300.12,3421531.9,252325,5-story shear model,pending,,,,,,
Case1476,Struct0738,NORTHRIDGE,ground_motion/northbridge.txt,0.02,g,1,1.212,1.0772,1.0093,0.0471,0.0148,3.546,5,0.9419,1.0809,0.977,1.0068,0.8753,1.0774,1.0261,0.9312,0.941,1.1344,205484904,216158382,177618600,164732616,127303632,4642301.12,4089665.2,3410501.38,3142300.12,3421531.9,252325,5-story shear model,pending,,,,,,
Case1477,Struct0739,EI,ground_motion/ei3.txt,0.02,g,1,0.9833,0.9641,1.1056,0.0691,0.0201,3.109,5,1.0642,1.0985,0.902,1.1114,0.8881,0.8762,0.9927,1.1317,0.9189,1.0982,188357014.8,178225583.3,133040490,147533348.7,104792247.6,3378977.68,3541129.66,3709644.7,2746325.62,2964568.94,276400,5-story shear model,pending,,,,,,
Case1478,Struct0739,NORTHRIDGE,ground_motion/northbridge.txt,0.02,g,1,0.9833,0.9641,1.1056,0.0691,0.0201,3.109,5,1.0642,1.0985,0.902,1.1114,0.8881,0.8762,0.9927,1.1317,0.9189,1.0982,188357014.8,178225583.3,133040490,147533348.7,104792247.6,3378977.68,3541129.66,3709644.7,2746325.62,2964568.94,276400,5-story shear model,pending,,,,,,
Case1479,Struct0740,EI,ground_motion/ei3.txt,0.02,g,1,0.7858,1.1742,1.1781,0.0607,0.0305,3.165,5,1.014,0.8749,0.8787,0.8718,1.1134,1.1405,0.9448,1.0448,1.1411,0.8547,143424216,113436909.3,103572369,92483159.4,104989166.4,5356700.4,4104721.39,4171134.14,4153626.82,2810048.47,294525,5-story shear model,pending,,,,,,
Case1480,Struct0740,NORTHRIDGE,ground_motion/northbridge.txt,0.02,g,1,0.7858,1.1742,1.1781,0.0607,0.0305,3.165,5,1.014,0.8749,0.8787,0.8718,1.1134,1.1405,0.9448,1.0448,1.1411,0.8547,143424216,113436909.3,103572369,92483159.4,104989166.4,5356700.4,4104721.39,4171134.14,4153626.82,2810048.47,294525,5-story shear model,pending,,,,,,
Case1481,Struct0741,EI,ground_motion/ei3.txt,0.02,g,1,1.0841,1.0593,0.8087,0.0637,0.0496,3.018,5,0.9435,1.029,1.0899,0.9097,1.0631,0.9333,0.8849,1.0756,0.9876,1.0951,184112703,184063918.5,177234088.5,133137779,138300805.2,3954578.76,3468285.91,3873902.47,3243110.51,3248110.4,202175,5-story shear model,pending,,,,,,
Case1482,Struct0741,NORTHRIDGE,ground_motion/northbridge.txt,0.02,g,1,1.0841,1.0593,0.8087,0.0637,0.0496,3.018,5,0.9435,1.029,1.0899,0.9097,1.0631,0.9333,0.8849,1.0756,0.9876,1.0951,184112703,184063918.5,177234088.5,133137779,138300805.2,3954578.76,3468285.91,3873902.47,3243110.51,3248110.4,202175,5-story shear model,pending,,,,,,
Case1483,Struct0742,EI,ground_motion/ei3.txt,0.02,g,1,1.2467,1.2295,0.9161,0.0668,0.0138,3.37,5,0.9226,0.9251,0.9019,1.0958,0.9675,1.0133,1.1406,0.9436,1.1096,0.9731,207036975.6,190298158.1,168659809.5,184428071.1,144741870,4983409.4,5188760.49,3944531.08,4229184.92,3349994.06,229025,5-story shear model,pending,,,,,,
Case1484,Struct0742,NORTHRIDGE,ground_motion/northbridge.txt,0.02,g,1,1.2467,1.2295,0.9161,0.0668,0.0138,3.37,5,0.9226,0.9251,0.9019,1.0958,0.9675,1.0133,1.1406,0.9436,1.1096,0.9731,207036975.6,190298158.1,168659809.5,184428071.1,144741870,4983409.4,5188760.49,3944531.08,4229184.92,3349994.06,229025,5-story shear model,pending,,,,,,
Case1485,Struct0743,EI,ground_motion/ei3.txt,0.02,g,1,0.8449,0.9291,0.9334,0.0659,0.0492,3.387,5,1.017,1.0923,1.1301,0.8735,0.8999,1.0105,0.9431,1.1257,1.0976,0.9367,154667394,152275904.6,143223223.5,99632720.25,91239061.2,3755422.2,3242066.58,3556018.76,3161318.5,2436806.32,233350,5-story shear model,pending,,,,,,
Case1486,Struct0743,NORTHRIDGE,ground_motion/northbridge.txt,0.02,g,1,0.8449,0.9291,0.9334,0.0659,0.0492,3.387,5,1.017,1.0923,1.1301,0.8735,0.8999,1.0105,0.9431,1.1257,1.0976,0.9367,154667394,152275904.6,143223223.5,99632720.25,91239061.2,3755422.2,3242066.58,3556018.76,3161318.5,2436806.32,233350,5-story shear model,pending,,,,,,
Case1487,Struct0744,EI,ground_motion/ei3.txt,0.02,g,1,0.775,1.0297,0.8277,0.0526,0.0245,3.565,5,1.037,0.8671,0.855,0.8636,0.9615,1.0309,1.1228,0.9993,1.032,1.0161,144661500,110880412.5,99393750,90354150,89419500,4246070.92,4277744.49,3498529.31,3294216.24,2929578.88,206925,5-story shear model,pending,,,,,,
Case1488,Struct0744,NORTHRIDGE,ground_motion/northbridge.txt,0.02,g,1,0.775,1.0297,0.8277,0.0526,0.0245,3.565,5,1.037,0.8671,0.855,0.8636,0.9615,1.0309,1.1228,0.9993,1.032,1.0161,144661500,110880412.5,99393750,90354150,89419500,4246070.92,4277744.49,3498529.31,3294216.24,2929578.88,206925,5-story shear model,pending,,,,,,
Case1489,Struct0745,EI,ground_motion/ei3.txt,0.02,g,1,1.152,1.1811,0.8652,0.08,0.0181,3.171,5,0.9356,0.9619,0.923,0.874,0.9216,1.13,0.9835,0.9041,0.9622,1.0787,194006016,182837952,159494400,135924480,127401984,5338572,4297963.84,3630630.53,3523008.7,3567347.2,216300,5-story shear model,pending,,,,,,
Case1490,Struct0745,NORTHRIDGE,ground_motion/northbridge.txt,0.02,g,1,1.152,1.1811,0.8652,0.08,0.0181,3.171,5,0.9356,0.9619,0.923,0.874,0.9216,1.13,0.9835,0.9041,0.9622,1.0787,194006016,182837952,159494400,135924480,127401984,5338572,4297963.84,3630630.53,3523008.7,3567347.2,216300,5-story shear model,pending,,,,,,
Case1491,Struct0746,EI,ground_motion/ei3.txt,0.02,g,1,1.2045,1.0414,0.9731,0.0536,0.0272,3.148,5,0.9473,1.032,0.8594,0.9258,1.1253,1.0572,0.9088,0.922,1.0031,0.882,205384113,205102260,155272095,150542023.5,162650862,4403872.32,3501769.98,3264580.72,3238347.85,2571841.44,243275,5-story shear model,pending,,,,,,
Case1492,Struct0746,NORTHRIDGE,ground_motion/northbridge.txt,0.02,g,1,1.2045,1.0414,0.9731,0.0536,0.0272,3.148,5,0.9473,1.032,0.8594,0.9258,1.1253,1.0572,0.9088,0.922,1.0031,0.882,205384113,205102260,155272095,150542023.5,162650862,4403872.32,3501769.98,3264580.72,3238347.85,2571841.44,243275,5-story shear model,pending,,,,,,
Case1493,Struct0747,EI,ground_motion/ei3.txt,0.02,g,1,1.0037,1.0609,0.9426,0.0279,0.0281,3.394,5,1.1042,0.8623,1.0653,1.0975,1.013,0.9533,0.9327,0.8545,1.0796,1.1184,199491397.2,142805934.2,160386241.5,148710701.3,122009772,4045423.88,3661155.29,3082232.77,3550577.68,3322229.57,235650,5-story shear model,pending,,,,,,
Case1494,Struct0747,NORTHRIDGE,ground_motion/northbridge.txt,0.02,g,1,1.0037,1.0609,0.9426,0.0279,0.0281,3.394,5,1.1042,0.8623,1.0653,1.0975,1.013,0.9533,0.9327,0.8545,1.0796,1.1184,199491397.2,142805934.2,160386241.5,148710701.3,122009772,4045423.88,3661155.29,3082232.77,3550577.68,3322229.57,235650,5-story shear model,pending,,,,,,
Case1495,Struct0748,EI,ground_motion/ei3.txt,0.02,g,1,0.9622,0.8759,1.0767,0.0778,0.0296,3.144,5,1.0105,0.8881,1.0749,0.8898,0.888,0.8557,0.8579,0.9737,0.9211,0.9721,175014558,140997420.3,155140317,115582350.6,102532032,2998030.52,2780308.06,2899737.02,2501053.62,2384094.69,269175,5-story shear model,pending,,,,,,
Case1496,Struct0748,NORTHRIDGE,ground_motion/northbridge.txt,0.02,g,1,0.9622,0.8759,1.0767,0.0778,0.0296,3.144,5,1.0105,0.8881,1.0749,0.8898,0.888,0.8557,0.8579,0.9737,0.9211,0.9721,175014558,140997420.3,155140317,115582350.6,102532032,2998030.52,2780308.06,2899737.02,2501053.62,2384094.69,269175,5-story shear model,pending,,,,,,
Case1497,Struct0749,EI,ground_motion/ei3.txt,0.02,g,1,0.9172,1.189,0.8925,0.0279,0.0316,3.268,5,0.9664,0.9496,1.1207,1.1067,0.9327,0.9236,0.9131,0.8927,0.9196,0.9974,159548774.4,143710564.8,154185906,137033807.4,102656692.8,4392641.6,4017000.83,3608829.02,3389553.64,3320544.08,223125,5-story shear model,pending,,,,,,
Case1498,Struct0749,NORTHRIDGE,ground_motion/northbridge.txt,0.02,g,1,0.9172,1.189,0.8925,0.0279,0.0316,3.268,5,0.9664,0.9496,1.1207,1.1067,0.9327,0.9236,0.9131,0.8927,0.9196,0.9974,159548774.4,143710564.8,154185906,137033807.4,102656692.8,4392641.6,4017000.83,3608829.02,3389553.64,3320544.08,223125,5-story shear model,pending,,,,,,
Case1499,Struct0750,EI,ground_motion/ei3.txt,0.02,g,1,0.8999,0.8685,1.0884,0.0243,0.048,3.373,5,1.049,1.0307,0.9639,1.1254,0.8681,0.862,0.9362,1.1483,1.0733,1.0751,169919118,153041943.5,130112041.5,136720907.1,93744382.8,2994588,3008431.89,3390815.07,2889699.25,2614428.18,272100,5-story shear model,pending,,,,,,
Case1500,Struct0750,NORTHRIDGE,ground_motion/northbridge.txt,0.02,g,1,0.8999,0.8685,1.0884,0.0243,0.048,3.373,5,1.049,1.0307,0.9639,1.1254,0.8681,0.862,0.9362,1.1483,1.0733,1.0751,169919118,153041943.5,130112041.5,136720907.1,93744382.8,2994588,3008431.89,3390815.07,2889699.25,2614428.18,272100,5-story shear model,pending,,,,,,
Case1501,Struct0751,EI,ground_motion/ei3.txt,0.02,g,1,0.8589,1.0162,1.0196,0.0418,0.0434,3.526,5,1.0414,1.1157,0.8636,0.8804,0.8919,0.8707,0.9236,1.0907,0.8793,1.0954,161002522.8,158115330.5,111261906,102083700.6,91926349.2,3539221.36,3472680.58,3768455.76,2769988.45,3116807.34,254900,5-story shear model,pending,,,,,,
Case1502,Struct0751,NORTHRIDGE,ground_motion/northbridge.txt,0.02,g,1,0.8589,1.0162,1.0196,0.0418,0.0434,3.526,5,1.0414,1.1157,0.8636,0.8804,0.8919,0.8707,0.9236,1.0907,0.8793,1.0954,161002522.8,158115330.5,111261906,102083700.6,91926349.2,3539221.36,3472680.58,3768455.76,2769988.45,3116807.34,254900,5-story shear model,pending,,,,,,
Case1503,Struct0752,EI,ground_motion/ei3.txt,0.02,g,1,0.7915,1.1442,0.833,0.0723,0.0115,3.014,5,1.122,1.0135,1.0806,0.9195,1.1449,0.8818,0.9953,0.8782,1.0041,0.8867,159851340,132360566.3,128294235,98250873.75,108742602,4035822.24,4213642.36,3416443.9,3561562.78,2840773.99,208250,5-story shear model,pending,,,,,,
Case1504,Struct0752,NORTHRIDGE,ground_motion/northbridge.txt,0.02,g,1,0.7915,1.1442,0.833,0.0723,0.0115,3.014,5,1.122,1.0135,1.0806,0.9195,1.1449,0.8818,0.9953,0.8782,1.0041,0.8867,159851340,132360566.3,128294235,98250873.75,108742602,4035822.24,4213642.36,3416443.9,3561562.78,2840773.99,208250,5-story shear model,pending,,,,,,
Case1505,Struct0753,EI,ground_motion/ei3.txt,0.02,g,1,1.1192,0.8611,1.0694,0.0585,0.0484,3.318,5,1.0809,0.9148,0.9337,0.9814,1.0239,0.9257,0.9682,1.0544,1.021,1.1308,217753790.4,168934286.4,156749556,148281688.8,137513865.6,3188481.08,3084752.97,3087009.06,2725467.61,2726449.26,267350,5-story shear model,pending,,,,,,
Case1506,Struct0753,NORTHRIDGE,ground_motion/northbridge.txt,0.02,g,1,1.1192,0.8611,1.0694,0.0585,0.0484,3.318,5,1.0809,0.9148,0.9337,0.9814,1.0239,0.9257,0.9682,1.0544,1.021,1.1308,217753790.4,168934286.4,156749556,148281688.8,137513865.6,3188481.08,3084752.97,3087009.06,2725467.61,2726449.26,267350,5-story shear model,pending,,,,,,
Case1507,Struct0754,EI,ground_motion/ei3.txt,0.02,g,1,0.9443,1.027,1.0804,0.0702,0.0391,3.505,5,1.1025,1.0194,1.0877,1.0722,0.9575,1.0061,0.9871,1.0781,0.852,1.0699,187396335,158832204.3,154067266.5,136684592.1,108500070,4133058.8,3750881.29,3764509.58,2712512.4,3076604.44,270100,5-story shear model,pending,,,,,,
Case1508,Struct0754,NORTHRIDGE,ground_motion/northbridge.txt,0.02,g,1,0.9443,1.027,1.0804,0.0702,0.0391,3.505,5,1.1025,1.0194,1.0877,1.0722,0.9575,1.0061,0.9871,1.0781,0.852,1.0699,187396335,158832204.3,154067266.5,136684592.1,108500070,4133058.8,3750881.29,3764509.58,2712512.4,3076604.44,270100,5-story shear model,pending,,,,,,
Case1509,Struct0755,EI,ground_motion/ei3.txt,0.02,g,1,1.1696,1.0679,0.8665,0.0325,0.0419,3.436,5,0.8641,0.8692,1.0959,0.9775,0.9083,1.0742,0.9177,1.061,0.9524,1.1041,181917244.8,167741692.8,192264696,154343340,127481721.6,4588552.72,3626043.77,3852342.46,3152910.68,3301391.49,216625,5-story shear model,pending,,,,,,
Case1510,Struct0755,NORTHRIDGE,ground_motion/northbridge.txt,0.02,g,1,1.1696,1.0679,0.8665,0.0325,0.0419,3.436,5,0.8641,0.8692,1.0959,0.9775,0.9083,1.0742,0.9177,1.061,0.9524,1.1041,181917244.8,167741692.8,192264696,154343340,127481721.6,4588552.72,3626043.77,3852342.46,3152910.68,3301391.49,216625,5-story shear model,pending,,,,,,
Case1511,Struct0756,EI,ground_motion/ei3.txt,0.02,g,1,0.8077,0.8871,0.8884,0.0422,0.0313,3.499,5,0.9164,0.9334,0.8658,1.0909,0.9207,1.113,1.1036,1.0389,1.0957,1.1027,133231730.4,124394684.7,104895999,118951190.6,89237926.8,3949369.2,3622313.17,3133467.85,3013185.96,2738974.48,222100,5-story shear model,pending,,,,,,
Case1512,Struct0756,NORTHRIDGE,ground_motion/northbridge.txt,0.02,g,1,0.8077,0.8871,0.8884,0.0422,0.0313,3.499,5,0.9164,0.9334,0.8658,1.0909,0.9207,1.113,1.1036,1.0389,1.0957,1.1027,133231730.4,124394684.7,104895999,118951190.6,89237926.8,3949369.2,3622313.17,3133467.85,3013185.96,2738974.48,222100,5-story shear model,pending,,,,,,
Case1513,Struct0757,EI,ground_motion/ei3.txt,0.02,g,1,0.9779,0.9885,1.0789,0.0345,0.033,3.466,5,1.1061,0.8876,0.9103,1.1329,0.9431,0.9827,0.9616,0.9148,1.0485,1.0513,194697934.2,143217366.6,133527355.5,149561492.9,110670898.8,3885595.8,3517003.92,3074551.32,3212970.98,2909788.14,269725,5-story shear model,pending,,,,,,
Case1514,Struct0757,NORTHRIDGE,ground_motion/northbridge.txt,0.02,g,1,0.9779,0.9885,1.0789,0.0345,0.033,3.466,5,1.1061,0.8876,0.9103,1.1329,0.9431,0.9827,0.9616,0.9148,1.0485,1.0513,194697934.2,143217366.6,133527355.5,149561492.9,110670898.8,3885595.8,3517003.92,3074551.32,3212970.98,2909788.14,269725,5-story shear model,pending,,,,,,
Case1515,Struct0758,EI,ground_motion/ei3.txt,0.02,g,1,1.0726,1.0095,1.1595,0.0626,0.0131,3.536,5,0.8655,0.9566,1.0192,0.8924,0.862,0.8822,1.0138,1.0672,0.9006,1.0532,167100354,169298111.4,163979088,129220412.4,110949744,3562323.6,3786695.07,3662950.56,2818382.67,2976975.12,289875,5-story shear model,pending,,,,,,
Case1516,Struct0758,NORTHRIDGE,ground_motion/northbridge.txt,0.02,g,1,1.0726,1.0095,1.1595,0.0626,0.0131,3.536,5,0.8655,0.9566,1.0192,0.8924,0.862,0.8822,1.0138,1.0672,0.9006,1.0532,167100354,169298111.4,163979088,129220412.4,110949744,3562323.6,3786695.07,3662950.56,2818382.67,2976975.12,289875,5-story shear model,pending,,,,,,
Case1517,Struct0759,EI,ground_motion/ei3.txt,0.02,g,1,1.0993,1.239,1.0594,0.0497,0.0168,3.049,5,1.063,0.9886,1.0273,1.1037,0.9733,0.9238,1.1206,0.8799,1.0327,1.0234,210340062,179316716.7,169396633.5,163795150.4,128393842.8,4578352.8,5137166.58,3706666.74,3966497.43,3550379.28,264850,5-story shear model,pending,,,,,,
Case1518,Struct0759,NORTHRIDGE,ground_motion/northbridge.txt,0.02,g,1,1.0993,1.239,1.0594,0.0497,0.0168,3.049,5,1.063,0.9886,1.0273,1.1037,0.9733,0.9238,1.1206,0.8799,1.0327,1.0234,210340062,179316716.7,169396633.5,163795150.4,128393842.8,4578352.8,5137166.58,3706666.74,3966497.43,3550379.28,264850,5-story shear model,pending,,,,,,
Case1519,Struct0760,EI,ground_motion/ei3.txt,0.02,g,1,1.0584,1.0955,1.1414,0.028,0.0475,3.375,5,1.0883,0.8983,1.0876,0.8778,1.0713,0.9889,0.8511,1.0845,1.0475,1.0569,207334209.6,156875518.8,172667376,125423575.2,136063670.4,4333359.8,3449806.18,4039437.15,3557362.38,3241935.06,285350,5-story shear model,pending,,,,,,
Case1520,Struct0760,NORTHRIDGE,ground_motion/northbridge.txt,0.02,g,1,1.0584,1.0955,1.1414,0.028,0.0475,3.375,5,1.0883,0.8983,1.0876,0.8778,1.0713,0.9889,0.8511,1.0845,1.0475,1.0569,207334209.6,156875518.8,172667376,125423575.2,136063670.4,4333359.8,3449806.18,4039437.15,3557362.38,3241935.06,285350,5-story shear model,pending,,,,,,
Case1521,Struct0761,EI,ground_motion/ei3.txt,0.02,g,1,0.8673,1.1665,1.1999,0.0271,0.0194,3.46,5,1.1065,1.0906,1.0531,0.9962,0.9718,1.0664,0.8932,1.0106,1.1022,0.9472,172740141,156069767.7,137003044.5,116640575.1,101141056.8,4975822.4,3855095.86,4008140.66,3985720.53,3093744.64,299975,5-story shear model,pending,,,,,,
Case1522,Struct0761,NORTHRIDGE,ground_motion/northbridge.txt,0.02,g,1,0.8673,1.1665,1.1999,0.0271,0.0194,3.46,5,1.1065,1.0906,1.0531,0.9962,0.9718,1.0664,0.8932,1.0106,1.1022,0.9472,172740141,156069767.7,137003044.5,116640575.1,101141056.8,4975822.4,3855095.86,4008140.66,3985720.53,3093744.64,299975,5-story shear model,pending,,,,,,
Case1523,Struct0762,EI,ground_motion/ei3.txt,0.02,g,1,1.1813,1.0727,1.0527,0.0333,0.04,3.591,5,1.0952,0.874,0.9206,0.9951,1.0348,0.8661,0.9504,1.0801,1.1232,0.9236,232876756.8,170355273,163125717,158694070.1,146689108.8,3716261.88,3772128.1,3939319.12,3735055.58,2774088.02,263175,5-story shear model,pending,,,,,,
Case1524,Struct0762,NORTHRIDGE,ground_motion/northbridge.txt,0.02,g,1,1.1813,1.0727,1.0527,0.0333,0.04,3.591,5,1.0952,0.874,0.9206,0.9951,1.0348,0.8661,0.9504,1.0801,1.1232,0.9236,232876756.8,170355273,163125717,158694070.1,146689108.8,3716261.88,3772128.1,3939319.12,3735055.58,2774088.02,263175,5-story shear model,pending,,,,,,
Case1525,Struct0763,EI,ground_motion/ei3.txt,0.02,g,1,0.9967,1.1441,1.1709,0.0759,0.0361,3.37,5,0.8712,0.9003,1.1061,0.974,0.8856,0.9518,0.9304,1.1084,0.8547,1.1046,156298507.2,148059286.7,165367480.5,131056083,105921302.4,4355817.52,3938541.37,4311609.5,3031373.04,3538564.01,292725,5-story shear model,pending,,,,,,
Case1526,Struct0763,NORTHRIDGE,ground_motion/northbridge.txt,0.02,g,1,0.9967,1.1441,1.1709,0.0759,0.0361,3.37,5,0.8712,0.9003,1.1061,0.974,0.8856,0.9518,0.9304,1.1084,0.8547,1.1046,156298507.2,148059286.7,165367480.5,131056083,105921302.4,4355817.52,3938541.37,4311609.5,3031373.04,3538564.01,292725,5-story shear model,pending,,,,,,
Case1527,Struct0764,EI,ground_motion/ei3.txt,0.02,g,1,1.0013,1.0846,0.8558,0.0538,0.0128,3.434,5,1.0263,0.9129,1.1235,0.9863,1.1394,0.8995,1.082,1.139,1.0054,1.0692,184974154.2,150824317.1,168744082.5,133323595.7,136905746.4,3902390.8,4342087.64,4200221.96,3380416.2,3247032.1,213950,5-story shear model,pending,,,,,,
Case1528,Struct0764,NORTHRIDGE,ground_motion/northbridge.txt,0.02,g,1,1.0013,1.0846,0.8558,0.0538,0.0128,3.434,5,1.0263,0.9129,1.1235,0.9863,1.1394,0.8995,1.082,1.139,1.0054,1.0692,184974154.2,150824317.1,168744082.5,133323595.7,136905746.4,3902390.8,4342087.64,4200221.96,3380416.2,3247032.1,213950,5-story shear model,pending,,,,,,
Case1529,Struct0765,EI,ground_motion/ei3.txt,0.02,g,1,1.2241,1.1865,0.9361,0.0433,0.0335,3.518,5,0.9492,1.0193,0.97,1.0434,0.9852,1.1254,0.9174,1.0173,0.8959,0.8957,209144829.6,205874646.5,178106550,172425501.9,144717998.4,5341148.4,4027431.87,4103889.93,3295254.59,2975694.54,234025,5-story shear model,pending,,,,,,
Case1530,Struct0765,NORTHRIDGE,ground_motion/northbridge.txt,0.02,g,1,1.2241,1.1865,0.9361,0.0433,0.0335,3.518,5,0.9492,1.0193,0.97,1.0434,0.9852,1.1254,0.9174,1.0173,0.8959,0.8957,209144829.6,205874646.5,178106550,172425501.9,144717998.4,5341148.4,4027431.87,4103889.93,3295254.59,2975694.54,234025,5-story shear model,pending,,,,,,
Case1531,Struct0766,EI,ground_motion/ei3.txt,0.02,g,1,0.7985,1.0235,0.889,0.0713,0.0353,3.275,5,0.8629,0.8957,0.8727,1.0302,1.1124,0.9904,0.9834,1.1281,1.0848,0.868,124024617,118010714.3,104527642.5,111052984.5,106590168,4054697.6,3724086.63,3925675.19,3441907.68,2487514.4,222250,5-story shear model,pending,,,,,,
Case1532,Struct0766,NORTHRIDGE,ground_motion/northbridge.txt,0.02,g,1,0.7985,1.0235,0.889,0.0713,0.0353,3.275,5,0.8629,0.8957,0.8727,1.0302,1.1124,0.9904,0.9834,1.1281,1.0848,0.868,124024617,118010714.3,104527642.5,111052984.5,106590168,4054697.6,3724086.63,3925675.19,3441907.68,2487514.4,222250,5-story shear model,pending,,,,,,
Case1533,Struct0767,EI,ground_motion/ei3.txt,0.02,g,1,0.8589,0.844,0.9428,0.0712,0.0212,3.466,5,0.9044,1.0927,0.9744,0.9745,0.9524,0.9552,0.9296,1.0668,0.958,0.8931,139822048.8,154855805,125536824,112994736.8,98161963.2,3224755.2,2902954.88,3061289.28,2506511.2,2110573.92,235700,5-story shear model,pending,,,,,,
Case1534,Struct0767,NORTHRIDGE,ground_motion/northbridge.txt,0.02,g,1,0.8589,0.844,0.9428,0.0712,0.0212,3.466,5,0.9044,1.0927,0.9744,0.9745,0.9524,0.9552,0.9296,1.0668,0.958,0.8931,139822048.8,154855805,125536824,112994736.8,98161963.2,3224755.2,2902954.88,3061289.28,2506511.2,2110573.92,235700,5-story shear model,pending,,,,,,
Case1535,Struct0768,EI,ground_motion/ei3.txt,0.02,g,1,0.9043,1.1471,0.9626,0.0727,0.0485,3.193,5,1.1249,1.0853,0.9946,0.8814,0.853,0.8904,1.0181,0.9841,0.9167,1.0547,183104472.6,161937070.4,134912517,107601752.7,92564148,4085511.36,4321091.29,3838127.77,3259794.37,3387569.84,240650,5-story shear model,pending,,,,,,
Case1536,Struct0768,NORTHRIDGE,ground_motion/northbridge.txt,0.02,g,1,0.9043,1.1471,0.9626,0.0727,0.0485,3.193,5,1.1249,1.0853,0.9946,0.8814,0.853,0.8904,1.0181,0.9841,0.9167,1.0547,183104472.6,161937070.4,134912517,107601752.7,92564148,4085511.36,4321091.29,3838127.77,3259794.37,3387569.84,240650,5-story shear model,pending,,,,,,
Case1537,Struct0769,EI,ground_motion/ei3.txt,0.02,g,1,0.9085,0.9481,1.1853,0.0652,0.0475,3.118,5,1.0558,1.0014,0.8889,0.8662,1.0857,1.0918,0.8728,0.879,0.8651,1.1378,172654974,150112363.5,121134847.5,106237264.5,118363014,4140542.32,3061756.22,2833491.66,2542624.06,3020494.9,296325,5-story shear model,pending,,,,,,
Case1538,Struct0769,NORTHRIDGE,ground_motion/northbridge.txt,0.02,g,1,0.9085,0.9481,1.1853,0.0652,0.0475,3.118,5,1.0558,1.0014,0.8889,0.8662,1.0857,1.0918,0.8728,0.879,0.8651,1.1378,172654974,150112363.5,121134847.5,106237264.5,118363014,4140542.32,3061756.22,2833491.66,2542624.06,3020494.9,296325,5-story shear model,pending,,,,,,
Case1539,Struct0770,EI,ground_motion/ei3.txt,0.02,g,1,1.1196,1.2314,0.9825,0.0492,0.0285,3.017,5,0.895,0.9017,1.0811,0.9534,0.9185,0.9852,0.8802,0.9818,0.9618,1.0202,180367560,166574647.8,181559934,144102596.4,123402312,4852701.12,4010349.64,4110560.97,3671517.61,3517567.98,245625,5-story shear model,pending,,,,,,
Case1540,Struct0770,NORTHRIDGE,ground_motion/northbridge.txt,0.02,g,1,1.1196,1.2314,0.9825,0.0492,0.0285,3.017,5,0.895,0.9017,1.0811,0.9534,0.9185,0.9852,0.8802,0.9818,0.9618,1.0202,180367560,166574647.8,181559934,144102596.4,123402312,4852701.12,4010349.64,4110560.97,3671517.61,3517567.98,245625,5-story shear model,pending,,,,,,
Case1541,Struct0771,EI,ground_motion/ei3.txt,0.02,g,1,0.9038,1.1369,0.9486,0.064,0.0188,3.082,5,1.0621,0.8796,0.9056,0.8946,0.939,1.0613,1.1289,0.9403,0.9022,0.9936,172786676.4,131172109.2,122772192,109152829.8,101840184,4826367.88,4748751.72,3634692.04,3179704.66,3162946.75,237150,5-story shear model,pending,,,,,,
Case1542,Struct0771,NORTHRIDGE,ground_motion/northbridge.txt,0.02,g,1,0.9038,1.1369,0.9486,0.064,0.0188,3.082,5,1.0621,0.8796,0.9056,0.8946,0.939,1.0613,1.1289,0.9403,0.9022,0.9936,172786676.4,131172109.2,122772192,109152829.8,101840184,4826367.88,4748751.72,3634692.04,3179704.66,3162946.75,237150,5-story shear model,pending,,,,,,
Case1543,Struct0772,EI,ground_motion/ei3.txt,0.02,g,1,0.9895,0.7965,0.9085,0.0232,0.0109,3.548,5,1.0504,1.0314,1.1298,0.8891,1.0568,1.1047,0.9676,0.9024,1.0668,1.1408,187086744,168394099.5,167690565,118768200.8,125484432,3519574.2,2851565.58,2443789.44,2634089.22,2544212.16,227125,5-story shear model,pending,,,,,,
Case1544,Struct0772,NORTHRIDGE,ground_motion/northbridge.txt,0.02,g,1,0.9895,0.7965,0.9085,0.0232,0.0109,3.548,5,1.0504,1.0314,1.1298,0.8891,1.0568,1.1047,0.9676,0.9024,1.0668,1.1408,187086744,168394099.5,167690565,118768200.8,125484432,3519574.2,2851565.58,2443789.44,2634089.22,2544212.16,227125,5-story shear model,pending,,,,,,
Case1545,Struct0773,EI,ground_motion/ei3.txt,0.02,g,1,1.0951,1.0409,0.9272,0.0573,0.0275,3.48,5,1.114,0.9408,0.9063,1.045,0.8652,0.9914,0.9123,0.9623,1.0166,0.9342,219589452,169994563.2,148873369.5,154491232.5,113697662.4,4127793.04,3513568.36,3405637.44,3280354.71,2722744.58,231800,5-story shear model,pending,,,,,,
Case1546,Struct0773,NORTHRIDGE,ground_motion/northbridge.txt,0.02,g,1,1.0951,1.0409,0.9272,0.0573,0.0275,3.48,5,1.114,0.9408,0.9063,1.045,0.8652,0.9914,0.9123,0.9623,1.0166,0.9342,219589452,169994563.2,148873369.5,154491232.5,113697662.4,4127793.04,3513568.36,3405637.44,3280354.71,2722744.58,231800,5-story shear model,pending,,,,,,
Case1547,Struct0774,EI,ground_motion/ei3.txt,0.02,g,1,0.9286,1.166,1.0019,0.0639,0.0144,3.454,5,0.9992,1.0725,1.0352,1.0127,0.901,0.8998,1.0375,0.9611,1.0851,0.995,167014281.6,164327377.5,144193008,126953084.7,100400232,4196667.2,4475982.5,3810184.84,3922202.46,3248476,250475,5-story shear model,pending,,,,,,
Case1548,Struct0774,NORTHRIDGE,ground_motion/northbridge.txt,0.02,g,1,0.9286,1.166,1.0019,0.0639,0.0144,3.454,5,0.9992,1.0725,1.0352,1.0127,0.901,0.8998,1.0375,0.9611,1.0851,0.995,167014281.6,164327377.5,144193008,126953084.7,100400232,4196667.2,4475982.5,3810184.84,3922202.46,3248476,250475,5-story shear model,pending,,,,,,
Case1549,Struct0775,EI,ground_motion/ei3.txt,0.02,g,1,1.0153,1.1806,0.8044,0.0667,0.0207,3.409,5,1.0167,0.8559,1.1181,1.1382,0.913,1.0576,1.0548,0.9016,0.9706,1.0868,185805991.8,143384219.6,170281039.5,156007952.1,111236268,4994410.24,4607598.46,3619058.46,3552260.12,3592613.02,201100,5-story shear model,pending,,,,,,
Case1550,Struct0775,NORTHRIDGE,ground_motion/northbridge.txt,0.02,g,1,1.0153,1.1806,0.8044,0.0667,0.0207,3.409,5,1.0167,0.8559,1.1181,1.1382,0.913,1.0576,1.0548,0.9016,0.9706,1.0868,185805991.8,143384219.6,170281039.5,156007952.1,111236268,4994410.24,4607598.46,3619058.46,3552260.12,3592613.02,201100,5-story shear model,pending,,,,,,
Case1551,Struct0776,EI,ground_motion/ei3.txt,0.02,g,1,1.1536,0.8603,1.1093,0.0346,0.0316,3.094,5,1.032,1.0072,1.0794,1.1011,0.9496,0.8847,0.916,0.9455,0.9286,0.9391,214292736,191714476.8,186779376,171480909.6,131455027.2,3044429.64,2915728.76,2765606.41,2476511.2,2262141.64,277325,5-story shear model,pending,,,,,,
Case1552,Struct0776,NORTHRIDGE,ground_motion/northbridge.txt,0.02,g,1,1.1536,0.8603,1.1093,0.0346,0.0316,3.094,5,1.032,1.0072,1.0794,1.1011,0.9496,0.8847,0.916,0.9455,0.9286,0.9391,214292736,191714476.8,186779376,171480909.6,131455027.2,3044429.64,2915728.76,2765606.41,2476511.2,2262141.64,277325,5-story shear model,pending,,,,,,
Case1553,Struct0777,EI,ground_motion/ei3.txt,0.02,g,1,1.0457,1.0124,0.95,0.0659,0.0145,3.15,5,1.0075,0.9002,0.9777,0.893,0.9966,0.9215,0.8878,1.1406,1.1287,1.0858,189637695,155320958.1,153357133.5,126064363.5,125057354.4,3731706.4,3325592.26,3926127.7,3542357.23,3077938.98,237500,5-story shear model,pending,,,,,,
Case1554,Struct0777,NORTHRIDGE,ground_motion/northbridge.txt,0.02,g,1,1.0457,1.0124,0.95,0.0659,0.0145,3.15,5,1.0075,0.9002,0.9777,0.893,0.9966,0.9215,0.8878,1.1406,1.1287,1.0858,189637695,155320958.1,153357133.5,126064363.5,125057354.4,3731706.4,3325592.26,3926127.7,3542357.23,3077938.98,237500,5-story shear model,pending,,,,,,
Case1555,Struct0778,EI,ground_motion/ei3.txt,0.02,g,1,1.2065,1.0932,1.0828,0.0536,0.0251,3.11,5,1.1396,0.9481,0.902,1.1466,0.8799,0.9272,0.9799,0.955,0.9856,0.9368,247486932,188740637.3,163239450,186755341.5,127391922,4054460.16,3963538.72,3549620.4,3340119.55,2867507.33,270700,5-story shear model,pending,,,,,,
Case1556,Struct0778,NORTHRIDGE,ground_motion/northbridge.txt,0.02,g,1,1.2065,1.0932,1.0828,0.0536,0.0251,3.11,5,1.1396,0.9481,0.902,1.1466,0.8799,0.9272,0.9799,0.955,0.9856,0.9368,247486932,188740637.3,163239450,186755341.5,127391922,4054460.16,3963538.72,3549620.4,3340119.55,2867507.33,270700,5-story shear model,pending,,,,,,
Case1557,Struct0779,EI,ground_motion/ei3.txt,0.02,g,1,0.9658,1.0268,0.9005,0.0264,0.0235,3.274,5,0.9232,1.1114,1.0447,0.923,0.9658,0.8916,1.062,1.0261,1.0977,0.9471,160492780.8,177109369.8,151345689,120343509,111932356.8,3661979.52,4034707.92,3582238.23,3494066.92,2722950.38,225125,5-story shear model,pending,,,,,,
Case1558,Struct0779,NORTHRIDGE,ground_motion/northbridge.txt,0.02,g,1,0.9658,1.0268,0.9005,0.0264,0.0235,3.274,5,0.9232,1.1114,1.0447,0.923,0.9658,0.8916,1.062,1.0261,1.0977,0.9471,160492780.8,177109369.8,151345689,120343509,111932356.8,3661979.52,4034707.92,3582238.23,3494066.92,2722950.38,225125,5-story shear model,pending,,,,,,
Case1559,Struct0780,EI,ground_motion/ei3.txt,0.02,g,1,1.16,0.8735,0.9097,0.0764,0.0271,3.471,5,0.9986,0.8554,0.9704,1.0998,0.9274,1.0746,0.9917,1.0275,1.0177,1.0845,208507680,163723560,168849600,172228680,129094080,3754652.4,3205124.81,3051572.25,2755778.95,2652470.1,227425,5-story shear model,pending,,,,,,
Case1560,Struct0780,NORTHRIDGE,ground_motion/northbridge.txt,0.02,g,1,1.16,0.8735,0.9097,0.0764,0.0271,3.471,5,0.9986,0.8554,0.9704,1.0998,0.9274,1.0746,0.9917,1.0275,1.0177,1.0845,208507680,163723560,168849600,172228680,129094080,3754652.4,3205124.81,3051572.25,2755778.95,2652470.1,227425,5-story shear model,pending,,,,,,
Case1561,Struct0781,EI,ground_motion/ei3.txt,0.02,g,1,0.7561,0.8532,0.9615,0.0684,0.0424,3.18,5,1.1408,1.0728,1.1182,1.1372,0.9514,0.9455,0.9729,1.1223,0.9306,0.8981,155260598.4,133838773.2,126820653,116077984.2,86322424.8,3226802.4,3071289.64,3255657.62,2461362.55,2145524.98,240375,5-story shear model,pending,,,,,,
Case1562,Struct0781,NORTHRIDGE,ground_motion/northbridge.txt,0.02,g,1,0.7561,0.8532,0.9615,0.0684,0.0424,3.18,5,1.1408,1.0728,1.1182,1.1372,0.9514,0.9455,0.9729,1.1223,0.9306,0.8981,155260598.4,133838773.2,126820653,116077984.2,86322424.8,3226802.4,3071289.64,3255657.62,2461362.55,2145524.98,240375,5-story shear model,pending,,,,,,
Case1563,Struct0782,EI,ground_motion/ei3.txt,0.02,g,1,0.8526,1.1846,0.8699,0.0345,0.0252,3.553,5,1.1311,0.8992,0.903,1.1362,1.0376,0.9286,0.971,1.087,0.8596,0.9332,173587654.8,126498556.8,115484670,130777756.2,106158931.2,4400078.24,4255912.42,4378044.68,3156674.7,3095312.42,217475,5-story shear model,pending,,,,,,
Case1564,Struct0782,NORTHRIDGE,ground_motion/northbridge.txt,0.02,g,1,0.8526,1.1846,0.8699,0.0345,0.0252,3.553,5,1.1311,0.8992,0.903,1.1362,1.0376,0.9286,0.971,1.087,0.8596,0.9332,173587654.8,126498556.8,115484670,130777756.2,106158931.2,4400078.24,4255912.42,4378044.68,3156674.7,3095312.42,217475,5-story shear model,pending,,,,,,
Case1565,Struct0783,EI,ground_motion/ei3.txt,0.02,g,1,1.033,0.8942,1.0209,0.0482,0.0375,3.213,5,0.9532,1.0078,0.8524,1.0959,1.0842,1.0099,0.8636,0.9052,0.9868,0.9816,177238008,171774471,132079380,152828734.5,134397432,3612210.32,2857255.14,2752061.46,2735429.34,2457690.82,255225,5-story shear model,pending,,,,,,
Case1566,Struct0783,NORTHRIDGE,ground_motion/northbridge.txt,0.02,g,1,1.033,0.8942,1.0209,0.0482,0.0375,3.213,5,0.9532,1.0078,0.8524,1.0959,1.0842,1.0099,0.8636,0.9052,0.9868,0.9816,177238008,171774471,132079380,152828734.5,134397432,3612210.32,2857255.14,2752061.46,2735429.34,2457690.82,255225,5-story shear model,pending,,,,,,
Case1567,Struct0784,EI,ground_motion/ei3.txt,0.02,g,1,0.8686,1.1644,0.8943,0.0406,0.0172,3.355,5,1.0281,1.1486,1.0874,1.1355,0.9369,1.0508,0.9894,0.8674,1.1129,1.0821,160741378.8,164616203.4,141677346,133149865.5,97654960.8,4894206.08,4262612.23,3434001.9,4017168.36,3527992.27,223575,5-story shear model,pending,,,,,,
Case1568,Struct0784,NORTHRIDGE,ground_motion/northbridge.txt,0.02,g,1,0.8686,1.1644,0.8943,0.0406,0.0172,3.355,5,1.0281,1.1486,1.0874,1.1355,0.9369,1.0508,0.9894,0.8674,1.1129,1.0821,160741378.8,164616203.4,141677346,133149865.5,97654960.8,4894206.08,4262612.23,3434001.9,4017168.36,3527992.27,223575,5-story shear model,pending,,,,,,
Case1569,Struct0785,EI,ground_motion/ei3.txt,0.02,g,1,0.9506,0.9737,1.0822,0.04,0.0412,3.106,5,0.9851,0.9265,0.8657,0.9819,1.0972,1.0475,0.876,1.1457,1.124,0.9047,168558490.8,145320598.5,123440163,126008208.9,125159798.4,4079803,3155956.44,3792931.51,3392760.28,2466537.89,270550,5-story shear model,pending,,,,,,
Case1570,Struct0785,NORTHRIDGE,ground_motion/northbridge.txt,0.02,g,1,0.9506,0.9737,1.0822,0.04,0.0412,3.106,5,0.9851,0.9265,0.8657,0.9819,1.0972,1.0475,0.876,1.1457,1.124,0.9047,168558490.8,145320598.5,123440163,126008208.9,125159798.4,4079803,3155956.44,3792931.51,3392760.28,2466537.89,270550,5-story shear model,pending,,,,,,
Case1571,Struct0786,EI,ground_motion/ei3.txt,0.02,g,1,0.791,0.9893,1.1449,0.0521,0.0218,3.011,5,0.9526,0.9795,0.8535,0.959,0.8762,0.8699,0.9664,1.0443,0.9642,1.0729,135631188,127839442.5,101267775,102406815,83168904,3442368.28,3537420.22,3512628.37,2957037.49,2971975.92,286225,5-story shear model,pending,,,,,,
Case1572,Struct0786,NORTHRIDGE,ground_motion/northbridge.txt,0.02,g,1,0.791,0.9893,1.1449,0.0521,0.0218,3.011,5,0.9526,0.9795,0.8535,0.959,0.8762,0.8699,0.9664,1.0443,0.9642,1.0729,135631188,127839442.5,101267775,102406815,83168904,3442368.28,3537420.22,3512628.37,2957037.49,2971975.92,286225,5-story shear model,pending,,,,,,
Case1573,Struct0787,EI,ground_motion/ei3.txt,0.02,g,1,0.8224,1.1952,0.8633,0.072,0.0222,3.261,5,0.9853,1.086,0.981,1.0777,0.9054,0.9589,1.1172,1.0983,1.1453,0.854,145855929.6,147365856,121016160,119650564.8,89352115.2,4584309.12,4940526.53,4463139.74,4243473.94,2857962.24,215825,5-story shear model,pending,,,,,,
Case1574,Struct0787,NORTHRIDGE,ground_motion/northbridge.txt,0.02,g,1,0.8224,1.1952,0.8633,0.072,0.0222,3.261,5,0.9853,1.086,0.981,1.0777,0.9054,0.9589,1.1172,1.0983,1.1453,0.854,145855929.6,147365856,121016160,119650564.8,89352115.2,4584309.12,4940526.53,4463139.74,4243473.94,2857962.24,215825,5-story shear model,pending,,,,,,
Case1575,Struct0788,EI,ground_motion/ei3.txt,0.02,g,1,0.8278,0.8088,0.8482,0.0755,0.0232,3.33,5,0.8883,0.8872,0.9428,0.8877,0.8709,1.0608,0.9609,0.904,1.0706,1.0704,132360253.2,121179986.4,117067476,99203138.1,86511722.4,3431900.16,2875550.9,2485927.68,2684293.97,2424070.66,212050,5-story shear model,pending,,,,,,
Case1576,Struct0788,NORTHRIDGE,ground_motion/northbridge.txt,0.02,g,1,0.8278,0.8088,0.8482,0.0755,0.0232,3.33,5,0.8883,0.8872,0.9428,0.8877,0.8709,1.0608,0.9609,0.904,1.0706,1.0704,132360253.2,121179986.4,117067476,99203138.1,86511722.4,3431900.16,2875550.9,2485927.68,2684293.97,2424070.66,212050,5-story shear model,pending,,,,,,
Case1577,Struct0789,EI,ground_motion/ei3.txt,0.02,g,1,0.9709,1.1182,0.8634,0.0633,0.0182,3.304,5,1.0079,1.0045,1.01,1.1292,0.9494,1.0925,1.0002,0.9409,0.8626,1.1286,176142619.8,160919393.3,147091350,148005937.8,110612695.2,4886534,4138167.47,3577188.89,2990133.89,3533601.46,215850,5-story shear model,pending,,,,,,
Case1578,Struct0789,NORTHRIDGE,ground_motion/northbridge.txt,0.02,g,1,0.9709,1.1182,0.8634,0.0633,0.0182,3.304,5,1.0079,1.0045,1.01,1.1292,0.9494,1.0925,1.0002,0.9409,0.8626,1.1286,176142619.8,160919393.3,147091350,148005937.8,110612695.2,4886534,4138167.47,3577188.89,2990133.89,3533601.46,215850,5-story shear model,pending,,,,,,
Case1579,Struct0790,EI,ground_motion/ei3.txt,0.02,g,1,1.0642,1.0316,0.8839,0.0491,0.0331,3.596,5,0.8794,0.8735,0.9153,0.9297,1.1028,0.8741,0.997,1.1158,1.0833,0.992,168454346.4,153380485.5,146109339,133567209.9,140831971.2,3606886.24,3805469.24,3913601.55,3464350.07,2865372.16,220975,5-story shear model,pending,,,,,,
Case1580,Struct0790,NORTHRIDGE,ground_motion/northbridge.txt,0.02,g,1,1.0642,1.0316,0.8839,0.0491,0.0331,3.596,5,0.8794,0.8735,0.9153,0.9297,1.1028,0.8741,0.997,1.1158,1.0833,0.992,168454346.4,153380485.5,146109339,133567209.9,140831971.2,3606886.24,3805469.24,3913601.55,3464350.07,2865372.16,220975,5-story shear model,pending,,,,,,
Case1581,Struct0791,EI,ground_motion/ei3.txt,0.02,g,1,1.1031,1.0126,0.8403,0.0276,0.0295,3.024,5,0.8834,1.0262,1.0071,0.9128,1.1246,0.8982,1.0551,0.9777,1.1272,1.0918,175406137.2,186780201.3,166639801.5,135932806.8,148865551.2,3638069.28,3953058.76,3366064.67,3538348.43,3095558.7,210075,5-story shear model,pending,,,,,,
Case1582,Struct0791,NORTHRIDGE,ground_motion/northbridge.txt,0.02,g,1,1.1031,1.0126,0.8403,0.0276,0.0295,3.024,5,0.8834,1.0262,1.0071,0.9128,1.1246,0.8982,1.0551,0.9777,1.1272,1.0918,175406137.2,186780201.3,166639801.5,135932806.8,148865551.2,3638069.28,3953058.76,3366064.67,3538348.43,3095558.7,210075,5-story shear model,pending,,,,,,
Case1583,Struct0792,EI,ground_motion/ei3.txt,0.02,g,1,1.1464,1.0207,1.0682,0.0742,0.0148,3.489,5,1.0938,1.0833,1.0684,0.9968,1.1282,1.0379,0.8659,1.0095,1.1449,1.0683,225707817.6,204912694.8,183722064,154268755.2,155204217.6,4237538.12,3270149.28,3503348.61,3622658.23,3053158.67,267050,5-story shear model,pending,,,,,,
Case1584,Struct0792,NORTHRIDGE,ground_motion/northbridge.txt,0.02,g,1,1.1464,1.0207,1.0682,0.0742,0.0148,3.489,5,1.0938,1.0833,1.0684,0.9968,1.1282,1.0379,0.8659,1.0095,1.1449,1.0683,225707817.6,204912694.8,183722064,154268755.2,155204217.6,4237538.12,3270149.28,3503348.61,3622658.23,3053158.67,267050,5-story shear model,pending,,,,,,
Case1585,Struct0793,EI,ground_motion/ei3.txt,0.02,g,1,0.7775,0.8511,0.8474,0.072,0.0152,3.074,5,1.1284,0.9073,0.9403,0.9665,0.9392,0.9949,0.8579,1.0691,0.9067,1.1131,157919580,116395248.8,109662487.5,101446256.3,87627360,3387037.56,2701587.15,3093697.43,2392246.35,2652606.35,211850,5-story shear model,pending,,,,,,
Case1586,Struct0793,NORTHRIDGE,ground_motion/northbridge.txt,0.02,g,1,0.7775,0.8511,0.8474,0.072,0.0152,3.074,5,1.1284,0.9073,0.9403,0.9665,0.9392,0.9949,0.8579,1.0691,0.9067,1.1131,157919580,116395248.8,109662487.5,101446256.3,87627360,3387037.56,2701587.15,3093697.43,2392246.35,2652606.35,211850,5-story shear model,pending,,,,,,
Case1587,Struct0794,EI,ground_motion/ei3.txt,0.02,g,1,1.1393,0.7719,1.097,0.0495,0.0334,3.597,5,1.0299,1.0917,1.1446,1.1495,0.9212,0.8671,0.8821,0.8522,0.9033,1.0538,211205712.6,205222678.7,195606417,176799422.3,125942779.2,2677257.96,2519304.06,2236564.81,2161497.54,2277599.02,274250,5-story shear model,pending,,,,,,
Case1588,Struct0794,NORTHRIDGE,ground_motion/northbridge.txt,0.02,g,1,1.1393,0.7719,1.097,0.0495,0.0334,3.597,5,1.0299,1.0917,1.1446,1.1495,0.9212,0.8671,0.8821,0.8522,0.9033,1.0538,211205712.6,205222678.7,195606417,176799422.3,125942779.2,2677257.96,2519304.06,2236564.81,2161497.54,2277599.02,274250,5-story shear model,pending,,,,,,
Case1589,Struct0795,EI,ground_motion/ei3.txt,0.02,g,1,1.1372,1.0884,0.8782,0.059,0.0113,3.51,5,0.8739,0.9657,1.1013,0.9692,1.0085,1.0718,0.9831,0.9257,0.9243,1.0676,178883834.4,181202016.6,187859754,148793522.4,137623944,4666188.48,3959022.35,3425608.39,3118625.17,3253532.35,219550,5-story shear model,pending,,,,,,
Case1590,Struct0795,NORTHRIDGE,ground_motion/northbridge.txt,0.02,g,1,1.1372,1.0884,0.8782,0.059,0.0113,3.51,5,0.8739,0.9657,1.1013,0.9692,1.0085,1.0718,0.9831,0.9257,0.9243,1.0676,178883834.4,181202016.6,187859754,148793522.4,137623944,4666188.48,3959022.35,3425608.39,3118625.17,3253532.35,219550,5-story shear model,pending,,,,,,
Case1591,Struct0796,EI,ground_motion/ei3.txt,0.02,g,1,1.1756,1.0741,1.1531,0.0602,0.0475,3.561,5,1.0482,0.959,0.9458,1.0364,1.0563,0.8519,1.0363,0.8891,1.1492,1.1059,221807505.6,186021066,166782372,164482898.4,149014353.6,3660103.16,4118432.37,3246939.85,3826502.73,3325972.13,288275,5-story shear model,pending,,,,,,
Case1592,Struct0796,NORTHRIDGE,ground_motion/northbridge.txt,0.02,g,1,1.1756,1.0741,1.1531,0.0602,0.0475,3.561,5,1.0482,0.959,0.9458,1.0364,1.0563,0.8519,1.0363,0.8891,1.1492,1.1059,221807505.6,186021066,166782372,164482898.4,149014353.6,3660103.16,4118432.37,3246939.85,3826502.73,3325972.13,288275,5-story shear model,pending,,,,,,
Case1593,Struct0797,EI,ground_motion/ei3.txt,0.02,g,1,1.0923,1.2185,0.9866,0.0553,0.0454,3.202,5,1.0108,1.1305,1.0911,0.9799,1.0605,1.0904,1.0283,0.9514,0.9339,1.0171,198737431.2,203749449.8,178771279.5,144496544,139006098,5314609.6,4636039.13,3941555.06,3527667.16,3470141.78,246650,5-story shear model,pending,,,,,,
Case1594,Struct0797,NORTHRIDGE,ground_motion/northbridge.txt,0.02,g,1,1.0923,1.2185,0.9866,0.0553,0.0454,3.202,5,1.0108,1.1305,1.0911,0.9799,1.0605,1.0904,1.0283,0.9514,0.9339,1.0171,198737431.2,203749449.8,178771279.5,144496544,139006098,5314609.6,4636039.13,3941555.06,3527667.16,3470141.78,246650,5-story shear model,pending,,,,,,
Case1595,Struct0798,EI,ground_motion/ei3.txt,0.02,g,1,0.8939,1.0057,0.9092,0.0427,0.0323,3.058,5,1.0378,1.0712,1.02,0.939,1.1198,1.0967,0.8775,1.016,1.0021,1.0188,166984095.6,157995037.2,136766700,113315233.5,120118706.4,4411804.76,3265256.47,3474090.08,3124217.11,2868900.05,227300,5-story shear model,pending,,,,,,
Case1596,Struct0798,NORTHRIDGE,ground_motion/northbridge.txt,0.02,g,1,0.8939,1.0057,0.9092,0.0427,0.0323,3.058,5,1.0378,1.0712,1.02,0.939,1.1198,1.0967,0.8775,1.016,1.0021,1.0188,166984095.6,157995037.2,136766700,113315233.5,120118706.4,4411804.76,3265256.47,3474090.08,3124217.11,2868900.05,227300,5-story shear model,pending,,,,,,
Case1597,Struct0799,EI,ground_motion/ei3.txt,0.02,g,1,0.8866,1.2474,0.9797,0.0377,0.045,3.108,5,1.0905,0.8684,0.9126,1.0181,1.1191,0.8586,0.9961,0.9604,1.0173,1.1428,174030714,127037367.6,121366674,121857407.1,119063287.2,4284070.56,4597380.02,4073210.06,3933838.06,3991480.42,244925,5-story shear model,pending,,,,,,
Case1598,Struct0799,NORTHRIDGE,ground_motion/northbridge.txt,0.02,g,1,0.8866,1.2474,0.9797,0.0377,0.045,3.108,5,1.0905,0.8684,0.9126,1.0181,1.1191,0.8586,0.9961,0.9604,1.0173,1.1428,174030714,127037367.6,121366674,121857407.1,119063287.2,4284070.56,4597380.02,4073210.06,3933838.06,3991480.42,244925,5-story shear model,pending,,,,,,
Case1599,Struct0800,EI,ground_motion/ei3.txt,0.02,g,1,0.95,0.8082,1.0915,0.0678,0.0491,3.516,5,0.8825,0.9084,0.9865,0.9437,0.9275,1.1229,1.0004,0.901,1.1154,1.0605,150907500,142391700,140576250,121029525,105735000,3630111.12,2991536.14,2475839.88,2794545.47,2399869.08,272875,5-story shear model,pending,,,,,,
Case1600,Struct0800,NORTHRIDGE,ground_motion/northbridge.txt,0.02,g,1,0.95,0.8082,1.0915,0.0678,0.0491,3.516,5,0.8825,0.9084,0.9865,0.9437,0.9275,1.1229,1.0004,0.901,1.1154,1.0605,150907500,142391700,140576250,121029525,105735000,3630111.12,2991536.14,2475839.88,2794545.47,2399869.08,272875,5-story shear model,pending,,,,,,
Case1601,Struct0801,EI,ground_motion/ei3.txt,0.02,g,1,1.1906,0.8214,0.9562,0.0598,0.0302,3.074,5,1.0449,1.0473,1.0296,1.1381,1.1409,1.0958,1.0292,1.0839,0.8905,0.9451,223930429.2,205741037.7,183876264,182927951.1,163002664.8,3600360.48,3127924.06,3027072.56,2267515.77,2173654.39,239050,5-story shear model,pending,,,,,,
Case1602,Struct0801,NORTHRIDGE,ground_motion/northbridge.txt,0.02,g,1,1.1906,0.8214,0.9562,0.0598,0.0302,3.074,5,1.0449,1.0473,1.0296,1.1381,1.1409,1.0958,1.0292,1.0839,0.8905,0.9451,223930429.2,205741037.7,183876264,182927951.1,163002664.8,3600360.48,3127924.06,3027072.56,2267515.77,2173654.39,239050,5-story shear model,pending,,,,,,
Case1603,Struct0802,EI,ground_motion/ei3.txt,0.02,g,1,1.2243,1.0264,1.0128,0.0236,0.0399,3.08,5,0.8523,1.0899,0.9093,1.1416,0.948,1.0129,0.9839,0.8909,0.9427,1.0914,187824760.2,220170154.1,166988398.5,188684218.8,139276368,4158562.24,3736537.35,3109027.18,2999520.57,3136596.29,253200,5-story shear model,pending,,,,,,
Case1604,Struct0802,NORTHRIDGE,ground_motion/northbridge.txt,0.02,g,1,1.2243,1.0264,1.0128,0.0236,0.0399,3.08,5,0.8523,1.0899,0.9093,1.1416,0.948,1.0129,0.9839,0.8909,0.9427,1.0914,187824760.2,220170154.1,166988398.5,188684218.8,139276368,4158562.24,3736537.35,3109027.18,2999520.57,3136596.29,253200,5-story shear model,pending,,,,,,
Case1605,Struct0803,EI,ground_motion/ei3.txt,0.02,g,1,1.1293,0.8385,0.8288,0.0646,0.0186,3.557,5,0.8963,1.0621,0.9672,0.9293,0.9861,1.1374,0.9975,0.9567,0.9836,0.8626,182194486.2,197905872.5,163838844,141676896.2,133632327.6,3814839.6,3094693.88,2727456.03,2556720.66,2025212.28,207200,5-story shear model,pending,,,,,,
Case1606,Struct0803,NORTHRIDGE,ground_motion/northbridge.txt,0.02,g,1,1.1293,0.8385,0.8288,0.0646,0.0186,3.557,5,0.8963,1.0621,0.9672,0.9293,0.9861,1.1374,0.9975,0.9567,0.9836,0.8626,182194486.2,197905872.5,163838844,141676896.2,133632327.6,3814839.6,3094693.88,2727456.03,2556720.66,2025212.28,207200,5-story shear model,pending,,,,,,
Case1607,Struct0804,EI,ground_motion/ei3.txt,0.02,g,1,0.9683,0.9994,1.0202,0.0795,0.0496,3.509,5,0.9113,0.8517,0.8937,1.1466,1.1376,1.1367,1.0707,0.8563,0.9776,0.8588,158834122.2,136075683.2,129805456.5,149884125.3,132184569.6,4544071.92,3959213.05,2909673.15,3028741.66,2403197.22,255050,5-story shear model,pending,,,,,,
Case1608,Struct0804,NORTHRIDGE,ground_motion/northbridge.txt,0.02,g,1,0.9683,0.9994,1.0202,0.0795,0.0496,3.509,5,0.9113,0.8517,0.8937,1.1466,1.1376,1.1367,1.0707,0.8563,0.9776,0.8588,158834122.2,136075683.2,129805456.5,149884125.3,132184569.6,4544071.92,3959213.05,2909673.15,3028741.66,2403197.22,255050,5-story shear model,pending,,,,,,
Case1609,Struct0805,EI,ground_motion/ei3.txt,0.02,g,1,0.8859,0.9094,0.9994,0.0639,0.0442,3.52,5,1.006,0.9251,1.0345,1.0874,1.0314,1.1392,0.9454,0.9045,1.1478,0.9035,160418772,135225104.9,137469532.5,130049234.1,109646071.2,4143953.92,3181063.01,2796677.82,3235808.89,2300600.12,249850,5-story shear model,pending,,,,,,
Case1610,Struct0805,NORTHRIDGE,ground_motion/northbridge.txt,0.02,g,1,0.8859,0.9094,0.9994,0.0639,0.0442,3.52,5,1.006,0.9251,1.0345,1.0874,1.0314,1.1392,0.9454,0.9045,1.1478,0.9035,160418772,135225104.9,137469532.5,130049234.1,109646071.2,4143953.92,3181063.01,2796677.82,3235808.89,2300600.12,249850,5-story shear model,pending,,,,,,
Case1611,Struct0806,EI,ground_motion/ei3.txt,0.02,g,1,0.9818,1.1608,1.0801,0.0221,0.0441,3.396,5,0.9183,1.0881,0.8908,1.1369,0.9971,0.9481,1.0158,1.0112,0.8707,0.9192,162285649.2,176268935.7,131188116,150688136.7,117474333.6,4402217.92,4362820.37,3990923.26,3133196.54,2987620.61,270025,5-story shear model,pending,,,,,,
Case1612,Struct0806,NORTHRIDGE,ground_motion/northbridge.txt,0.02,g,1,0.9818,1.1608,1.0801,0.0221,0.0441,3.396,5,0.9183,1.0881,0.8908,1.1369,0.9971,0.9481,1.0158,1.0112,0.8707,0.9192,162285649.2,176268935.7,131188116,150688136.7,117474333.6,4402217.92,4362820.37,3990923.26,3133196.54,2987620.61,270025,5-story shear model,pending,,,,,,
Case1613,Struct0807,EI,ground_motion/ei3.txt,0.02,g,1,1.1607,1.2109,0.9745,0.074,0.0153,3.178,5,1.0731,1.0827,0.946,0.951,1.1423,1.128,0.8994,0.9865,1.0628,1.021,224198490.6,207353831.9,164703330,149016469.5,159104113.2,5463580.8,4029608.8,4061479.69,3989528.01,3461720.92,243625,5-story shear model,pending,,,,,,
Case1614,Struct0807,NORTHRIDGE,ground_motion/northbridge.txt,0.02,g,1,1.1607,1.2109,0.9745,0.074,0.0153,3.178,5,1.0731,1.0827,0.946,0.951,1.1423,1.128,0.8994,0.9865,1.0628,1.021,224198490.6,207353831.9,164703330,149016469.5,159104113.2,5463580.8,4029608.8,4061479.69,3989528.01,3461720.92,243625,5-story shear model,pending,,,,,,
Case1615,Struct0808,EI,ground_motion/ei3.txt,0.02,g,1,1.183,1.1081,1.1379,0.0674,0.0499,3.104,5,1.0416,0.9108,0.863,1.0304,1.0033,1.0289,0.9425,0.8899,0.9234,0.9996,221798304,177783606,153139350,164560032,142428468,4560496.36,3864221.73,3352733.85,3171980.57,3101438.93,284475,5-story shear model,pending,,,,,,
Case1616,Struct0808,NORTHRIDGE,ground_motion/northbridge.txt,0.02,g,1,1.183,1.1081,1.1379,0.0674,0.0499,3.104,5,1.0416,0.9108,0.863,1.0304,1.0033,1.0289,0.9425,0.8899,0.9234,0.9996,221798304,177783606,153139350,164560032,142428468,4560496.36,3864221.73,3352733.85,3171980.57,3101438.93,284475,5-story shear model,pending,,,,,,
Case1617,Struct0809,EI,ground_motion/ei3.txt,0.02,g,1,1.101,0.8636,0.9396,0.0272,0.0332,3.01,5,1.0838,0.8718,0.958,0.9895,0.9953,1.1165,0.9611,0.9022,1.0962,1.1119,214787484,158375547,158213700,147074332.5,131499036,3856837.6,3071022.05,2649075.73,2934702.79,2688663.15,234900,5-story shear model,pending,,,,,,
Case1618,Struct0809,NORTHRIDGE,ground_motion/northbridge.txt,0.02,g,1,1.101,0.8636,0.9396,0.0272,0.0332,3.01,5,1.0838,0.8718,0.958,0.9895,0.9953,1.1165,0.9611,0.9022,1.0962,1.1119,214787484,158375547,158213700,147074332.5,131499036,3856837.6,3071022.05,2649075.73,2934702.79,2688663.15,234900,5-story shear model,pending,,,,,,
Case1619,Struct0810,EI,ground_motion/ei3.txt,0.02,g,1,0.9776,0.9916,0.9025,0.0726,0.0481,3.259,5,0.9428,1.0641,0.9568,1.0203,0.9176,1.1132,1.1018,0.9729,0.855,1.0635,165902630.4,171643586.4,140305152,134655112.8,107645491.2,4415396.48,4042416.06,3280073.98,2628235.8,2952786.48,225625,5-story shear model,pending,,,,,,
Case1620,Struct0810,NORTHRIDGE,ground_motion/northbridge.txt,0.02,g,1,0.9776,0.9916,0.9025,0.0726,0.0481,3.259,5,0.9428,1.0641,0.9568,1.0203,0.9176,1.1132,1.1018,0.9729,0.855,1.0635,165902630.4,171643586.4,140305152,134655112.8,107645491.2,4415396.48,4042416.06,3280073.98,2628235.8,2952786.48,225625,5-story shear model,pending,,,,,,
Case1621,Struct0811,EI,ground_motion/ei3.txt,0.02,g,1,0.831,1.1415,1.0421,0.0288,0.0288,3.241,5,0.9756,0.9202,1.12,0.9171,0.9163,1.1219,1.0982,1.1128,0.919,0.9006,145930248,126173223,139608000,102884863.5,91373436,5122595.4,4638302.61,4318888.08,3252019.35,2878497.72,260525,5-story shear model,pending,,,,,,
Case1622,Struct0811,NORTHRIDGE,ground_motion/northbridge.txt,0.02,g,1,0.831,1.1415,1.0421,0.0288,0.0288,3.241,5,0.9756,0.9202,1.12,0.9171,0.9163,1.1219,1.0982,1.1128,0.919,0.9006,145930248,126173223,139608000,102884863.5,91373436,5122595.4,4638302.61,4318888.08,3252019.35,2878497.72,260525,5-story shear model,pending,,,,,,
Case1623,Struct0812,EI,ground_motion/ei3.txt,0.02,g,1,0.9532,1.229,1.1745,0.0305,0.0168,3.043,5,0.9347,1.0619,1.0105,1.1269,1.0941,0.9848,0.888,0.8853,1.046,0.9997,160372087.2,167013508.2,144481290,145011745.8,125147534.4,4841276.8,4038002.4,3699314.58,3985155.4,3440167.64,293625,5-story shear model,pending,,,,,,
Case1624,Struct0812,NORTHRIDGE,ground_motion/northbridge.txt,0.02,g,1,0.9532,1.229,1.1745,0.0305,0.0168,3.043,5,0.9347,1.0619,1.0105,1.1269,1.0941,0.9848,0.888,0.8853,1.046,0.9997,160372087.2,167013508.2,144481290,145011745.8,125147534.4,4841276.8,4038002.4,3699314.58,3985155.4,3440167.64,293625,5-story shear model,pending,,,,,,
Case1625,Struct0813,EI,ground_motion/ei3.txt,0.02,g,1,1.2316,1.0551,1.0593,0.0254,0.0475,3.084,5,1.0573,1.11,0.8802,0.9048,1.0574,1.0816,1.1434,1.1282,0.9629,0.9822,234390722.4,225567540,162608148,150437476.8,156275260.8,4564784.64,4463684.96,4047236.99,3149462.95,2901693.82,264825,5-story shear model,pending,,,,,,
Case1626,Struct0813,NORTHRIDGE,ground_motion/northbridge.txt,0.02,g,1,1.2316,1.0551,1.0593,0.0254,0.0475,3.084,5,1.0573,1.11,0.8802,0.9048,1.0574,1.0816,1.1434,1.1282,0.9629,0.9822,234390722.4,225567540,162608148,150437476.8,156275260.8,4564784.64,4463684.96,4047236.99,3149462.95,2901693.82,264825,5-story shear model,pending,,,,,,
Case1627,Struct0814,EI,ground_motion/ei3.txt,0.02,g,1,1.1448,0.9844,1.1429,0.0567,0.033,3.282,5,0.8827,1.0313,0.879,1.1485,1.016,1.1419,1.1454,1.0637,1.0717,0.9834,181892692.8,194804319.6,150941880,177498378,139574016,4496345.44,4171867.51,3560161.35,3270442.59,2710565.09,285725,5-story shear model,pending,,,,,,
Case1628,Struct0814,NORTHRIDGE,ground_motion/northbridge.txt,0.02,g,1,1.1448,0.9844,1.1429,0.0567,0.033,3.282,5,0.8827,1.0313,0.879,1.1485,1.016,1.1419,1.1454,1.0637,1.0717,0.9834,181892692.8,194804319.6,150941880,177498378,139574016,4496345.44,4171867.51,3560161.35,3270442.59,2710565.09,285725,5-story shear model,pending,,,,,,
Case1629,Struct0815,EI,ground_motion/ei3.txt,0.02,g,1,1.1686,0.917,1.089,0.0573,0.0429,3.282,5,1.0802,1.1256,0.9249,1.0184,0.9298,1.0434,0.9604,0.85,1.0111,1.0308,227217909.6,217037066.4,162125721,160663802.4,130387713.6,3827191.2,3258541.16,2650130,2874253.97,2646682.08,272250,5-story shear model,pending,,,,,,
Case1630,Struct0815,NORTHRIDGE,ground_motion/northbridge.txt,0.02,g,1,1.1686,0.917,1.089,0.0573,0.0429,3.282,5,1.0802,1.1256,0.9249,1.0184,0.9298,1.0434,0.9604,0.85,1.0111,1.0308,227217909.6,217037066.4,162125721,160663802.4,130387713.6,3827191.2,3258541.16,2650130,2874253.97,2646682.08,272250,5-story shear model,pending,,,,,,
Case1631,Struct0816,EI,ground_motion/ei3.txt,0.02,g,1,0.8774,0.8823,0.8382,0.0389,0.0196,3.491,5,1.1142,0.8965,1.1129,0.9736,0.8799,1.0367,1.1006,0.9009,0.886,0.8504,175967834.4,129787201.5,146468769,115321946.4,92642911.2,3658721.64,3592919.71,2702537.84,2423325.18,2100862.18,209550,5-story shear model,pending,,,,,,
Case1632,Struct0816,NORTHRIDGE,ground_motion/northbridge.txt,0.02,g,1,0.8774,0.8823,0.8382,0.0389,0.0196,3.491,5,1.1142,0.8965,1.1129,0.9736,0.8799,1.0367,1.1006,0.9009,0.886,0.8504,175967834.4,129787201.5,146468769,115321946.4,92642911.2,3658721.64,3592919.71,2702537.84,2423325.18,2100862.18,209550,5-story shear model,pending,,,,,,
Case1633,Struct0817,EI,ground_motion/ei3.txt,0.02,g,1,1.1878,0.8554,0.9013,0.0228,0.0314,3.523,5,1.034,0.9326,1.0922,0.9986,1.1033,1.1489,1.0363,0.89,1.0584,0.9589,221073336,182777476.2,194597274,160128505.8,157259968.8,3931076.24,3279868.77,2588440.4,2806601.62,2296680.57,225325,5-story shear model,pending,,,,,,
Case1634,Struct0817,NORTHRIDGE,ground_motion/northbridge.txt,0.02,g,1,1.1878,0.8554,0.9013,0.0228,0.0314,3.523,5,1.034,0.9326,1.0922,0.9986,1.1033,1.1489,1.0363,0.89,1.0584,0.9589,221073336,182777476.2,194597274,160128505.8,157259968.8,3931076.24,3279868.77,2588440.4,2806601.62,2296680.57,225325,5-story shear model,pending,,,,,,
Case1635,Struct0818,EI,ground_motion/ei3.txt,0.02,g,1,0.8727,0.8123,1.0081,0.0236,0.0376,3.309,5,1.0271,1.0202,0.9358,1.1135,0.9766,1.108,0.9284,1.1025,0.8751,1.1072,161343030.6,146904209.1,122500899,131186445.8,102273458.4,3600113.6,2790315.48,3044906.55,2203615.56,2518259.97,252025,5-story shear model,pending,,,,,,
Case1636,Struct0818,NORTHRIDGE,ground_motion/northbridge.txt,0.02,g,1,0.8727,0.8123,1.0081,0.0236,0.0376,3.309,5,1.0271,1.0202,0.9358,1.1135,0.9766,1.108,0.9284,1.1025,0.8751,1.1072,161343030.6,146904209.1,122500899,131186445.8,102273458.4,3600113.6,2790315.48,3044906.55,2203615.56,2518259.97,252025,5-story shear model,pending,,,,,,
Case1637,Struct0819,EI,ground_motion/ei3.txt,0.02,g,1,0.9216,1.0071,0.9097,0.0315,0.0397,3.169,5,1.0116,1.1286,0.9615,0.8541,0.8865,0.9428,0.9676,0.8882,0.9592,0.9445,167812300.8,171619430.4,132917760,106263705.6,98039808,3797975.52,3605538.85,3041321.15,2994631.99,2663376.66,227425,5-story shear model,pending,,,,,,
Case1638,Struct0819,NORTHRIDGE,ground_motion/northbridge.txt,0.02,g,1,0.9216,1.0071,0.9097,0.0315,0.0397,3.169,5,1.0116,1.1286,0.9615,0.8541,0.8865,0.9428,0.9676,0.8882,0.9592,0.9445,167812300.8,171619430.4,132917760,106263705.6,98039808,3797975.52,3605538.85,3041321.15,2994631.99,2663376.66,227425,5-story shear model,pending,,,,,,
Case1639,Struct0820,EI,ground_motion/ei3.txt,0.02,g,1,1.0872,1.0497,0.9092,0.0376,0.0454,3.463,5,0.981,1.0337,0.9044,1.0897,0.9728,0.9722,0.967,0.9504,0.986,1.0625,191977776,185433375.6,147489552,159937448.4,126915379.2,4082073.36,3755721.63,3391958.59,3208513.02,3122857.5,227300,5-story shear model,pending,,,,,,
Case1640,Struct0820,NORTHRIDGE,ground_motion/northbridge.txt,0.02,g,1,1.0872,1.0497,0.9092,0.0376,0.0454,3.463,5,0.981,1.0337,0.9044,1.0897,0.9728,0.9722,0.967,0.9504,0.986,1.0625,191977776,185433375.6,147489552,159937448.4,126915379.2,4082073.36,3755721.63,3391958.59,3208513.02,3122857.5,227300,5-story shear model,pending,,,,,,
Case1641,Struct0821,EI,ground_motion/ei3.txt,0.02,g,1,1.1973,0.8704,0.8429,0.0395,0.0393,3.478,5,1.022,0.8914,0.9228,1.0839,1.1356,0.9044,0.9539,1.0142,0.9912,1.0629,220255308,176100081.3,165730266,175196718.5,163158465.6,3148759.04,3072015.87,3001382.91,2674495.49,2590414.85,210725,5-story shear model,pending,,,,,,
Case1642,Struct0821,NORTHRIDGE,ground_motion/northbridge.txt,0.02,g,1,1.1973,0.8704,0.8429,0.0395,0.0393,3.478,5,1.022,0.8914,0.9228,1.0839,1.1356,0.9044,0.9539,1.0142,0.9912,1.0629,220255308,176100081.3,165730266,175196718.5,163158465.6,3148759.04,3072015.87,3001382.91,2674495.49,2590414.85,210725,5-story shear model,pending,,,,,,
Case1643,Struct0822,EI,ground_motion/ei3.txt,0.02,g,1,1.1897,1.0024,1.0873,0.0652,0.0221,3.169,5,1.0284,0.943,1.0816,1.0351,1.051,0.8638,0.8897,0.9945,1.0751,0.9502,220227746.4,185111371.5,193016928,166246893.5,150044964,3463492.48,3299790.54,3389415.12,3340808.74,2666945.34,271825,5-story shear model,pending,,,,,,
Case1644,Struct0822,NORTHRIDGE,ground_motion/northbridge.txt,0.02,g,1,1.1897,1.0024,1.0873,0.0652,0.0221,3.169,5,1.0284,0.943,1.0816,1.0351,1.051,0.8638,0.8897,0.9945,1.0751,0.9502,220227746.4,185111371.5,193016928,166246893.5,150044964,3463492.48,3299790.54,3389415.12,3340808.74,2666945.34,271825,5-story shear model,pending,,,,,,
Case1645,Struct0823,EI,ground_motion/ei3.txt,0.02,g,1,1.1432,0.8506,1.0466,0.0772,0.0222,3.018,5,1.039,0.9567,0.9274,1.1313,0.8869,0.8738,0.9671,1.0936,0.9497,0.8719,213801264,180460407.6,159030552,174595791.6,121668489.6,2973017.12,3043676.46,3162734.94,2504225.94,2076586.79,261650,5-story shear model,pending,,,,,,
Case1646,Struct0823,NORTHRIDGE,ground_motion/northbridge.txt,0.02,g,1,1.1432,0.8506,1.0466,0.0772,0.0222,3.018,5,1.039,0.9567,0.9274,1.1313,0.8869,0.8738,0.9671,1.0936,0.9497,0.8719,213801264,180460407.6,159030552,174595791.6,121668489.6,2973017.12,3043676.46,3162734.94,2504225.94,2076586.79,261650,5-story shear model,pending,,,,,,
Case1647,Struct0824,EI,ground_motion/ei3.txt,0.02,g,1,1.0304,0.7818,1.1773,0.0524,0.0376,3.028,5,0.978,0.8823,0.9003,1.047,0.8764,0.9964,0.9844,0.9236,0.8947,1.0561,181391616,150005116.8,139150368,145641888,108365107.2,3115942.08,2847534.5,2455039.63,2168377.03,2311845.14,294325,5-story shear model,pending,,,,,,
Case1648,Struct0824,NORTHRIDGE,ground_motion/northbridge.txt,0.02,g,1,1.0304,0.7818,1.1773,0.0524,0.0376,3.028,5,0.978,0.8823,0.9003,1.047,0.8764,0.9964,0.9844,0.9236,0.8947,1.0561,181391616,150005116.8,139150368,145641888,108365107.2,3115942.08,2847534.5,2455039.63,2168377.03,2311845.14,294325,5-story shear model,pending,,,,,,
Case1649,Struct0825,EI,ground_motion/ei3.txt,0.02,g,1,0.7949,1.2309,0.862,0.0632,0.011,3.254,5,1.0044,0.8933,0.9522,0.8887,0.9214,0.8532,1.0266,1.024,1.0695,1.1332,143711560.8,117163888.1,113535567,95367730.05,87890503.2,4200815.52,4675475.18,4285501.44,4080987.41,3905596.46,215500,5-story shear model,pending,,,,,,
Case1650,Struct0825,NORTHRIDGE,ground_motion/northbridge.txt,0.02,g,1,0.7949,1.2309,0.862,0.0632,0.011,3.254,5,1.0044,0.8933,0.9522,0.8887,0.9214,0.8532,1.0266,1.024,1.0695,1.1332,143711560.8,117163888.1,113535567,95367730.05,87890503.2,4200815.52,4675475.18,4285501.44,4080987.41,3905596.46,215500,5-story shear model,pending,,,,,,
Case1651,Struct0826,EI,ground_motion/ei3.txt,0.02,g,1,1.0886,0.8782,1.0051,0.0512,0.0158,3.414,5,0.969,0.9229,1.1185,0.8753,0.9509,0.8632,0.9668,0.8948,1.0227,1.0615,189873612,165770375.1,182639865,128634963.3,124217968.8,3032248.96,3141461.91,2671765.42,2784218.93,2610186.04,251275,5-story shear model,pending,,,,,,
Case1652,Struct0826,NORTHRIDGE,ground_motion/northbridge.txt,0.02,g,1,1.0886,0.8782,1.0051,0.0512,0.0158,3.414,5,0.969,0.9229,1.1185,0.8753,0.9509,0.8632,0.9668,0.8948,1.0227,1.0615,189873612,165770375.1,182639865,128634963.3,124217968.8,3032248.96,3141461.91,2671765.42,2784218.93,2610186.04,251275,5-story shear model,pending,,,,,,
Case1653,Struct0827,EI,ground_motion/ei3.txt,0.02,g,1,1.0358,0.8611,0.8815,0.0777,0.0175,3.292,5,1.1199,0.916,1.1295,1.1473,1.112,1.0082,1.1102,1.0335,1.1347,1.0364,208798635.6,156550812,175490415,160430400.9,138217152,3472644.08,3537174.91,3025819.29,3028979.53,2498843.31,220375,5-story shear model,pending,,,,,,
Case1654,Struct0827,NORTHRIDGE,ground_motion/northbridge.txt,0.02,g,1,1.0358,0.8611,0.8815,0.0777,0.0175,3.292,5,1.1199,0.916,1.1295,1.1473,1.112,1.0082,1.1102,1.0335,1.1347,1.0364,208798635.6,156550812,175490415,160430400.9,138217152,3472644.08,3537174.91,3025819.29,3028979.53,2498843.31,220375,5-story shear model,pending,,,,,,
Case1655,Struct0828,EI,ground_motion/ei3.txt,0.02,g,1,1.0454,0.9344,1.109,0.0576,0.0401,3.026,5,1.076,0.8555,0.9583,1.0028,1.0393,0.9775,1.1005,1.0786,1.1409,0.9245,202473072,147566050.5,150271023,141524161.2,130378106.4,3653504,3804736.64,3426669.06,3304776.58,2418787.84,277250,5-story shear model,pending,,,,,,
Case1656,Struct0828,NORTHRIDGE,ground_motion/northbridge.txt,0.02,g,1,1.0454,0.9344,1.109,0.0576,0.0401,3.026,5,1.076,0.8555,0.9583,1.0028,1.0393,0.9775,1.1005,1.0786,1.1409,0.9245,202473072,147566050.5,150271023,141524161.2,130378106.4,3653504,3804736.64,3426669.06,3304776.58,2418787.84,277250,5-story shear model,pending,,,,,,
Case1657,Struct0829,EI,ground_motion/ei3.txt,0.02,g,1,0.7772,0.8708,0.8492,0.0355,0.031,3.548,5,1.0878,1.0166,0.988,1.1039,1.1049,1.0324,1.069,0.9047,1.0863,0.9442,152178868.8,130366750.8,115181040,115823395.8,103047393.6,3596055.68,3444275.24,2678563.38,2932445.12,2302186.21,212300,5-story shear model,pending,,,,,,
Case1658,Struct0829,NORTHRIDGE,ground_motion/northbridge.txt,0.02,g,1,0.7772,0.8708,0.8492,0.0355,0.031,3.548,5,1.0878,1.0166,0.988,1.1039,1.1049,1.0324,1.069,0.9047,1.0863,0.9442,152178868.8,130366750.8,115181040,115823395.8,103047393.6,3596055.68,3444275.24,2678563.38,2932445.12,2302186.21,212300,5-story shear model,pending,,,,,,
Case1659,Struct0830,EI,ground_motion/ei3.txt,0.02,g,1,1.2411,0.7703,0.9074,0.0289,0.0113,3.008,5,0.9079,1.0408,0.8667,0.9707,0.9503,1.1323,1.0724,0.9073,1.0948,1.1025,202823044.2,213136585.2,161349205.5,162639329,141530079.6,3488842.76,3056457.96,2376236.85,2614305.76,2377916.1,226850,5-story shear model,pending,,,,,,
Case1660,Struct0830,NORTHRIDGE,ground_motion/northbridge.txt,0.02,g,1,1.2411,0.7703,0.9074,0.0289,0.0113,3.008,5,0.9079,1.0408,0.8667,0.9707,0.9503,1.1323,1.0724,0.9073,1.0948,1.1025,202823044.2,213136585.2,161349205.5,162639329,141530079.6,3488842.76,3056457.96,2376236.85,2614305.76,2377916.1,226850,5-story shear model,pending,,,,,,
Case1661,Struct0831,EI,ground_motion/ei3.txt,0.02,g,1,0.8317,1.2036,1.154,0.0544,0.043,3.018,5,0.9167,0.9043,0.9639,0.8965,1.0208,1.1277,1.1045,1.0561,1.0777,0.8695,137235490.2,124097541.2,120251344.5,100658571.8,101879923.2,5429198.88,4918691.94,4321814.66,4021071.13,2930284.56,288500,5-story shear model,pending,,,,,,
Case1662,Struct0831,NORTHRIDGE,ground_motion/northbridge.txt,0.02,g,1,0.8317,1.2036,1.154,0.0544,0.043,3.018,5,0.9167,0.9043,0.9639,0.8965,1.0208,1.1277,1.1045,1.0561,1.0777,0.8695,137235490.2,124097541.2,120251344.5,100658571.8,101879923.2,5429198.88,4918691.94,4321814.66,4021071.13,2930284.56,288500,5-story shear model,pending,,,,,,
Case1663,Struct0832,EI,ground_motion/ei3.txt,0.02,g,1,1.0974,1.1033,1.0305,0.0738,0.0206,3.251,5,1.0071,1.1003,0.953,1.0394,1.0381,1.1149,0.8936,0.9259,1.0654,0.8548,198934477.2,199232421.3,156873330,153986070.6,136705312.8,4920276.68,3647862.86,3473254.6,3643913.04,2640682.35,257625,5-story shear model,pending,,,,,,
Case1664,Struct0832,NORTHRIDGE,ground_motion/northbridge.txt,0.02,g,1,1.0974,1.1033,1.0305,0.0738,0.0206,3.251,5,1.0071,1.1003,0.953,1.0394,1.0381,1.1149,0.8936,0.9259,1.0654,0.8548,198934477.2,199232421.3,156873330,153986070.6,136705312.8,4920276.68,3647862.86,3473254.6,3643913.04,2640682.35,257625,5-story shear model,pending,,,,,,
Case1665,Struct0833,EI,ground_motion/ei3.txt,0.02,g,1,0.9032,0.7573,1.0536,0.0313,0.0325,3.395,5,1.0229,0.9973,1.0159,1.0673,1.0959,0.9881,1.1276,0.861,1.0475,0.9798,166298990.4,148625624.4,137634132,130138023.6,118778025.6,2993152.52,3159546.48,2216920.02,2459142.43,2077607.11,263400,5-story shear model,pending,,,,,,
Case1666,Struct0833,NORTHRIDGE,ground_motion/northbridge.txt,0.02,g,1,0.9032,0.7573,1.0536,0.0313,0.0325,3.395,5,1.0229,0.9973,1.0159,1.0673,1.0959,0.9881,1.1276,0.861,1.0475,0.9798,166298990.4,148625624.4,137634132,130138023.6,118778025.6,2993152.52,3159546.48,2216920.02,2459142.43,2077607.11,263400,5-story shear model,pending,,,,,,
Case1667,Struct0834,EI,ground_motion/ei3.txt,0.02,g,1,1.2072,1.0567,1.1017,0.0751,0.0386,3.27,5,1.0855,0.8647,1.0268,1.0844,1.0582,1.1229,0.99,1.1497,1.1493,0.9308,235874808,172237863.6,185932944,176726836.8,153295084.8,4746273.72,3870692.1,4130619.17,3764842.46,2754013.81,275425,5-story shear model,pending,,,,,,
Case1668,Struct0834,NORTHRIDGE,ground_motion/northbridge.txt,0.02,g,1,1.2072,1.0567,1.1017,0.0751,0.0386,3.27,5,1.0855,0.8647,1.0268,1.0844,1.0582,1.1229,0.99,1.1497,1.1493,0.9308,235874808,172237863.6,185932944,176726836.8,153295084.8,4746273.72,3870692.1,4130619.17,3764842.46,2754013.81,275425,5-story shear model,pending,,,,,,
Case1669,Struct0835,EI,ground_motion/ei3.txt,0.02,g,1,0.8635,0.7936,0.8507,0.0619,0.0365,3.161,5,1.0554,1.1355,1.0365,1.0131,0.9317,0.9079,0.8907,1.0488,0.9592,1.1048,164040822,161783201.3,134252662.5,118099599.8,96542754,2882037.76,2615380.22,2829914.11,2359785.47,2454953.98,212675,5-story shear model,pending,,,,,,
Case1670,Struct0835,NORTHRIDGE,ground_motion/northbridge.txt,0.02,g,1,0.8635,0.7936,0.8507,0.0619,0.0365,3.161,5,1.0554,1.1355,1.0365,1.0131,0.9317,0.9079,0.8907,1.0488,0.9592,1.1048,164040822,161783201.3,134252662.5,118099599.8,96542754,2882037.76,2615380.22,2829914.11,2359785.47,2454953.98,212675,5-story shear model,pending,,,,,,
Case1671,Struct0836,EI,ground_motion/ei3.txt,0.02,g,1,1.0638,1.1241,1.0275,0.0316,0.0409,3.44,5,1.044,0.9502,0.9123,1.0675,0.9208,0.8913,0.8738,0.9846,1.1394,1.1258,199909296,166785755.4,145575711,153306877.5,117545644.8,4007641.32,3634282.75,3763082.12,3970478.57,3543432.98,256875,5-story shear model,pending,,,,,,
Case1672,Struct0836,NORTHRIDGE,ground_motion/northbridge.txt,0.02,g,1,1.0638,1.1241,1.0275,0.0316,0.0409,3.44,5,1.044,0.9502,0.9123,1.0675,0.9208,0.8913,0.8738,0.9846,1.1394,1.1258,199909296,166785755.4,145575711,153306877.5,117545644.8,4007641.32,3634282.75,3763082.12,3970478.57,3543432.98,256875,5-story shear model,pending,,,,,,
Case1673,Struct0837,EI,ground_motion/ei3.txt,0.02,g,1,1.2315,0.9994,0.9974,0.0266,0.0426,3.561,5,0.9482,0.9405,0.9534,0.8858,1.0259,0.8897,0.9098,0.9935,1.053,0.9155,210187494,191107248.8,176116815,147266464.5,151607502,3556664.72,3364240.24,3375873.26,3262341.42,2561861.96,249350,5-story shear model,pending,,,,,,
Case1674,Struct0837,NORTHRIDGE,ground_motion/northbridge.txt,0.02,g,1,1.2315,0.9994,0.9974,0.0266,0.0426,3.561,5,0.9482,0.9405,0.9534,0.8858,1.0259,0.8897,0.9098,0.9935,1.053,0.9155,210187494,191107248.8,176116815,147266464.5,151607502,3556664.72,3364240.24,3375873.26,3262341.42,2561861.96,249350,5-story shear model,pending,,,,,,
Case1675,Struct0838,EI,ground_motion/ei3.txt,0.02,g,1,0.9733,1.233,1.0945,0.0413,0.0143,3.055,5,1.0425,1.0682,1.0553,0.9496,0.8705,1.1035,1.0447,1.0653,1.0684,0.8692,182639745,171547044.9,154068523.5,124773166.8,101670918,5442462,4766025.87,4465950.66,4083745.32,3000826.08,273625,5-story shear model,pending,,,,,,
Case1676,Struct0838,NORTHRIDGE,ground_motion/northbridge.txt,0.02,g,1,0.9733,1.233,1.0945,0.0413,0.0143,3.055,5,1.0425,1.0682,1.0553,0.9496,0.8705,1.1035,1.0447,1.0653,1.0684,0.8692,182639745,171547044.9,154068523.5,124773166.8,101670918,5442462,4766025.87,4465950.66,4083745.32,3000826.08,273625,5-story shear model,pending,,,,,,
Case1677,Struct0839,EI,ground_motion/ei3.txt,0.02,g,1,0.8253,0.758,1.004,0.038,0.0322,3.492,5,0.9883,0.971,1.1084,0.8864,1.1289,1.0453,1.0497,0.8517,0.9135,0.9026,146815918.2,132225439.5,137214378,98758699.2,111801740.4,3169349.6,2943988.62,2195001.24,2146542.3,1915678.24,251000,5-story shear model,pending,,,,,,
Case1678,Struct0839,NORTHRIDGE,ground_motion/northbridge.txt,0.02,g,1,0.8253,0.758,1.004,0.038,0.0322,3.492,5,0.9883,0.971,1.1084,0.8864,1.1289,1.0453,1.0497,0.8517,0.9135,0.9026,146815918.2,132225439.5,137214378,98758699.2,111801740.4,3169349.6,2943988.62,2195001.24,2146542.3,1915678.24,251000,5-story shear model,pending,,,,,,
Case1679,Struct0840,EI,ground_motion/ei3.txt,0.02,g,1,1.1353,1.0812,0.92,0.0473,0.0108,3.152,5,1.029,1.0884,0.8677,0.9931,0.9045,1.1107,1.0793,0.9454,0.9862,0.8876,210280266,203883985.8,147764971.5,152207968.1,123225462,4803555.36,4317674.89,3475366.03,3305466.26,2687084.74,230000,5-story shear model,pending,,,,,,
Case1680,Struct0840,NORTHRIDGE,ground_motion/northbridge.txt,0.02,g,1,1.1353,1.0812,0.92,0.0473,0.0108,3.152,5,1.029,1.0884,0.8677,0.9931,0.9045,1.1107,1.0793,0.9454,0.9862,0.8876,210280266,203883985.8,147764971.5,152207968.1,123225462,4803555.36,4317674.89,3475366.03,3305466.26,2687084.74,230000,5-story shear model,pending,,,,,,
Case1681,Struct0841,EI,ground_motion/ei3.txt,0.02,g,1,1.1078,1.0504,1.169,0.0395,0.0332,3.224,5,1.0618,0.9381,1.1432,0.9825,1.132,0.876,0.964,1.1396,1.0103,0.9833,211727167.2,171472484.7,189965544,146935822.5,150483552,3680601.6,3746566.72,4069921.86,3289779.27,2892003.3,292250,5-story shear model,pending,,,,,,
Case1682,Struct0841,NORTHRIDGE,ground_motion/northbridge.txt,0.02,g,1,1.1078,1.0504,1.169,0.0395,0.0332,3.224,5,1.0618,0.9381,1.1432,0.9825,1.132,0.876,0.964,1.1396,1.0103,0.9833,211727167.2,171472484.7,189965544,146935822.5,150483552,3680601.6,3746566.72,4069921.86,3289779.27,2892003.3,292250,5-story shear model,pending,,,,,,
Case1683,Struct0842,EI,ground_motion/ei3.txt,0.02,g,1,1.0526,0.8542,0.8645,0.0431,0.0326,3.181,5,1.0859,1.0019,0.9138,1.0975,1.0157,0.8987,1.1265,0.9667,0.9904,0.907,205743301.2,174008990.1,144279882,155955847.5,128295098.4,3070678.16,3560348.31,2807567.48,2622599.01,2169326.32,216125,5-story shear model,pending,,,,,,
Case1684,Struct0842,NORTHRIDGE,ground_motion/northbridge.txt,0.02,g,1,1.0526,0.8542,0.8645,0.0431,0.0326,3.181,5,1.0859,1.0019,0.9138,1.0975,1.0157,0.8987,1.1265,0.9667,0.9904,0.907,205743301.2,174008990.1,144279882,155955847.5,128295098.4,3070678.16,3560348.31,2807567.48,2622599.01,2169326.32,216125,5-story shear model,pending,,,,,,
Case1685,Struct0843,EI,ground_motion/ei3.txt,0.02,g,1,0.8533,1.2203,1.1557,0.0779,0.0139,3.213,5,0.9107,1.0727,1.0535,0.9578,0.9606,1.079,1.1145,1.1188,0.9944,1.0557,139878055.8,151030260.2,134842732.5,110334249.9,98361597.6,5266814.8,5032090.1,4641923.58,3761745.59,3607157.99,288925,5-story shear model,pending,,,,,,
Case1686,Struct0843,NORTHRIDGE,ground_motion/northbridge.txt,0.02,g,1,0.8533,1.2203,1.1557,0.0779,0.0139,3.213,5,0.9107,1.0727,1.0535,0.9578,0.9606,1.079,1.1145,1.1188,0.9944,1.0557,139878055.8,151030260.2,134842732.5,110334249.9,98361597.6,5266814.8,5032090.1,4641923.58,3761745.59,3607157.99,288925,5-story shear model,pending,,,,,,
Case1687,Struct0844,EI,ground_motion/ei3.txt,0.02,g,1,0.9625,1.2063,1.0179,0.0611,0.0479,3.12,5,0.9354,0.862,1.1249,1.0661,1.0342,0.9129,0.985,1.061,1.0509,0.8754,162058050,136896375,162407437.5,138526368.8,119450100,4404925.08,4396360.35,4351606.62,3929872.08,2956786.06,254475,5-story shear model,pending,,,,,,
Case1688,Struct0844,NORTHRIDGE,ground_motion/northbridge.txt,0.02,g,1,0.9625,1.2063,1.0179,0.0611,0.0479,3.12,5,0.9354,0.862,1.1249,1.0661,1.0342,0.9129,0.985,1.061,1.0509,0.8754,162058050,136896375,162407437.5,138526368.8,119450100,4404925.08,4396360.35,4351606.62,3929872.08,2956786.06,254475,5-story shear model,pending,,,,,,
Case1689,Struct0845,EI,ground_motion/ei3.txt,0.02,g,1,0.9848,1.0799,1.0383,0.0511,0.0173,3.357,5,0.9309,1.1029,0.9195,1.0035,1.1248,0.8674,0.9817,0.939,1.051,1.1394,165015057.6,179212426.8,135828540,133413318,132924364.8,3746821.04,3922509.97,3447688.74,3518422.19,3445226.57,259575,5-story shear model,pending,,,,,,
Case1690,Struct0845,NORTHRIDGE,ground_motion/northbridge.txt,0.02,g,1,0.9848,1.0799,1.0383,0.0511,0.0173,3.357,5,0.9309,1.1029,0.9195,1.0035,1.1248,0.8674,0.9817,0.939,1.051,1.1394,165015057.6,179212426.8,135828540,133413318,132924364.8,3746821.04,3922509.97,3447688.74,3518422.19,3445226.57,259575,5-story shear model,pending,,,,,,
Case1691,Struct0846,EI,ground_motion/ei3.txt,0.02,g,1,1.0816,0.9793,0.8041,0.0276,0.0337,3.424,5,0.9047,0.931,1.0697,1.0077,1.013,0.9831,1.1254,1.0184,0.8692,1.0859,176134233.6,166149984,173548128,147140323.2,131479296,3850999.32,4077785.61,3390885.01,2638743.44,2977581.24,201025,5-story shear model,pending,,,,,,
Case1692,Struct0846,NORTHRIDGE,ground_motion/northbridge.txt,0.02,g,1,1.0816,0.9793,0.8041,0.0276,0.0337,3.424,5,0.9047,0.931,1.0697,1.0077,1.013,0.9831,1.1254,1.0184,0.8692,1.0859,176134233.6,166149984,173548128,147140323.2,131479296,3850999.32,4077785.61,3390885.01,2638743.44,2977581.24,201025,5-story shear model,pending,,,,,,
Case1693,Struct0847,EI,ground_motion/ei3.txt,0.02,g,1,1.0172,1.1416,1.1168,0.0674,0.0183,3.226,5,1.003,0.9478,1.0304,1.1127,0.9585,1.0892,0.979,1.0409,0.8623,0.8583,183645288,159076856.4,157218432,152798189.4,116998344,4973722.88,4135217.68,4040190.9,3051645.21,2743538.78,279200,5-story shear model,pending,,,,,,
Case1694,Struct0847,NORTHRIDGE,ground_motion/northbridge.txt,0.02,g,1,1.0172,1.1416,1.1168,0.0674,0.0183,3.226,5,1.003,0.9478,1.0304,1.1127,0.9585,1.0892,0.979,1.0409,0.8623,0.8583,183645288,159076856.4,157218432,152798189.4,116998344,4973722.88,4135217.68,4040190.9,3051645.21,2743538.78,279200,5-story shear model,pending,,,,,,
Case1695,Struct0848,EI,ground_motion/ei3.txt,0.02,g,1,0.8153,1.0991,1.1685,0.0766,0.0195,3.545,5,1.1435,1.037,0.8854,0.8917,1.0937,1.0229,0.9565,1.0817,1.1322,0.8662,167813199,139501906.5,108279993,98145406.35,107003233.2,4497077.56,3889769.85,4042248,3857643.16,2665713.18,292125,5-story shear model,pending,,,,,,
Case1696,Struct0848,NORTHRIDGE,ground_motion/northbridge.txt,0.02,g,1,0.8153,1.0991,1.1685,0.0766,0.0195,3.545,5,1.1435,1.037,0.8854,0.8917,1.0937,1.0229,0.9565,1.0817,1.1322,0.8662,167813199,139501906.5,108279993,98145406.35,107003233.2,4497077.56,3889769.85,4042248,3857643.16,2665713.18,292125,5-story shear model,pending,,,,,,
Case1697,Struct0849,EI,ground_motion/ei3.txt,0.02,g,1,1.2354,1.0713,0.9776,0.0486,0.0358,3.011,5,1.0122,1.0232,0.9326,1.1026,0.8615,1.0758,1.0765,0.8938,1.1355,1.1016,225084938.4,208570111.2,172820106,183890525.4,127715652,4610018.16,4267041.46,3255595,3771029.56,3304403.42,244400,5-story shear model,pending,,,,,,
Case1698,Struct0849,NORTHRIDGE,ground_motion/northbridge.txt,0.02,g,1,1.2354,1.0713,0.9776,0.0486,0.0358,3.011,5,1.0122,1.0232,0.9326,1.1026,0.8615,1.0758,1.0765,0.8938,1.1355,1.1016,225084938.4,208570111.2,172820106,183890525.4,127715652,4610018.16,4267041.46,3255595,3771029.56,3304403.42,244400,5-story shear model,pending,,,,,,
Case1699,Struct0850,EI,ground_motion/ei3.txt,0.02,g,1,0.848,1.0422,1.1529,0.0439,0.0371,3.337,5,1.1289,1.0265,1.0176,1.0766,1.1159,1.0677,1.046,0.929,1.1399,0.973,172315296,143627880,129438720,123249168,113553984,4451027.76,4033522.44,3291892.92,3682811.72,2839369.68,288225,5-story shear model,pending,,,,,,
Case1700,Struct0850,NORTHRIDGE,ground_motion/northbridge.txt,0.02,g,1,0.848,1.0422,1.1529,0.0439,0.0371,3.337,5,1.1289,1.0265,1.0176,1.0766,1.1159,1.0677,1.046,0.929,1.1399,0.973,172315296,143627880,129438720,123249168,113553984,4451027.76,4033522.44,3291892.92,3682811.72,2839369.68,288225,5-story shear model,pending,,,,,,
Case1701,Struct0851,EI,ground_motion/ei3.txt,0.02,g,1,1.0471,1.0679,1.1491,0.0716,0.0394,3.547,5,1.1144,0.9859,0.8654,0.9991,1.1042,0.9105,0.9397,1.0255,0.9198,1.0665,210039883.2,170335421.9,135924051,141231277.4,138744938.4,3889291.8,3712970.83,3723446.93,3044988.7,3188962.98,287275,5-story shear model,pending,,,,,,
Case1702,Struct0851,NORTHRIDGE,ground_motion/northbridge.txt,0.02,g,1,1.0471,1.0679,1.1491,0.0716,0.0394,3.547,5,1.1144,0.9859,0.8654,0.9991,1.1042,0.9105,0.9397,1.0255,0.9198,1.0665,210039883.2,170335421.9,135924051,141231277.4,138744938.4,3889291.8,3712970.83,3723446.93,3044988.7,3188962.98,287275,5-story shear model,pending,,,,,,
Case1703,Struct0852,EI,ground_motion/ei3.txt,0.02,g,1,1.1764,1.0966,0.9278,0.054,0.0461,3.047,5,1.1076,0.9119,0.9438,1.0609,1.0026,1.1219,0.8941,0.8806,1.012,0.8831,234536515.2,177005261.4,166542948,168485772.6,141535036.8,4921102.16,3627739.22,3283264.26,3440253.52,2711540.89,231950,5-story shear model,pending,,,,,,
Case1704,Struct0852,NORTHRIDGE,ground_motion/northbridge.txt,0.02,g,1,1.1764,1.0966,0.9278,0.054,0.0461,3.047,5,1.1076,0.9119,0.9438,1.0609,1.0026,1.1219,0.8941,0.8806,1.012,0.8831,234536515.2,177005261.4,166542948,168485772.6,141535036.8,4921102.16,3627739.22,3283264.26,3440253.52,2711540.89,231950,5-story shear model,pending,,,,,,
Case1705,Struct0853,EI,ground_motion/ei3.txt,0.02,g,1,1.2232,1.0531,0.9826,0.0772,0.0177,3.03,5,1.1309,0.9119,1.0873,1.0802,0.9202,1.0059,0.8861,0.951,1.1128,1.136,248997038.4,184046953.2,199497804,178375586.4,135070636.8,4237253.16,3452662.07,3405093.54,3632858.01,3349700.48,245650,5-story shear model,pending,,,,,,
Case1706,Struct0853,NORTHRIDGE,ground_motion/northbridge.txt,0.02,g,1,1.2232,1.0531,0.9826,0.0772,0.0177,3.03,5,1.1309,0.9119,1.0873,1.0802,0.9202,1.0059,0.8861,0.951,1.1128,1.136,248997038.4,184046953.2,199497804,178375586.4,135070636.8,4237253.16,3452662.07,3405093.54,3632858.01,3349700.48,245650,5-story shear model,pending,,,,,,
Case1707,Struct0854,EI,ground_motion/ei3.txt,0.02,g,1,1.2418,0.8483,0.92,0.044,0.0489,3.04,5,0.8836,0.9008,1.1308,0.8882,0.9091,1.0635,0.9204,0.9334,0.8617,0.9643,197505806.4,184571217.6,210634116,148900512.6,135470445.6,3608668.2,2888868.68,2692130.95,2266038.34,2290443.93,230000,5-story shear model,pending,,,,,,
Case1708,Struct0854,NORTHRIDGE,ground_motion/northbridge.txt,0.02,g,1,1.2418,0.8483,0.92,0.044,0.0489,3.04,5,0.8836,0.9008,1.1308,0.8882,0.9091,1.0635,0.9204,0.9334,0.8617,0.9643,197505806.4,184571217.6,210634116,148900512.6,135470445.6,3608668.2,2888868.68,2692130.95,2266038.34,2290443.93,230000,5-story shear model,pending,,,,,,
Case1709,Struct0855,EI,ground_motion/ei3.txt,0.02,g,1,0.8638,1.2364,1.1093,0.0661,0.0197,3.504,5,1.0727,0.9224,1.0103,1.0917,1.0935,1.1448,1.0623,0.8722,1.0482,0.9603,166787686.8,131466904.8,130904571,127306412.1,113347836,5661722.88,4859682.56,3666519.47,4017582.89,3324481.78,277325,5-story shear model,pending,,,,,,
Case1710,Struct0855,NORTHRIDGE,ground_motion/northbridge.txt,0.02,g,1,0.8638,1.2364,1.1093,0.0661,0.0197,3.504,5,1.0727,0.9224,1.0103,1.0917,1.0935,1.1448,1.0623,0.8722,1.0482,0.9603,166787686.8,131466904.8,130904571,127306412.1,113347836,5661722.88,4859682.56,3666519.47,4017582.89,3324481.78,277325,5-story shear model,pending,,,,,,
Case1711,Struct0856,EI,ground_motion/ei3.txt,0.02,g,1,0.8877,1.0641,1.1598,0.0645,0.0495,3.382,5,1.0523,1.0481,0.918,0.949,0.882,1.1382,0.9762,1.1389,1.0394,0.9069,168142807.8,153515731.1,122236290,113727685.5,93954168,4844634.48,3843465.35,4120471.87,3428679.17,2702090.41,289950,5-story shear model,pending,,,,,,
Case1712,Struct0856,NORTHRIDGE,ground_motion/northbridge.txt,0.02,g,1,0.8877,1.0641,1.1598,0.0645,0.0495,3.382,5,1.0523,1.0481,0.918,0.949,0.882,1.1382,0.9762,1.1389,1.0394,0.9069,168142807.8,153515731.1,122236290,113727685.5,93954168,4844634.48,3843465.35,4120471.87,3428679.17,2702090.41,289950,5-story shear model,pending,,,,,,
Case1713,Struct0857,EI,ground_motion/ei3.txt,0.02,g,1,1.2309,1.0939,1.155,0.0585,0.0399,3.085,5,0.945,1.0662,0.8624,0.9505,1.0317,1.0598,1.0947,1.1088,0.9385,0.8666,209376090,216543620.7,159229224,157946010.8,152390343.6,4637260.88,4430721.62,4123915.49,3182537.97,2654326.47,288750,5-story shear model,pending,,,,,,
Case1714,Struct0857,NORTHRIDGE,ground_motion/northbridge.txt,0.02,g,1,1.2309,1.0939,1.155,0.0585,0.0399,3.085,5,0.945,1.0662,0.8624,0.9505,1.0317,1.0598,1.0947,1.1088,0.9385,0.8666,209376090,216543620.7,159229224,157946010.8,152390343.6,4637260.88,4430721.62,4123915.49,3182537.97,2654326.47,288750,5-story shear model,pending,,,,,,
Case1715,Struct0858,EI,ground_motion/ei3.txt,0.02,g,1,1.2286,0.7561,0.816,0.0423,0.0199,3.327,5,0.9538,0.8988,0.9799,0.9592,1.1376,0.9993,1.1429,0.9782,0.962,0.8688,210930962.4,182203837.2,180585771,159093871.2,167718643.2,3022282.92,3197342.75,2514697.87,2254841.42,1839319.1,204000,5-story shear model,pending,,,,,,
Case1716,Struct0858,NORTHRIDGE,ground_motion/northbridge.txt,0.02,g,1,1.2286,0.7561,0.816,0.0423,0.0199,3.327,5,0.9538,0.8988,0.9799,0.9592,1.1376,0.9993,1.1429,0.9782,0.962,0.8688,210930962.4,182203837.2,180585771,159093871.2,167718643.2,3022282.92,3197342.75,2514697.87,2254841.42,1839319.1,204000,5-story shear model,pending,,,,,,
Case1717,Struct0859,EI,ground_motion/ei3.txt,0.02,g,1,1.1622,1.1468,1.1877,0.059,0.028,3.297,5,1.0064,1.0344,1.0597,0.9419,0.9932,1.1375,1.0797,0.9842,0.9347,0.9367,210534854.4,198359647.2,184737501,147781284.3,138515644.8,5217940,4581339.85,3837513.9,3322933.28,3007781.17,296925,5-story shear model,pending,,,,,,
Case1718,Struct0859,NORTHRIDGE,ground_motion/northbridge.txt,0.02,g,1,1.1622,1.1468,1.1877,0.059,0.028,3.297,5,1.0064,1.0344,1.0597,0.9419,0.9932,1.1375,1.0797,0.9842,0.9347,0.9367,210534854.4,198359647.2,184737501,147781284.3,138515644.8,5217940,4581339.85,3837513.9,3322933.28,3007781.17,296925,5-story shear model,pending,,,,,,
Case1719,Struct0860,EI,ground_motion/ei3.txt,0.02,g,1,1.1158,0.9781,1.0411,0.0682,0.0476,3.103,5,0.9974,0.9333,1.0784,0.9521,0.9718,0.9938,0.9394,0.9325,1.1151,1.0468,200321805.6,171827063.1,180491808,143417679.3,130120132.8,3888143.12,3399660.42,3101066.05,3381105.86,2866850.22,260275,5-story shear model,pending,,,,,,
Case1720,Struct0860,NORTHRIDGE,ground_motion/northbridge.txt,0.02,g,1,1.1158,0.9781,1.0411,0.0682,0.0476,3.103,5,0.9974,0.9333,1.0784,0.9521,0.9718,0.9938,0.9394,0.9325,1.1151,1.0468,200321805.6,171827063.1,180491808,143417679.3,130120132.8,3888143.12,3399660.42,3101066.05,3381105.86,2866850.22,260275,5-story shear model,pending,,,,,,
Case1721,Struct0861,EI,ground_motion/ei3.txt,0.02,g,1,1.1926,1.0785,0.8209,0.0791,0.0419,3.241,5,0.9979,1.1437,0.9501,1.1022,0.9686,0.9603,1.0784,1.1007,0.9934,0.9213,214217197.2,225056142.3,169963389,177455302.2,138618283.2,4142734.2,4303301.28,4036156.83,3321283.89,2782141.74,205225,5-story shear model,pending,,,,,,
Case1722,Struct0861,NORTHRIDGE,ground_motion/northbridge.txt,0.02,g,1,1.1926,1.0785,0.8209,0.0791,0.0419,3.241,5,0.9979,1.1437,0.9501,1.1022,0.9686,0.9603,1.0784,1.1007,0.9934,0.9213,214217197.2,225056142.3,169963389,177455302.2,138618283.2,4142734.2,4303301.28,4036156.83,3321283.89,2782141.74,205225,5-story shear model,pending,,,,,,
Case1723,Struct0862,EI,ground_motion/ei3.txt,0.02,g,1,1.0823,0.849,0.9573,0.0741,0.0196,3.288,5,1.0707,0.8751,0.9733,0.8795,0.8968,1.0325,0.9466,1.0145,1.1301,0.9742,208587349.8,156274920.5,158010388.5,128504184.8,116472796.8,3506370,2973554.58,2928455.7,2974310.19,2315868.24,239325,5-story shear model,pending,,,,,,
Case1724,Struct0862,NORTHRIDGE,ground_motion/northbridge.txt,0.02,g,1,1.0823,0.849,0.9573,0.0741,0.0196,3.288,5,1.0707,0.8751,0.9733,0.8795,0.8968,1.0325,0.9466,1.0145,1.1301,0.9742,208587349.8,156274920.5,158010388.5,128504184.8,116472796.8,3506370,2973554.58,2928455.7,2974310.19,2315868.24,239325,5-story shear model,pending,,,,,,
Case1725,Struct0863,EI,ground_motion/ei3.txt,0.02,g,1,1.0815,0.8606,1.1176,0.0368,0.041,3.428,5,1.0631,0.9004,1.0735,0.8969,1.1495,1.0239,1.1258,1.006,1.1374,0.9272,206953677,160674129,174148537.5,130949642.3,149182110,3524673.36,3584794.88,2943596.24,3034423.96,2234255.3,279400,5-story shear model,pending,,,,,,
Case1726,Struct0863,NORTHRIDGE,ground_motion/northbridge.txt,0.02,g,1,1.0815,0.8606,1.1176,0.0368,0.041,3.428,5,1.0631,0.9004,1.0735,0.8969,1.1495,1.0239,1.1258,1.006,1.1374,0.9272,206953677,160674129,174148537.5,130949642.3,149182110,3524673.36,3584794.88,2943596.24,3034423.96,2234255.3,279400,5-story shear model,pending,,,,,,
Case1727,Struct0864,EI,ground_motion/ei3.txt,0.02,g,1,0.9877,0.8727,1.136,0.0712,0.0349,3.436,5,0.8881,0.9854,1.0172,0.9685,0.9735,0.9872,0.8791,0.9964,1.0018,0.9319,157891746.6,160591130.7,150703266,129139305.8,115383114,3446117.76,2838605.11,2956498.15,2710239.67,2277153.56,284000,5-story shear model,pending,,,,,,
Case1728,Struct0864,NORTHRIDGE,ground_motion/northbridge.txt,0.02,g,1,0.9877,0.8727,1.136,0.0712,0.0349,3.436,5,0.8881,0.9854,1.0172,0.9685,0.9735,0.9872,0.8791,0.9964,1.0018,0.9319,157891746.6,160591130.7,150703266,129139305.8,115383114,3446117.76,2838605.11,2956498.15,2710239.67,2277153.56,284000,5-story shear model,pending,,,,,,
Case1729,Struct0865,EI,ground_motion/ei3.txt,0.02,g,1,1.0671,0.855,0.8301,0.0506,0.0236,3.245,5,1.1339,0.927,0.8791,0.9379,1.0448,1.0984,0.9256,1.0676,0.8956,1.0737,217797244.2,163218280.5,140713141.5,135112467.2,133788729.6,3756528,2928135.6,3103513.2,2373787.8,2570437.8,207525,5-story shear model,pending,,,,,,
Case1730,Struct0865,NORTHRIDGE,ground_motion/northbridge.txt,0.02,g,1,1.0671,0.855,0.8301,0.0506,0.0236,3.245,5,1.1339,0.927,0.8791,0.9379,1.0448,1.0984,0.9256,1.0676,0.8956,1.0737,217797244.2,163218280.5,140713141.5,135112467.2,133788729.6,3756528,2928135.6,3103513.2,2373787.8,2570437.8,207525,5-story shear model,pending,,,,,,
Case1731,Struct0866,EI,ground_motion/ei3.txt,0.02,g,1,0.8621,0.7644,0.876,0.0367,0.0295,3.315,5,1.0939,0.9223,0.9374,0.9741,1.0281,1.0988,1.0614,0.9803,0.9324,0.87,169749214.2,131193947,121219881,113369167.4,106359001.2,3359690.88,3001936.39,2547760.49,2209452.34,1862078.4,219000,5-story shear model,pending,,,,,,
Case1732,Struct0866,NORTHRIDGE,ground_motion/northbridge.txt,0.02,g,1,0.8621,0.7644,0.876,0.0367,0.0295,3.315,5,1.0939,0.9223,0.9374,0.9741,1.0281,1.0988,1.0614,0.9803,0.9324,0.87,169749214.2,131193947,121219881,113369167.4,106359001.2,3359690.88,3001936.39,2547760.49,2209452.34,1862078.4,219000,5-story shear model,pending,,,,,,
Case1733,Struct0867,EI,ground_motion/ei3.txt,0.02,g,1,0.9673,0.8108,1.017,0.0639,0.0442,3.138,5,0.8676,0.9459,1.075,1.0249,1.0095,1.0867,1.1468,0.9419,0.9819,0.959,151061306.4,150969896.6,155977125,133837079,117178722,3524385.44,3440354.13,2596554.57,2467986.01,2177160.16,254250,5-story shear model,pending,,,,,,
Case1734,Struct0867,NORTHRIDGE,ground_motion/northbridge.txt,0.02,g,1,0.9673,0.8108,1.017,0.0639,0.0442,3.138,5,0.8676,0.9459,1.075,1.0249,1.0095,1.0867,1.1468,0.9419,0.9819,0.959,151061306.4,150969896.6,155977125,133837079,117178722,3524385.44,3440354.13,2596554.57,2467986.01,2177160.16,254250,5-story shear model,pending,,,,,,
Case1735,Struct0868,EI,ground_motion/ei3.txt,0.02,g,1,1.0001,1.1063,0.9566,0.0206,0.0199,3.065,5,0.8735,1.0436,0.9792,1.0847,0.8993,1.093,1.1216,0.9109,1.0071,1.1248,157245723,172211219.4,146894688,146449143.5,107926791.6,4836743.6,4591056.5,3426277.48,3453879.66,3484225.47,239150,5-story shear model,pending,,,,,,
Case1736,Struct0868,NORTHRIDGE,ground_motion/northbridge.txt,0.02,g,1,1.0001,1.1063,0.9566,0.0206,0.0199,3.065,5,0.8735,1.0436,0.9792,1.0847,0.8993,1.093,1.1216,0.9109,1.0071,1.1248,157245723,172211219.4,146894688,146449143.5,107926791.6,4836743.6,4591056.5,3426277.48,3453879.66,3484225.47,239150,5-story shear model,pending,,,,,,
Case1737,Struct0869,EI,ground_motion/ei3.txt,0.02,g,1,1.0042,0.9259,1.0508,0.0748,0.0155,3.295,5,1.0631,0.8589,1.1128,1.0846,1.0167,0.8627,0.8551,1.0436,1.0816,1.1346,192161703.6,142313717.7,167621064,147035968.2,122516416.8,3195095.72,2929427.23,3285315.42,3104505.66,2941473.19,262700,5-story shear model,pending,,,,,,
Case1738,Struct0869,NORTHRIDGE,ground_motion/northbridge.txt,0.02,g,1,1.0042,0.9259,1.0508,0.0748,0.0155,3.295,5,1.0631,0.8589,1.1128,1.0846,1.0167,0.8627,0.8551,1.0436,1.0816,1.1346,192161703.6,142313717.7,167621064,147035968.2,122516416.8,3195095.72,2929427.23,3285315.42,3104505.66,2941473.19,262700,5-story shear model,pending,,,,,,
Case1739,Struct0870,EI,ground_motion/ei3.txt,0.02,g,1,0.7955,1.1803,1.1039,0.0318,0.0267,3.209,5,1.0239,0.9625,1.0818,1.0041,1.0692,1.0831,1.0294,0.9804,1.0479,1.1058,146612241,126335343.8,129085785,107832809.3,102065832,5113531.72,4495503.03,3934364.81,3834192.75,3654492.07,275975,5-story shear model,pending,,,,,,
Case1740,Struct0870,NORTHRIDGE,ground_motion/northbridge.txt,0.02,g,1,0.7955,1.1803,1.1039,0.0318,0.0267,3.209,5,1.0239,0.9625,1.0818,1.0041,1.0692,1.0831,1.0294,0.9804,1.0479,1.1058,146612241,126335343.8,129085785,107832809.3,102065832,5113531.72,4495503.03,3934364.81,3834192.75,3654492.07,275975,5-story shear model,pending,,,,,,
Case1741,Struct0871,EI,ground_motion/ei3.txt,0.02,g,1,0.9394,0.7647,0.8738,0.0422,0.0152,3.422,5,1.1089,0.9315,0.9047,0.8635,0.8573,0.906,1.0913,1.1373,1.0718,0.8615,187506118.8,144383431.5,127481277,109508206.5,96641714.4,2771272.8,3087713.31,2956957.25,2540776.93,1844609.34,218450,5-story shear model,pending,,,,,,
Case1742,Struct0871,NORTHRIDGE,ground_motion/northbridge.txt,0.02,g,1,0.9394,0.7647,0.8738,0.0422,0.0152,3.422,5,1.1089,0.9315,0.9047,0.8635,0.8573,0.906,1.0913,1.1373,1.0718,0.8615,187506118.8,144383431.5,127481277,109508206.5,96641714.4,2771272.8,3087713.31,2956957.25,2540776.93,1844609.34,218450,5-story shear model,pending,,,,,,
Case1743,Struct0872,EI,ground_motion/ei3.txt,0.02,g,1,0.9551,0.869,1.0065,0.0341,0.0288,3.499,5,0.9354,0.9571,0.9336,1.0616,0.9985,0.8696,1.1272,0.9637,0.9981,0.9289,160812097.2,150830824.7,133752204,136881111.6,114440082,3022729.6,3624286.16,2847348.02,2688781.59,2260199.48,251625,5-story shear model,pending,,,,,,
Case1744,Struct0872,NORTHRIDGE,ground_motion/northbridge.txt,0.02,g,1,0.9551,0.869,1.0065,0.0341,0.0288,3.499,5,0.9354,0.9571,0.9336,1.0616,0.9985,0.8696,1.1272,0.9637,0.9981,0.9289,160812097.2,150830824.7,133752204,136881111.6,114440082,3022729.6,3624286.16,2847348.02,2688781.59,2260199.48,251625,5-story shear model,pending,,,,,,
Case1745,Struct0873,EI,ground_motion/ei3.txt,0.02,g,1,1.0242,1.1593,1.1387,0.0286,0.0482,3.148,5,0.8736,1.026,0.9229,1.0214,1.1435,1.043,1.1085,1.1254,0.9986,1.0489,161053401.6,173386818,141785127,141225913.8,140540724,4836599.6,4754810.99,4435899.15,3588798.64,3404771.36,284675,5-story shear model,pending,,,,,,
Case1746,Struct0873,NORTHRIDGE,ground_motion/northbridge.txt,0.02,g,1,1.0242,1.1593,1.1387,0.0286,0.0482,3.148,5,0.8736,1.026,0.9229,1.0214,1.1435,1.043,1.1085,1.1254,0.9986,1.0489,161053401.6,173386818,141785127,141225913.8,140540724,4836599.6,4754810.99,4435899.15,3588798.64,3404771.36,284675,5-story shear model,pending,,,,,,
Case1747,Struct0874,EI,ground_motion/ei3.txt,0.02,g,1,0.9552,0.753,0.9772,0.0543,0.0345,3.038,5,0.9195,0.9815,0.8539,1.0588,1.0578,1.0695,1.0488,1.1082,1.1243,1.0466,158095152,154692252,122346792,136534377.6,121249267.2,3221334,2922061.68,2837213.64,2624453.49,2206651.44,244300,5-story shear model,pending,,,,,,
Case1748,Struct0874,NORTHRIDGE,ground_motion/northbridge.txt,0.02,g,1,0.9552,0.753,0.9772,0.0543,0.0345,3.038,5,0.9195,0.9815,0.8539,1.0588,1.0578,1.0695,1.0488,1.1082,1.1243,1.0466,158095152,154692252,122346792,136534377.6,121249267.2,3221334,2922061.68,2837213.64,2624453.49,2206651.44,244300,5-story shear model,pending,,,,,,
Case1749,Struct0875,EI,ground_motion/ei3.txt,0.02,g,1,0.75,0.9317,0.8016,0.0369,0.0477,3.243,5,0.9746,1.1166,1.0572,0.9214,1.0716,0.9335,1.0686,0.9607,0.9129,1.1355,131571000,138179250,118935000,93291750,96444000,3478967.8,3683774.09,3043286.25,2636701.68,2962246.98,200400,5-story shear model,pending,,,,,,
Case1750,Struct0875,NORTHRIDGE,ground_motion/northbridge.txt,0.02,g,1,0.75,0.9317,0.8016,0.0369,0.0477,3.243,5,0.9746,1.1166,1.0572,0.9214,1.0716,0.9335,1.0686,0.9607,0.9129,1.1355,131571000,138179250,118935000,93291750,96444000,3478967.8,3683774.09,3043286.25,2636701.68,2962246.98,200400,5-story shear model,pending,,,,,,
Case1751,Struct0876,EI,ground_motion/ei3.txt,0.02,g,1,0.9739,0.9959,0.8072,0.0764,0.0243,3.49,5,0.9014,0.9815,0.9938,0.9266,1.027,0.9955,1.1069,0.9251,0.9209,0.9309,158017222.8,157720670.3,145179273,121826124.9,120023436,3965673.8,4078738.33,3132444.11,2843085.36,2595833.27,201800,5-story shear model,pending,,,,,,
Case1752,Struct0876,NORTHRIDGE,ground_motion/northbridge.txt,0.02,g,1,0.9739,0.9959,0.8072,0.0764,0.0243,3.49,5,0.9014,0.9815,0.9938,0.9266,1.027,0.9955,1.1069,0.9251,0.9209,0.9309,158017222.8,157720670.3,145179273,121826124.9,120023436,3965673.8,4078738.33,3132444.11,2843085.36,2595833.27,201800,5-story shear model,pending,,,,,,
Case1753,Struct0877,EI,ground_motion/ei3.txt,0.02,g,1,1.1734,1.014,0.9082,0.0331,0.0314,3.239,5,0.9091,0.8937,0.9647,1.0519,0.8607,1.0718,0.853,1.0673,0.8962,1.1464,192012829.2,173030150.7,169796847,166630427.1,121193445.6,4347220.8,3200285.4,3679623.48,2817115.08,3254858.88,227050,5-story shear model,pending,,,,,,
Case1754,Struct0877,NORTHRIDGE,ground_motion/northbridge.txt,0.02,g,1,1.1734,1.014,0.9082,0.0331,0.0314,3.239,5,0.9091,0.8937,0.9647,1.0519,0.8607,1.0718,0.853,1.0673,0.8962,1.1464,192012829.2,173030150.7,169796847,166630427.1,121193445.6,4347220.8,3200285.4,3679623.48,2817115.08,3254858.88,227050,5-story shear model,pending,,,,,,
Case1755,Struct0878,EI,ground_motion/ei3.txt,0.02,g,1,0.9329,0.9824,1.1214,0.0525,0.0218,3.261,5,1.0313,1.0462,0.8719,0.9831,0.8808,0.9793,0.9448,1.0566,0.9829,0.9524,173177958.6,161039996.7,122009326.5,123813088.7,98603798.4,3848257.28,3434234.62,3529213.06,2993362.98,2619785.73,280350,5-story shear model,pending,,,,,,
Case1756,Struct0878,NORTHRIDGE,ground_motion/northbridge.txt,0.02,g,1,0.9329,0.9824,1.1214,0.0525,0.0218,3.261,5,1.0313,1.0462,0.8719,0.9831,0.8808,0.9793,0.9448,1.0566,0.9829,0.9524,173177958.6,161039996.7,122009326.5,123813088.7,98603798.4,3848257.28,3434234.62,3529213.06,2993362.98,2619785.73,280350,5-story shear model,pending,,,,,,
Case1757,Struct0879,EI,ground_motion/ei3.txt,0.02,g,1,0.8916,1.1096,1.1839,0.0493,0.0291,3.594,5,0.8602,0.8593,0.9209,0.9245,1.0618,1.0887,0.9787,0.9924,1.0422,1.0563,138051777.6,126415060.2,123161166,111278367,113604105.6,4832086.08,4018072.42,3743967.94,3584917.87,3281797.34,295975,5-story shear model,pending,,,,,,
Case1758,Struct0879,NORTHRIDGE,ground_motion/northbridge.txt,0.02,g,1,0.8916,1.1096,1.1839,0.0493,0.0291,3.594,5,0.8602,0.8593,0.9209,0.9245,1.0618,1.0887,0.9787,0.9924,1.0422,1.0563,138051777.6,126415060.2,123161166,111278367,113604105.6,4832086.08,4018072.42,3743967.94,3584917.87,3281797.34,295975,5-story shear model,pending,,,,,,
Case1759,Struct0880,EI,ground_motion/ei3.txt,0.02,g,1,0.9087,1.1032,1.0316,0.0395,0.0195,3.363,5,1.0414,0.869,1.0388,0.9623,0.9196,1.034,0.9144,0.9867,1.1487,0.8694,170337632.4,130293949.5,141593634,118049671.4,100276862.4,4562835.2,3732434.5,3700993.3,3928462.1,2685541.82,257900,5-story shear model,pending,,,,,,
Case1760,Struct0880,NORTHRIDGE,ground_motion/northbridge.txt,0.02,g,1,0.9087,1.1032,1.0316,0.0395,0.0195,3.363,5,1.0414,0.869,1.0388,0.9623,0.9196,1.034,0.9144,0.9867,1.1487,0.8694,170337632.4,130293949.5,141593634,118049671.4,100276862.4,4562835.2,3732434.5,3700993.3,3928462.1,2685541.82,257900,5-story shear model,pending,,,,,,
Case1761,Struct0881,EI,ground_motion/ei3.txt,0.02,g,1,1.0155,1.1028,0.8376,0.0409,0.0137,3.223,5,0.9541,1.1251,0.9394,0.8597,0.9456,0.9784,1.0195,1.073,1.0378,1.0341,174399939,188518943.3,143094105,117858422.3,115230816,4315918.08,4159927.02,4023234.96,3547906.1,3193135.34,209400,5-story shear model,pending,,,,,,
Case1762,Struct0881,NORTHRIDGE,ground_motion/northbridge.txt,0.02,g,1,1.0155,1.1028,0.8376,0.0409,0.0137,3.223,5,0.9541,1.1251,0.9394,0.8597,0.9456,0.9784,1.0195,1.073,1.0378,1.0341,174399939,188518943.3,143094105,117858422.3,115230816,4315918.08,4159927.02,4023234.96,3547906.1,3193135.34,209400,5-story shear model,pending,,,,,,
Case1763,Struct0882,EI,ground_motion/ei3.txt,0.02,g,1,1.2239,1.1774,1.0183,0.0304,0.027,3.291,5,1.0693,0.9581,0.8646,0.9546,0.9245,1.0362,0.9139,1.1138,0.9471,0.8598,235568928.6,193482067.4,158727591,157725216.9,135779466,4880087.52,3981295.68,4458719.61,3456858.17,2834519.86,254575,5-story shear model,pending,,,,,,
Case1764,Struct0882,NORTHRIDGE,ground_motion/northbridge.txt,0.02,g,1,1.2239,1.1774,1.0183,0.0304,0.027,3.291,5,1.0693,0.9581,0.8646,0.9546,0.9245,1.0362,0.9139,1.1138,0.9471,0.8598,235568928.6,193482067.4,158727591,157725216.9,135779466,4880087.52,3981295.68,4458719.61,3456858.17,2834519.86,254575,5-story shear model,pending,,,,,,
Case1765,Struct0883,EI,ground_motion/ei3.txt,0.02,g,1,1.1665,0.7815,0.8293,0.0352,0.0405,3.591,5,1.005,0.9231,1.1269,0.9254,0.992,1.0523,1.0142,1.0141,1.1271,0.8967,211019850,177671364.8,197179327.5,145729678.5,138860160,3289489.8,2932610.01,2694565.11,2730568.81,1962158.94,207325,5-story shear model,pending,,,,,,
Case1766,Struct0883,NORTHRIDGE,ground_motion/northbridge.txt,0.02,g,1,1.1665,0.7815,0.8293,0.0352,0.0405,3.591,5,1.005,0.9231,1.1269,0.9254,0.992,1.0523,1.0142,1.0141,1.1271,0.8967,211019850,177671364.8,197179327.5,145729678.5,138860160,3289489.8,2932610.01,2694565.11,2730568.81,1962158.94,207325,5-story shear model,pending,,,,,,
Case1767,Struct0884,EI,ground_motion/ei3.txt,0.02,g,1,0.9328,1.2301,1.1052,0.049,0.0241,3.183,5,0.9263,0.9346,1.0262,0.8607,0.952,1.0718,1.1132,0.9592,0.9926,1.0896,155529475.2,143846155.2,143585904,108386229.6,106563072,5273684.72,5066585.08,4011700.53,3785091.51,3752887.49,276300,5-story shear model,pending,,,,,,
Case1768,Struct0884,NORTHRIDGE,ground_motion/northbridge.txt,0.02,g,1,0.9328,1.2301,1.1052,0.049,0.0241,3.183,5,0.9263,0.9346,1.0262,0.8607,0.952,1.0718,1.1132,0.9592,0.9926,1.0896,155529475.2,143846155.2,143585904,108386229.6,106563072,5273684.72,5066585.08,4011700.53,3785091.51,3752887.49,276300,5-story shear model,pending,,,,,,
Case1769,Struct0885,EI,ground_motion/ei3.txt,0.02,g,1,1.1373,0.8708,0.9266,0.0683,0.0289,3.296,5,0.911,1.0147,1.1263,1.0071,0.9679,1.0022,0.9801,0.8662,0.8616,1.1084,186494454,190413021.2,192141148.5,154625602.1,132095120.4,3490863.04,3157843,2564575.66,2325871.97,2702545.22,231650,5-story shear model,pending,,,,,,
Case1770,Struct0885,NORTHRIDGE,ground_motion/northbridge.txt,0.02,g,1,1.1373,0.8708,0.9266,0.0683,0.0289,3.296,5,0.911,1.0147,1.1263,1.0071,0.9679,1.0022,0.9801,0.8662,0.8616,1.1084,186494454,190413021.2,192141148.5,154625602.1,132095120.4,3490863.04,3157843,2564575.66,2325871.97,2702545.22,231650,5-story shear model,pending,,,,,,
Case1771,Struct0886,EI,ground_motion/ei3.txt,0.02,g,1,0.9935,0.7723,0.8702,0.0247,0.0224,3.323,5,0.904,1.0423,0.8832,1.1222,1.0963,1.0536,1.038,1.075,1.1202,1.0308,161662320,170861633.3,131618880,150512269.5,130700886,3254781.12,2966095.38,2822756.5,2681904.43,2229043.15,217550,5-story shear model,pending,,,,,,
Case1772,Struct0886,NORTHRIDGE,ground_motion/northbridge.txt,0.02,g,1,0.9935,0.7723,0.8702,0.0247,0.0224,3.323,5,0.904,1.0423,0.8832,1.1222,1.0963,1.0536,1.038,1.075,1.1202,1.0308,161662320,170861633.3,131618880,150512269.5,130700886,3254781.12,2966095.38,2822756.5,2681904.43,2229043.15,217550,5-story shear model,pending,,,,,,
Case1773,Struct0887,EI,ground_motion/ei3.txt,0.02,g,1,1.0489,1.2333,1.1931,0.0362,0.0346,3.028,5,1.0834,0.9331,0.9977,1.0327,1.0377,0.9563,1.0964,0.8619,0.9594,1.0785,204548086.8,161490217.4,156973129.5,146231869.1,130613223.6,4717619.16,5003103.44,3614136.32,3668006.86,3724319.34,298275,5-story shear model,pending,,,,,,
Case1774,Struct0887,NORTHRIDGE,ground_motion/northbridge.txt,0.02,g,1,1.0489,1.2333,1.1931,0.0362,0.0346,3.028,5,1.0834,0.9331,0.9977,1.0327,1.0377,0.9563,1.0964,0.8619,0.9594,1.0785,204548086.8,161490217.4,156973129.5,146231869.1,130613223.6,4717619.16,5003103.44,3614136.32,3668006.86,3724319.34,298275,5-story shear model,pending,,,,,,
Case1775,Struct0888,EI,ground_motion/ei3.txt,0.02,g,1,1.1915,1.2169,1.0783,0.0296,0.0143,3.267,5,0.9968,0.9632,1.1036,1.0949,1.0394,1.0218,0.8677,0.9796,0.9415,1.0364,213783696,189362712,197240910,176117402.3,148613412,4973713.68,3906845.28,4053055.82,3551705.19,3531346.45,269575,5-story shear model,pending,,,,,,
Case1776,Struct0888,NORTHRIDGE,ground_motion/northbridge.txt,0.02,g,1,1.1915,1.2169,1.0783,0.0296,0.0143,3.267,5,0.9968,0.9632,1.1036,1.0949,1.0394,1.0218,0.8677,0.9796,0.9415,1.0364,213783696,189362712,197240910,176117402.3,148613412,4973713.68,3906845.28,4053055.82,3551705.19,3531346.45,269575,5-story shear model,pending,,,,,,
Case1777,Struct0889,EI,ground_motion/ei3.txt,0.02,g,1,1.1656,0.8301,0.9789,0.0527,0.0372,3.158,5,0.9794,1.0855,0.8696,0.9925,1.0274,1.103,1.0862,0.9668,0.9218,0.8775,205485955.2,208767702,152040864,156175830,143704492.8,3662401.2,3336122.09,2728638.31,2372077.16,2039555.7,244725,5-story shear model,pending,,,,,,
Case1778,Struct0889,NORTHRIDGE,ground_motion/northbridge.txt,0.02,g,1,1.1656,0.8301,0.9789,0.0527,0.0372,3.158,5,0.9794,1.0855,0.8696,0.9925,1.0274,1.103,1.0862,0.9668,0.9218,0.8775,205485955.2,208767702,152040864,156175830,143704492.8,3662401.2,3336122.09,2728638.31,2372077.16,2039555.7,244725,5-story shear model,pending,,,,,,
Case1779,Struct0890,EI,ground_motion/ei3.txt,0.02,g,1,1.0904,0.8449,0.8108,0.0714,0.0254,3.055,5,1.1402,1.0182,1.0712,0.987,1.0996,0.8879,1.0115,1.1444,1.0415,0.9004,223789334.4,183190471.2,175205472,145290348,143880460.8,3000746.84,3162080.5,3287472.1,2727886.39,2130094.29,202700,5-story shear model,pending,,,,,,
Case1780,Struct0890,NORTHRIDGE,ground_motion/northbridge.txt,0.02,g,1,1.0904,0.8449,0.8108,0.0714,0.0254,3.055,5,1.1402,1.0182,1.0712,0.987,1.0996,0.8879,1.0115,1.1444,1.0415,0.9004,223789334.4,183190471.2,175205472,145290348,143880460.8,3000746.84,3162080.5,3287472.1,2727886.39,2130094.29,202700,5-story shear model,pending,,,,,,
Case1781,Struct0891,EI,ground_motion/ei3.txt,0.02,g,1,0.9062,1.0217,1.074,0.0217,0.0327,3.145,5,0.8882,1.0403,1.078,0.9385,0.8541,1.1213,1.0756,0.9818,1.0701,0.9329,144879631.2,155548776.9,146532540,114813274.5,92878250.4,4582528.84,4066079.92,3410557.2,3389295.63,2668803,268500,5-story shear model,pending,,,,,,
Case1782,Struct0891,NORTHRIDGE,ground_motion/northbridge.txt,0.02,g,1,0.9062,1.0217,1.074,0.0217,0.0327,3.145,5,0.8882,1.0403,1.078,0.9385,0.8541,1.1213,1.0756,0.9818,1.0701,0.9329,144879631.2,155548776.9,146532540,114813274.5,92878250.4,4582528.84,4066079.92,3410557.2,3389295.63,2668803,268500,5-story shear model,pending,,,,,,
Case1783,Struct0892,EI,ground_motion/ei3.txt,0.02,g,1,1.1693,0.789,1.0961,0.0789,0.0387,3.479,5,1.1327,0.9681,1.1227,0.9038,1.0458,1.0547,1.1182,1.0342,0.9507,0.8694,238403899.8,186779889.5,196915966.5,142669800.9,146742472.8,3328633.2,3264361.26,2774344.92,2325317.13,1920678.48,274025,5-story shear model,pending,,,,,,
Case1784,Struct0892,NORTHRIDGE,ground_motion/northbridge.txt,0.02,g,1,1.1693,0.789,1.0961,0.0789,0.0387,3.479,5,1.1327,0.9681,1.1227,0.9038,1.0458,1.0547,1.1182,1.0342,0.9507,0.8694,238403899.8,186779889.5,196915966.5,142669800.9,146742472.8,3328633.2,3264361.26,2774344.92,2325317.13,1920678.48,274025,5-story shear model,pending,,,,,,
Case1785,Struct0893,EI,ground_motion/ei3.txt,0.02,g,1,0.8733,1.1639,1.0754,0.0525,0.0478,3.196,5,1.0104,0.9667,0.9973,0.8549,0.941,1.0744,0.9975,1.0791,1.0886,1.0749,158828817.6,139296153.2,130641313.5,100788863,98613036,5001976.64,4295663.92,4270279.27,3927766.77,3503013.11,268850,5-story shear model,pending,,,,,,
Case1786,Struct0893,NORTHRIDGE,ground_motion/northbridge.txt,0.02,g,1,0.8733,1.1639,1.0754,0.0525,0.0478,3.196,5,1.0104,0.9667,0.9973,0.8549,0.941,1.0744,0.9975,1.0791,1.0886,1.0749,158828817.6,139296153.2,130641313.5,100788863,98613036,5001976.64,4295663.92,4270279.27,3927766.77,3503013.11,268850,5-story shear model,pending,,,,,,
Case1787,Struct0894,EI,ground_motion/ei3.txt,0.02,g,1,1.0697,0.8875,0.9599,0.0328,0.0185,3.506,5,0.8754,1.1409,0.9109,1.1189,0.9388,1.0628,1.1213,0.9719,1.1493,0.9963,168554768.4,201369420.5,146158459.5,161579789.6,120508123.2,3772940,3682068.88,2932708.25,3162011.62,2475805.5,239975,5-story shear model,pending,,,,,,
Case1788,Struct0894,NORTHRIDGE,ground_motion/northbridge.txt,0.02,g,1,1.0697,0.8875,0.9599,0.0328,0.0185,3.506,5,0.8754,1.1409,0.9109,1.1189,0.9388,1.0628,1.1213,0.9719,1.1493,0.9963,168554768.4,201369420.5,146158459.5,161579789.6,120508123.2,3772940,3682068.88,2932708.25,3162011.62,2475805.5,239975,5-story shear model,pending,,,,,,
Case1789,Struct0895,EI,ground_motion/ei3.txt,0.02,g,1,0.8647,0.8073,0.8106,0.0535,0.0247,3.418,5,0.9385,1.0167,0.9354,0.9758,1.0652,0.9943,0.9476,0.9098,0.9977,1.1391,146073771,145058180.9,121326057,113909525.1,110529412.8,3210793.56,2830490.68,2497237.24,2496873.95,2574867.2,202650,5-story shear model,pending,,,,,,
Case1790,Struct0895,NORTHRIDGE,ground_motion/northbridge.txt,0.02,g,1,0.8647,0.8073,0.8106,0.0535,0.0247,3.418,5,0.9385,1.0167,0.9354,0.9758,1.0652,0.9943,0.9476,0.9098,0.9977,1.1391,146073771,145058180.9,121326057,113909525.1,110529412.8,3210793.56,2830490.68,2497237.24,2496873.95,2574867.2,202650,5-story shear model,pending,,,,,,
Case1791,Struct0896,EI,ground_motion/ei3.txt,0.02,g,1,0.7985,1.1033,0.9955,0.058,0.0174,3.136,5,0.9722,0.9806,1.0768,1.1273,1.1012,0.9894,1.0855,1.0343,0.8652,0.9468,139734306,129196501.5,128973720,121520121.8,105516984,4366420.08,4431238.96,3879886.85,2959183,2924892.43,248875,5-story shear model,pending,,,,,,
Case1792,Struct0896,NORTHRIDGE,ground_motion/northbridge.txt,0.02,g,1,0.7985,1.1033,0.9955,0.058,0.0174,3.136,5,0.9722,0.9806,1.0768,1.1273,1.1012,0.9894,1.0855,1.0343,0.8652,0.9468,139734306,129196501.5,128973720,121520121.8,105516984,4366420.08,4431238.96,3879886.85,2959183,2924892.43,248875,5-story shear model,pending,,,,,,
Case1793,Struct0897,EI,ground_motion/ei3.txt,0.02,g,1,0.8241,0.8682,0.9261,0.0229,0.0293,3.448,5,1.0417,0.953,1.1052,1.1203,0.8522,0.9972,1.104,0.9508,0.9501,1.0996,154523694.6,129585604.5,136619298,124637296.1,84275762.4,3463076.16,3546423.36,2806647.5,2557118.14,2673083.62,231525,5-story shear model,pending,,,,,,
Case1794,Struct0897,NORTHRIDGE,ground_motion/northbridge.txt,0.02,g,1,0.8241,0.8682,0.9261,0.0229,0.0293,3.448,5,1.0417,0.953,1.1052,1.1203,0.8522,0.9972,1.104,0.9508,0.9501,1.0996,154523694.6,129585604.5,136619298,124637296.1,84275762.4,3463076.16,3546423.36,2806647.5,2557118.14,2673083.62,231525,5-story shear model,pending,,,,,,
Case1795,Struct0898,EI,ground_motion/ei3.txt,0.02,g,1,1.1913,1.0835,1.1197,0.0226,0.0467,3.298,5,1.0616,1.1125,0.9003,0.9215,0.933,0.8873,1.1475,0.9331,1.1333,1.1463,227643134.4,218678006.3,160879108.5,148200698.3,133377948,3845558.2,4600270.12,3437447.09,3806584.7,3477644.94,279925,5-story shear model,pending,,,,,,
Case1796,Struct0898,NORTHRIDGE,ground_motion/northbridge.txt,0.02,g,1,1.1913,1.0835,1.1197,0.0226,0.0467,3.298,5,1.0616,1.1125,0.9003,0.9215,0.933,0.8873,1.1475,0.9331,1.1333,1.1463,227643134.4,218678006.3,160879108.5,148200698.3,133377948,3845558.2,4600270.12,3437447.09,3806584.7,3477644.94,279925,5-story shear model,pending,,,,,,
Case1797,Struct0899,EI,ground_motion/ei3.txt,0.02,g,1,0.9921,0.9997,0.8133,0.0594,0.012,3.115,5,1.102,1.1009,1.0404,1.1342,0.8981,1.1077,0.9974,1.0909,1.0756,1.1158,196792956,180213476.9,154827126,151907375.7,106920601.2,4429470.76,3689272.89,3707947.28,3333359.69,3123302.73,203325,5-story shear model,pending,,,,,,
Case1798,Struct0899,NORTHRIDGE,ground_motion/northbridge.txt,0.02,g,1,0.9921,0.9997,0.8133,0.0594,0.012,3.115,5,1.102,1.1009,1.0404,1.1342,0.8981,1.1077,0.9974,1.0909,1.0756,1.1158,196792956,180213476.9,154827126,151907375.7,106920601.2,4429470.76,3689272.89,3707947.28,3333359.69,3123302.73,203325,5-story shear model,pending,,,,,,
Case1799,Struct0900,EI,ground_motion/ei3.txt,0.02,g,1,0.8475,1.1453,0.9293,0.0373,0.0336,3.002,5,1.0138,1.0992,1.0555,1.0352,0.9693,1.127,1.0125,1.1343,0.8522,1.0528,154655190,153709380,134180437.5,118439820,98577810,5163012.4,4290580.12,4416986.89,3025676.45,3376161.15,232325,5-story shear model,pending,,,,,,
Case1800,Struct0900,NORTHRIDGE,ground_motion/northbridge.txt,0.02,g,1,0.8475,1.1453,0.9293,0.0373,0.0336,3.002,5,1.0138,1.0992,1.0555,1.0352,0.9693,1.127,1.0125,1.1343,0.8522,1.0528,154655190,153709380,134180437.5,118439820,98577810,5163012.4,4290580.12,4416986.89,3025676.45,3376161.15,232325,5-story shear model,pending,,,,,,
Case1801,Struct0901,EI,ground_motion/ei3.txt,0.02,g,1,1.1441,1.1444,0.8801,0.0515,0.0331,3.169,5,0.8925,1.0457,0.9523,1.108,1.1191,0.8566,1.076,1.087,0.8712,0.9811,183799665,197403586.1,163428964.5,171134478,153643477.2,3921172.16,4556085.28,4229473.52,3090703.97,3143758.35,220025,5-story shear model,pending,,,,,,
Case1802,Struct0901,NORTHRIDGE,ground_motion/northbridge.txt,0.02,g,1,1.1441,1.1444,0.8801,0.0515,0.0331,3.169,5,0.8925,1.0457,0.9523,1.108,1.1191,0.8566,1.076,1.087,0.8712,0.9811,183799665,197403586.1,163428964.5,171134478,153643477.2,3921172.16,4556085.28,4229473.52,3090703.97,3143758.35,220025,5-story shear model,pending,,,,,,
Case1803,Struct0902,EI,ground_motion/ei3.txt,0.02,g,1,1.1112,1.1859,0.9338,0.058,0.038,3.513,5,0.9931,1.0964,1.0523,0.9176,0.9294,0.9397,1.0274,1.1027,1.0674,1.1122,198635889.6,201022747.2,175397364,137651011.2,123929913.6,4457560.92,4508056.54,4446152.56,3924071.95,3693082.34,233450,5-story shear model,pending,,,,,,
Case1804,Struct0902,NORTHRIDGE,ground_motion/northbridge.txt,0.02,g,1,1.1112,1.1859,0.9338,0.058,0.038,3.513,5,0.9931,1.0964,1.0523,0.9176,0.9294,0.9397,1.0274,1.1027,1.0674,1.1122,198635889.6,201022747.2,175397364,137651011.2,123929913.6,4457560.92,4508056.54,4446152.56,3924071.95,3693082.34,233450,5-story shear model,pending,,,,,,
Case1805,Struct0903,EI,ground_motion/ei3.txt,0.02,g,1,0.7819,1.1864,1.1852,0.042,0.0498,3.138,5,1.053,0.9042,0.9148,0.9817,0.9584,1.0877,1.0331,1.016,0.9438,1.0908,148201326,116654006.7,107292318,103624816.1,89924755.2,5161789.12,4534978.41,4098300.16,3471145.39,3623550.34,296300,5-story shear model,pending,,,,,,
Case1806,Struct0903,NORTHRIDGE,ground_motion/northbridge.txt,0.02,g,1,0.7819,1.1864,1.1852,0.042,0.0498,3.138,5,1.053,0.9042,0.9148,0.9817,0.9584,1.0877,1.0331,1.016,0.9438,1.0908,148201326,116654006.7,107292318,103624816.1,89924755.2,5161789.12,4534978.41,4098300.16,3471145.39,3623550.34,296300,5-story shear model,pending,,,,,,
Case1807,Struct0904,EI,ground_motion/ei3.txt,0.02,g,1,1.0351,0.9841,0.8472,0.0468,0.0412,3.278,5,1.1206,1.1282,0.9809,0.8823,0.8808,0.9839,0.9347,0.9492,0.9015,0.9828,208787950.8,192686970.3,152299438.5,123291278.6,109405929.6,3873023.96,3403401.6,3175966.25,2750215.06,2708085.74,211800,5-story shear model,pending,,,,,,
Case1808,Struct0904,NORTHRIDGE,ground_motion/northbridge.txt,0.02,g,1,1.0351,0.9841,0.8472,0.0468,0.0412,3.278,5,1.1206,1.1282,0.9809,0.8823,0.8808,0.9839,0.9347,0.9492,0.9015,0.9828,208787950.8,192686970.3,152299438.5,123291278.6,109405929.6,3873023.96,3403401.6,3175966.25,2750215.06,2708085.74,211800,5-story shear model,pending,,,,,,
Case1809,Struct0905,EI,ground_motion/ei3.txt,0.02,g,1,0.9998,0.9469,0.8447,0.0611,0.026,3.41,5,1.0118,1.1012,1.0094,0.865,0.8941,1.1025,1.003,1.0029,1.1325,1.0158,182087575.2,181661660.4,151379718,116751645,107270541.6,4175829,3514040.59,3228796.43,3324329.18,2693210.86,211175,5-story shear model,pending,,,,,,
Case1810,Struct0905,NORTHRIDGE,ground_motion/northbridge.txt,0.02,g,1,0.9998,0.9469,0.8447,0.0611,0.026,3.41,5,1.0118,1.1012,1.0094,0.865,0.8941,1.1025,1.003,1.0029,1.1325,1.0158,182087575.2,181661660.4,151379718,116751645,107270541.6,4175829,3514040.59,3228796.43,3324329.18,2693210.86,211175,5-story shear model,pending,,,,,,
Case1811,Struct0906,EI,ground_motion/ei3.txt,0.02,g,1,0.7772,1.1193,1.0882,0.0611,0.043,3.389,5,0.9904,1.0696,1.0089,0.9374,1.1005,0.9701,0.9898,0.8749,0.8644,1.0382,138552998.4,137163364.8,117617562,98353882.8,102637032,4343331.72,4099167.62,3329536.94,2999321.05,3253760.33,272050,5-story shear model,pending,,,,,,
Case1812,Struct0906,NORTHRIDGE,ground_motion/northbridge.txt,0.02,g,1,0.7772,1.1193,1.0882,0.0611,0.043,3.389,5,0.9904,1.0696,1.0089,0.9374,1.1005,0.9701,0.9898,0.8749,0.8644,1.0382,138552998.4,137163364.8,117617562,98353882.8,102637032,4343331.72,4099167.62,3329536.94,2999321.05,3253760.33,272050,5-story shear model,pending,,,,,,
Case1813,Struct0907,EI,ground_motion/ei3.txt,0.02,g,1,0.7799,1.0883,1.1418,0.0345,0.0133,3.158,5,0.9318,1.1327,1.1452,1.0741,0.9074,1.1293,1.0396,0.894,0.8923,0.9602,130807947.6,145759800.5,133971222,113088229.7,84921751.2,4916068.76,4186167.72,3307996.68,3010379.28,2925959.85,285450,5-story shear model,pending,,,,,,
Case1814,Struct0907,NORTHRIDGE,ground_motion/northbridge.txt,0.02,g,1,0.7799,1.0883,1.1418,0.0345,0.0133,3.158,5,0.9318,1.1327,1.1452,1.0741,0.9074,1.1293,1.0396,0.894,0.8923,0.9602,130807947.6,145759800.5,133971222,113088229.7,84921751.2,4916068.76,4186167.72,3307996.68,3010379.28,2925959.85,285450,5-story shear model,pending,,,,,,
Case1815,Struct0908,EI,ground_motion/ei3.txt,0.02,g,1,0.9854,1.204,0.9037,0.0459,0.0264,3.442,5,0.9824,0.9594,0.8804,1.141,1.0079,1.0757,1.0254,0.928,1.0583,0.8528,174250252.8,155989805.4,130131924,151786089,119182159.2,5180571.2,4567951.92,3798860.8,3949998.92,2874959.36,225925,5-story shear model,pending,,,,,,
Case1816,Struct0908,NORTHRIDGE,ground_motion/northbridge.txt,0.02,g,1,0.9854,1.204,0.9037,0.0459,0.0264,3.442,5,0.9824,0.9594,0.8804,1.141,1.0079,1.0757,1.0254,0.928,1.0583,0.8528,174250252.8,155989805.4,130131924,151786089,119182159.2,5180571.2,4567951.92,3798860.8,3949998.92,2874959.36,225925,5-story shear model,pending,,,,,,
Case1817,Struct0909,EI,ground_motion/ei3.txt,0.02,g,1,0.8845,1.1236,1.0489,0.0304,0.0155,3.389,5,0.8569,1.0512,1.0007,0.9924,0.9443,0.9018,1.126,0.9877,0.9386,1.1072,136427049,153414756,132767872.5,118500003,100228002,4053049.92,4681142.32,3773251.05,3269293.98,3483339.78,262225,5-story shear model,pending,,,,,,
Case1818,Struct0909,NORTHRIDGE,ground_motion/northbridge.txt,0.02,g,1,0.8845,1.1236,1.0489,0.0304,0.0155,3.389,5,0.8569,1.0512,1.0007,0.9924,0.9443,0.9018,1.126,0.9877,0.9386,1.1072,136427049,153414756,132767872.5,118500003,100228002,4053049.92,4681142.32,3773251.05,3269293.98,3483339.78,262225,5-story shear model,pending,,,,,,
Case1819,Struct0910,EI,ground_motion/ei3.txt,0.02,g,1,1.152,1.2292,1.1135,0.0422,0.0384,3.548,5,1.1309,0.9779,0.9235,0.8561,1.0086,0.925,0.926,1.1241,1.0545,1.0324,234503424,185879232,159580800,133140672,139428864,4548040,4211485.04,4697928.65,4018193.34,3553273.02,278375,5-story shear model,pending,,,,,,
Case1820,Struct0910,NORTHRIDGE,ground_motion/northbridge.txt,0.02,g,1,1.152,1.2292,1.1135,0.0422,0.0384,3.548,5,1.1309,0.9779,0.9235,0.8561,1.0086,0.925,0.926,1.1241,1.0545,1.0324,234503424,185879232,159580800,133140672,139428864,4548040,4211485.04,4697928.65,4018193.34,3553273.02,278375,5-story shear model,pending,,,,,,
Case1821,Struct0911,EI,ground_motion/ei3.txt,0.02,g,1,0.824,1.0835,0.8933,0.0572,0.0137,3.031,5,0.9295,1.0255,1.0289,0.9243,0.9953,0.8593,1.0034,0.9614,0.9982,1.1221,137863440,139426980,127172040,102819132,98415264,3724206.2,4022580.43,3541701.46,3352804.07,3404226.98,223325,5-story shear model,pending,,,,,,
Case1822,Struct0911,NORTHRIDGE,ground_motion/northbridge.txt,0.02,g,1,0.824,1.0835,0.8933,0.0572,0.0137,3.031,5,0.9295,1.0255,1.0289,0.9243,0.9953,0.8593,1.0034,0.9614,0.9982,1.1221,137863440,139426980,127172040,102819132,98415264,3724206.2,4022580.43,3541701.46,3352804.07,3404226.98,223325,5-story shear model,pending,,,,,,
Case1823,Struct0912,EI,ground_motion/ei3.txt,0.02,g,1,0.8264,0.7889,0.8048,0.0628,0.0461,3.135,5,0.9001,1.0852,0.9214,1.0046,0.9414,0.9924,1.0908,0.9976,0.8528,1.0026,133891675.2,147973531.2,114216744,112077194.4,93356755.2,3131617.44,3183968.84,2675822.58,2085599.15,2214663.19,201200,5-story shear model,pending,,,,,,
Case1824,Struct0912,NORTHRIDGE,ground_motion/northbridge.txt,0.02,g,1,0.8264,0.7889,0.8048,0.0628,0.0461,3.135,5,0.9001,1.0852,0.9214,1.0046,0.9414,0.9924,1.0908,0.9976,0.8528,1.0026,133891675.2,147973531.2,114216744,112077194.4,93356755.2,3131617.44,3183968.84,2675822.58,2085599.15,2214663.19,201200,5-story shear model,pending,,,,,,
Case1825,Struct0913,EI,ground_motion/ei3.txt,0.02,g,1,1.2472,0.8899,0.941,0.074,0.0283,3.314,5,0.8598,0.9287,0.9523,1.0742,0.9717,0.9916,0.9438,1.1187,0.9575,0.8874,193021660.8,191115315.6,178156284,180865202.4,145428508.8,3529699.36,3107584.19,3384805.84,2641445.68,2211152.33,235250,5-story shear model,pending,,,,,,
Case1826,Struct0913,NORTHRIDGE,ground_motion/northbridge.txt,0.02,g,1,1.2472,0.8899,0.941,0.074,0.0283,3.314,5,0.8598,0.9287,0.9523,1.0742,0.9717,0.9916,0.9438,1.1187,0.9575,0.8874,193021660.8,191115315.6,178156284,180865202.4,145428508.8,3529699.36,3107584.19,3384805.84,2641445.68,2211152.33,235250,5-story shear model,pending,,,,,,
Case1827,Struct0914,EI,ground_motion/ei3.txt,0.02,g,1,1.1198,0.9841,1.1717,0.0516,0.0338,3.407,5,0.876,1.0505,0.9273,1.0902,1.1268,0.8829,1.1484,1.1398,0.9167,1.0321,176570064,194097733.5,155758581,164808804.6,151414876.8,3475447.56,4181519.63,3813702.41,2796585.86,2843930.91,292925,5-story shear model,pending,,,,,,
Case1828,Struct0914,NORTHRIDGE,ground_motion/northbridge.txt,0.02,g,1,1.1198,0.9841,1.1717,0.0516,0.0338,3.407,5,0.876,1.0505,0.9273,1.0902,1.1268,0.8829,1.1484,1.1398,0.9167,1.0321,176570064,194097733.5,155758581,164808804.6,151414876.8,3475447.56,4181519.63,3813702.41,2796585.86,2843930.91,292925,5-story shear model,pending,,,,,,
Case1829,Struct0915,EI,ground_motion/ei3.txt,0.02,g,1,0.9682,0.7958,0.8449,0.0233,0.0345,3.562,5,0.9718,1.0524,0.9801,0.9377,1.1284,0.9446,0.9874,0.8882,1.0305,1.143,169361416.8,168124057.2,142339923,122563953.9,131102025.6,3006850.72,2907359.8,2403220.5,2542222.89,2546878.32,211225,5-story shear model,pending,,,,,,
Case1830,Struct0915,NORTHRIDGE,ground_motion/northbridge.txt,0.02,g,1,0.9682,0.7958,0.8449,0.0233,0.0345,3.562,5,0.9718,1.0524,0.9801,0.9377,1.1284,0.9446,0.9874,0.8882,1.0305,1.143,169361416.8,168124057.2,142339923,122563953.9,131102025.6,3006850.72,2907359.8,2403220.5,2542222.89,2546878.32,211225,5-story shear model,pending,,,,,,
Case1831,Struct0916,EI,ground_motion/ei3.txt,0.02,g,1,1.0254,0.7764,1.1716,0.0496,0.0157,3.304,5,0.8729,1.079,0.9795,0.9938,0.9447,0.96,1.1176,0.8858,1.0533,1.0128,161112898.8,182557089,150656895,137570740.2,116243445.6,2981376,3210507.17,2338299.41,2535124.57,2201746.18,292900,5-story shear model,pending,,,,,,
Case1832,Struct0916,NORTHRIDGE,ground_motion/northbridge.txt,0.02,g,1,1.0254,0.7764,1.1716,0.0496,0.0157,3.304,5,0.8729,1.079,0.9795,0.9938,0.9447,0.96,1.1176,0.8858,1.0533,1.0128,161112898.8,182557089,150656895,137570740.2,116243445.6,2981376,3210507.17,2338299.41,2535124.57,2201746.18,292900,5-story shear model,pending,,,,,,
Case1833,Struct0917,EI,ground_motion/ei3.txt,0.02,g,1,0.7635,1.1256,1.0739,0.077,0.032,3.328,5,1.0924,0.897,1.0358,1.0373,1.0249,1.1393,0.8712,0.9026,0.951,0.854,150128532,113001817.5,118624995,106917104.3,93901338,5129584.32,3628304.06,3454286.3,3318381.36,2691534.72,268475,5-story shear model,pending,,,,,,
Case1834,Struct0917,NORTHRIDGE,ground_motion/northbridge.txt,0.02,g,1,0.7635,1.1256,1.0739,0.077,0.032,3.328,5,1.0924,0.897,1.0358,1.0373,1.0249,1.1393,0.8712,0.9026,0.951,0.854,150128532,113001817.5,118624995,106917104.3,93901338,5129584.32,3628304.06,3454286.3,3318381.36,2691534.72,268475,5-story shear model,pending,,,,,,
Case1835,Struct0918,EI,ground_motion/ei3.txt,0.02,g,1,0.8678,1.2018,1.1717,0.0366,0.0291,3.215,5,1.0686,0.9864,1.0884,0.86,0.9688,0.9996,1.1001,1.0663,1.1295,0.9132,166919594.4,141239656.8,141677028,100751580,100886956.8,4805277.12,4891770.67,4357029.76,4208042.61,3072954.53,292925,5-story shear model,pending,,,,,,
Case1836,Struct0918,NORTHRIDGE,ground_motion/northbridge.txt,0.02,g,1,0.8678,1.2018,1.1717,0.0366,0.0291,3.215,5,1.0686,0.9864,1.0884,0.86,0.9688,0.9996,1.1001,1.0663,1.1295,0.9132,166919594.4,141239656.8,141677028,100751580,100886956.8,4805277.12,4891770.67,4357029.76,4208042.61,3072954.53,292925,5-story shear model,pending,,,,,,
Case1837,Struct0919,EI,ground_motion/ei3.txt,0.02,g,1,0.9946,0.9142,1.0704,0.0658,0.0324,3.091,5,0.9294,0.9996,1.0799,1.008,0.8711,1.0191,0.912,0.8998,0.9266,0.9923,166388623.2,164043356.4,161110281,135345168,103967527.2,3726644.88,3084876.48,2796830.34,2626002.93,2540049.85,267600,5-story shear model,pending,,,,,,
Case1838,Struct0919,NORTHRIDGE,ground_motion/northbridge.txt,0.02,g,1,0.9946,0.9142,1.0704,0.0658,0.0324,3.091,5,0.9294,0.9996,1.0799,1.008,0.8711,1.0191,0.912,0.8998,0.9266,0.9923,166388623.2,164043356.4,161110281,135345168,103967527.2,3726644.88,3084876.48,2796830.34,2626002.93,2540049.85,267600,5-story shear model,pending,,,,,,
Case1839,Struct0920,EI,ground_motion/ei3.txt,0.02,g,1,0.967,1.0834,0.8152,0.0236,0.0439,3.283,5,1.0107,1.029,0.9574,0.9056,1.105,1.0849,0.8805,1.0395,1.0101,0.891,175922442,164182095,138870870,118221552,128224200,4701522.64,3529554.69,3829060.62,3392461.25,2702866.32,203800,5-story shear model,pending,,,,,,
Case1840,Struct0920,NORTHRIDGE,ground_motion/northbridge.txt,0.02,g,1,0.967,1.0834,0.8152,0.0236,0.0439,3.283,5,1.0107,1.029,0.9574,0.9056,1.105,1.0849,0.8805,1.0395,1.0101,0.891,175922442,164182095,138870870,118221552,128224200,4701522.64,3529554.69,3829060.62,3392461.25,2702866.32,203800,5-story shear model,pending,,,,,,
Case1841,Struct0921,EI,ground_motion/ei3.txt,0.02,g,1,0.9154,0.8915,0.8163,0.0602,0.021,3.166,5,0.9008,0.8784,0.9689,0.9164,0.9663,1.1033,0.8873,0.931,0.9601,1.1452,148426617.6,132674414.4,133039659,113247795.6,106146122.4,3934367.8,2926803.42,2821954.1,2653380.36,2858648.24,204075,5-story shear model,pending,,,,,,
Case1842,Struct0921,NORTHRIDGE,ground_motion/northbridge.txt,0.02,g,1,0.9154,0.8915,0.8163,0.0602,0.021,3.166,5,0.9008,0.8784,0.9689,0.9164,0.9663,1.1033,0.8873,0.931,0.9601,1.1452,148426617.6,132674414.4,133039659,113247795.6,106146122.4,3934367.8,2926803.42,2821954.1,2653380.36,2858648.24,204075,5-story shear model,pending,,,,,,
Case1843,Struct0922,EI,ground_motion/ei3.txt,0.02,g,1,1.1557,0.9662,1.1487,0.0319,0.0399,3.276,5,1.009,1.0944,1.0855,0.9028,1.0986,0.9435,1.0549,1.0828,1.0726,1.0486,209898234,208691683.2,188176852.5,140854404.6,152358242.4,3646438.8,3771204.21,3557084.62,3212672.97,2836840.5,287175,5-story shear model,pending,,,,,,
Case1844,Struct0922,NORTHRIDGE,ground_motion/northbridge.txt,0.02,g,1,1.1557,0.9662,1.1487,0.0319,0.0399,3.276,5,1.009,1.0944,1.0855,0.9028,1.0986,0.9435,1.0549,1.0828,1.0726,1.0486,209898234,208691683.2,188176852.5,140854404.6,152358242.4,3646438.8,3771204.21,3557084.62,3212672.97,2836840.5,287175,5-story shear model,pending,,,,,,
Case1845,Struct0923,EI,ground_motion/ei3.txt,0.02,g,1,1.0284,0.7753,1.0048,0.0515,0.0373,3.155,5,1.1294,0.9985,1.0506,0.8735,1.128,0.9336,1.1411,1.1212,0.876,1.0665,209065492.8,169431471,162065556,121271499,139204224,2895280.32,3273370.87,2955505.62,2105404.68,2315200.86,251200,5-story shear model,pending,,,,,,
Case1846,Struct0923,NORTHRIDGE,ground_motion/northbridge.txt,0.02,g,1,1.0284,0.7753,1.0048,0.0515,0.0373,3.155,5,1.1294,0.9985,1.0506,0.8735,1.128,0.9336,1.1411,1.1212,0.876,1.0665,209065492.8,169431471,162065556,121271499,139204224,2895280.32,3273370.87,2955505.62,2105404.68,2315200.86,251200,5-story shear model,pending,,,,,,
Case1847,Struct0924,EI,ground_motion/ei3.txt,0.02,g,1,1.1043,0.968,1.146,0.0682,0.0308,3.189,5,0.9202,1.102,1.0041,0.8685,1.0059,1.0965,0.8796,0.8555,1.053,1.043,182911834.8,200794869,166324144.5,129476414.3,133297844.4,4245648,3150375.36,2815621.6,3159842.4,2826947.2,286500,5-story shear model,pending,,,,,,
Case1848,Struct0924,NORTHRIDGE,ground_motion/northbridge.txt,0.02,g,1,1.1043,0.968,1.146,0.0682,0.0308,3.189,5,0.9202,1.102,1.0041,0.8685,1.0059,1.0965,0.8796,0.8555,1.053,1.043,182911834.8,200794869,166324144.5,129476414.3,133297844.4,4245648,3150375.36,2815621.6,3159842.4,2826947.2,286500,5-story shear model,pending,,,,,,
Case1849,Struct0925,EI,ground_motion/ei3.txt,0.02,g,1,0.9908,1.0675,1.0135,0.0271,0.019,3.471,5,0.8962,1.0437,0.9633,0.8981,0.9179,0.8883,0.8561,1.1041,0.9321,1.1139,159831892.8,170626163.4,143165646,120128059.8,109134638.4,3793041,3381380.97,4007330.95,3084551.92,3329447.1,253375,5-story shear model,pending,,,,,,
Case1850,Struct0925,NORTHRIDGE,ground_motion/northbridge.txt,0.02,g,1,0.9908,1.0675,1.0135,0.0271,0.019,3.471,5,0.8962,1.0437,0.9633,0.8981,0.9179,0.8883,0.8561,1.1041,0.9321,1.1139,159831892.8,170626163.4,143165646,120128059.8,109134638.4,3793041,3381380.97,4007330.95,3084551.92,3329447.1,253375,5-story shear model,pending,,,,,,
Case1851,Struct0926,EI,ground_motion/ei3.txt,0.02,g,1,1.1138,0.9802,1.0168,0.0691,0.0128,3.117,5,0.9828,0.941,1.0694,1.058,0.9341,1.0408,0.8624,1.0074,1.0004,0.9003,197035675.2,172934157,178664658,159084054,124848069.6,4080768.64,3127700.58,3357341.83,3039835.45,2470927.37,254200,5-story shear model,pending,,,,,,
Case1852,Struct0926,NORTHRIDGE,ground_motion/northbridge.txt,0.02,g,1,1.1138,0.9802,1.0168,0.0691,0.0128,3.117,5,0.9828,0.941,1.0694,1.058,0.9341,1.0408,0.8624,1.0074,1.0004,0.9003,197035675.2,172934157,178664658,159084054,124848069.6,4080768.64,3127700.58,3357341.83,3039835.45,2470927.37,254200,5-story shear model,pending,,,,,,
Case1853,Struct0927,EI,ground_motion/ei3.txt,0.02,g,1,1.1088,1.1398,1.1764,0.03,0.0207,3.316,5,0.8949,0.9651,1.11,0.9286,0.9141,0.9108,0.9055,1.0636,1.001,0.9873,178607721.6,176566975.2,184615200,139000276.8,121626489.6,4152519.36,3818728.93,4121790.35,3536913.38,3150908.71,294100,5-story shear model,pending,,,,,,
Case1854,Struct0927,NORTHRIDGE,ground_motion/northbridge.txt,0.02,g,1,1.1088,1.1398,1.1764,0.03,0.0207,3.316,5,0.8949,0.9651,1.11,0.9286,0.9141,0.9108,0.9055,1.0636,1.001,0.9873,178607721.6,176566975.2,184615200,139000276.8,121626489.6,4152519.36,3818728.93,4121790.35,3536913.38,3150908.71,294100,5-story shear model,pending,,,,,,
Case1855,Struct0928,EI,ground_motion/ei3.txt,0.02,g,1,0.8398,1.1063,1.1099,0.0364,0.0429,3.581,5,1.0388,0.8767,1.0002,0.8998,0.9823,0.968,1.1284,0.9962,0.9064,1.0555,157029163.2,121481688.9,125995194,102013025.4,98992264.8,4283593.6,4618891,3747126.6,3108525.99,3269559.02,277475,5-story shear model,pending,,,,,,
Case1856,Struct0928,NORTHRIDGE,ground_motion/northbridge.txt,0.02,g,1,0.8398,1.1063,1.1099,0.0364,0.0429,3.581,5,1.0388,0.8767,1.0002,0.8998,0.9823,0.968,1.1284,0.9962,0.9064,1.0555,157029163.2,121481688.9,125995194,102013025.4,98992264.8,4283593.6,4618891,3747126.6,3108525.99,3269559.02,277475,5-story shear model,pending,,,,,,
Case1857,Struct0929,EI,ground_motion/ei3.txt,0.02,g,1,0.8149,0.9763,1.1342,0.0628,0.024,3.266,5,0.8728,0.8873,0.8909,1.0411,1.1474,0.9426,1.032,0.8967,0.9249,0.9,128024049.6,119305027.1,108899161.5,114532972.7,112201951.2,3681041.52,3727903.92,2976523.91,2799237.6,2460276,283550,5-story shear model,pending,,,,,,
Case1858,Struct0929,NORTHRIDGE,ground_motion/northbridge.txt,0.02,g,1,0.8149,0.9763,1.1342,0.0628,0.024,3.266,5,0.8728,0.8873,0.8909,1.0411,1.1474,0.9426,1.032,0.8967,0.9249,0.9,128024049.6,119305027.1,108899161.5,114532972.7,112201951.2,3681041.52,3727903.92,2976523.91,2799237.6,2460276,283550,5-story shear model,pending,,,,,,
Case1859,Struct0930,EI,ground_motion/ei3.txt,0.02,g,1,0.9315,1.0374,0.9967,0.0531,0.0167,3.426,5,1.1094,1.0327,0.8509,0.9811,0.8968,1.1462,0.9164,0.8638,0.8712,0.855,186013098,158723408.3,118892002.5,123375777.8,100244304,4756271.52,3517491.43,3046760.81,2801726.93,2483535.6,249175,5-story shear model,pending,,,,,,
Case1860,Struct0930,NORTHRIDGE,ground_motion/northbridge.txt,0.02,g,1,0.9315,1.0374,0.9967,0.0531,0.0167,3.426,5,1.1094,1.0327,0.8509,0.9811,0.8968,1.1462,0.9164,0.8638,0.8712,0.855,186013098,158723408.3,118892002.5,123375777.8,100244304,4756271.52,3517491.43,3046760.81,2801726.93,2483535.6,249175,5-story shear model,pending,,,,,,
Case1861,Struct0931,EI,ground_motion/ei3.txt,0.02,g,1,0.8907,1.0172,0.8363,0.0616,0.0381,3.381,5,0.8962,0.8793,1.0055,0.9472,0.9257,0.9423,0.9701,0.8578,1.1306,0.8785,143684161.2,129226764.2,134339827.5,113895590.4,98942518.8,3834030.24,3651107.16,2966684.14,3565143.59,2502108.56,209075,5-story shear model,pending,,,,,,
Case1862,Struct0931,NORTHRIDGE,ground_motion/northbridge.txt,0.02,g,1,0.8907,1.0172,0.8363,0.0616,0.0381,3.381,5,0.8962,0.8793,1.0055,0.9472,0.9257,0.9423,0.9701,0.8578,1.1306,0.8785,143684161.2,129226764.2,134339827.5,113895590.4,98942518.8,3834030.24,3651107.16,2966684.14,3565143.59,2502108.56,209075,5-story shear model,pending,,,,,,
Case1863,Struct0932,EI,ground_motion/ei3.txt,0.02,g,1,1.1217,0.761,0.8446,0.048,0.0346,3.363,5,1.1406,1.0814,0.9178,1.0989,1.0345,1.0879,0.9453,0.8787,1.1348,1.1489,230293983.6,200146052.7,154424439,166405877.6,139247838,3311567.6,2661681.21,2273548.38,2677106.68,2448076.12,211150,5-story shear model,pending,,,,,,
Case1864,Struct0932,NORTHRIDGE,ground_motion/northbridge.txt,0.02,g,1,1.1217,0.761,0.8446,0.048,0.0346,3.363,5,1.1406,1.0814,0.9178,1.0989,1.0345,1.0879,0.9453,0.8787,1.1348,1.1489,230293983.6,200146052.7,154424439,166405877.6,139247838,3311567.6,2661681.21,2273548.38,2677106.68,2448076.12,211150,5-story shear model,pending,,,,,,
Case1865,Struct0933,EI,ground_motion/ei3.txt,0.02,g,1,0.8765,0.8939,1.1945,0.0646,0.0477,3.115,5,1.1391,1.0389,1.0112,1.0538,1.0204,0.8803,0.8718,0.9414,1.1389,1.084,179715807,150248315.3,132947520,124693519.5,107325672,3147600.68,2883417.47,2861159.36,3155994.4,2713165.28,298625,5-story shear model,pending,,,,,,
Case1866,Struct0933,NORTHRIDGE,ground_motion/northbridge.txt,0.02,g,1,0.8765,0.8939,1.1945,0.0646,0.0477,3.115,5,1.1391,1.0389,1.0112,1.0538,1.0204,0.8803,0.8718,0.9414,1.1389,1.084,179715807,150248315.3,132947520,124693519.5,107325672,3147600.68,2883417.47,2861159.36,3155994.4,2713165.28,298625,5-story shear model,pending,,,,,,
Case1867,Struct0934,EI,ground_motion/ei3.txt,0.02,g,1,1.1768,0.8402,0.8935,0.0756,0.0212,3.218,5,0.9985,0.9886,0.9691,0.9373,0.9314,1.1359,1.09,1.0791,0.8834,1.0081,211506264,191958439.2,171065532,148906976.4,131528582.4,3817532.72,3388526.6,3082643.39,2300921.31,2371615.74,223375,5-story shear model,pending,,,,,,
Case1868,Struct0934,NORTHRIDGE,ground_motion/northbridge.txt,0.02,g,1,1.1768,0.8402,0.8935,0.0756,0.0212,3.218,5,0.9985,0.9886,0.9691,0.9373,0.9314,1.1359,1.09,1.0791,0.8834,1.0081,211506264,191958439.2,171065532,148906976.4,131528582.4,3817532.72,3388526.6,3082643.39,2300921.31,2371615.74,223375,5-story shear model,pending,,,,,,
Case1869,Struct0935,EI,ground_motion/ei3.txt,0.02,g,1,1.0404,0.938,1.1833,0.0365,0.0145,3.596,5,0.9794,1.1041,0.8936,0.9712,1.1295,0.9693,1.0836,0.938,1.041,0.9591,183414196.8,189536430.6,139455216,136408924.8,141015816,3636813.6,3760742.16,2991469.6,3027019.8,2518980.24,295825,5-story shear model,pending,,,,,,
Case1870,Struct0935,NORTHRIDGE,ground_motion/northbridge.txt,0.02,g,1,1.0404,0.938,1.1833,0.0365,0.0145,3.596,5,0.9794,1.1041,0.8936,0.9712,1.1295,0.9693,1.0836,0.938,1.041,0.9591,183414196.8,189536430.6,139455216,136408924.8,141015816,3636813.6,3760742.16,2991469.6,3027019.8,2518980.24,295825,5-story shear model,pending,,,,,,
Case1871,Struct0936,EI,ground_motion/ei3.txt,0.02,g,1,1.0642,0.8199,0.944,0.0632,0.0376,3.145,5,1.1187,1.1052,1.017,1.0467,0.8818,1.0446,1.0322,0.8544,0.8901,0.9484,214293697.2,194065383.6,162343710,150376248.9,112609387.2,3425870.16,3131312.89,2381776.7,2262358.27,2177260.85,236000,5-story shear model,pending,,,,,,
Case1872,Struct0936,NORTHRIDGE,ground_motion/northbridge.txt,0.02,g,1,1.0642,0.8199,0.944,0.0632,0.0376,3.145,5,1.1187,1.1052,1.017,1.0467,0.8818,1.0446,1.0322,0.8544,0.8901,0.9484,214293697.2,194065383.6,162343710,150376248.9,112609387.2,3425870.16,3131312.89,2381776.7,2262358.27,2177260.85,236000,5-story shear model,pending,,,,,,
Case1873,Struct0937,EI,ground_motion/ei3.txt,0.02,g,1,1.2397,1.2414,1.1396,0.0604,0.0294,3.392,5,0.933,1.043,0.8863,0.9972,1.1011,1.0782,0.9607,1.1134,1.0794,0.9656,208195218,213346171.5,164811916.5,166890893.4,163804040.4,5353909.92,4412668.03,4699394.18,4153898.2,3356348.35,284900,5-story shear model,pending,,,,,,
Case1874,Struct0937,NORTHRIDGE,ground_motion/northbridge.txt,0.02,g,1,1.2397,1.2414,1.1396,0.0604,0.0294,3.392,5,0.933,1.043,0.8863,0.9972,1.1011,1.0782,0.9607,1.1134,1.0794,0.9656,208195218,213346171.5,164811916.5,166890893.4,163804040.4,5353909.92,4412668.03,4699394.18,4153898.2,3356348.35,284900,5-story shear model,pending,,,,,,
Case1875,Struct0938,EI,ground_motion/ei3.txt,0.02,g,1,0.8793,0.8769,0.8821,0.0629,0.0436,3.213,5,1.0013,0.9465,0.8902,1.0193,1.067,1.0558,1.0868,0.8695,0.9733,1.0527,158479756.2,137322479.3,117412929,120996516.2,112585572,3703324.08,3526155.2,2592379.47,2645808.99,2584715.36,220525,5-story shear model,pending,,,,,,
Case1876,Struct0938,NORTHRIDGE,ground_motion/northbridge.txt,0.02,g,1,0.8793,0.8769,0.8821,0.0629,0.0436,3.213,5,1.0013,0.9465,0.8902,1.0193,1.067,1.0558,1.0868,0.8695,0.9733,1.0527,158479756.2,137322479.3,117412929,120996516.2,112585572,3703324.08,3526155.2,2592379.47,2645808.99,2584715.36,220525,5-story shear model,pending,,,,,,
Case1877,Struct0939,EI,ground_motion/ei3.txt,0.02,g,1,1.2435,1.0062,0.9422,0.0542,0.0195,3.283,5,0.9006,0.9456,0.8848,0.8773,0.9126,0.8996,0.9555,0.9914,1.1295,1.0326,201581298,194015844,165037320,147274544.3,136178172,3620710.08,3557269.17,3391658.71,3523158.99,2909205.94,235550,5-story shear model,pending,,,,,,
Case1878,Struct0939,NORTHRIDGE,ground_motion/northbridge.txt,0.02,g,1,1.2435,1.0062,0.9422,0.0542,0.0195,3.283,5,0.9006,0.9456,0.8848,0.8773,0.9126,0.8996,0.9555,0.9914,1.1295,1.0326,201581298,194015844,165037320,147274544.3,136178172,3620710.08,3557269.17,3391658.71,3523158.99,2909205.94,235550,5-story shear model,pending,,,,,,
Case1879,Struct0940,EI,ground_motion/ei3.txt,0.02,g,1,0.9559,0.8609,0.9422,0.0306,0.0416,3.51,5,1.0643,0.9105,1.0736,1.0487,1.0448,1.0091,1.0738,1.0665,0.9677,0.9863,183125586.6,143607246.8,153938136,135331064.6,119846918.4,3474936.76,3420407.35,3121709.49,2582588.08,2377495.88,235550,5-story shear model,pending,,,,,,
Case1880,Struct0940,NORTHRIDGE,ground_motion/northbridge.txt,0.02,g,1,0.9559,0.8609,0.9422,0.0306,0.0416,3.51,5,1.0643,0.9105,1.0736,1.0487,1.0448,1.0091,1.0738,1.0665,0.9677,0.9863,183125586.6,143607246.8,153938136,135331064.6,119846918.4,3474936.76,3420407.35,3121709.49,2582588.08,2377495.88,235550,5-story shear model,pending,,,,,,
Case1881,Struct0941,EI,ground_motion/ei3.txt,0.02,g,1,1.1667,0.8048,0.9458,0.0284,0.0252,3.586,5,0.9578,1.0585,1.0447,1.0642,1.0295,0.9206,0.9644,0.925,0.8544,0.878,201143746.8,203767071.8,182827723.5,167616288.9,144134118,2963595.52,2871751.74,2531096,2131625.47,1978520.32,236450,5-story shear model,pending,,,,,,
Case1882,Struct0941,NORTHRIDGE,ground_motion/northbridge.txt,0.02,g,1,1.1667,0.8048,0.9458,0.0284,0.0252,3.586,5,0.9578,1.0585,1.0447,1.0642,1.0295,0.9206,0.9644,0.925,0.8544,0.878,201143746.8,203767071.8,182827723.5,167616288.9,144134118,2963595.52,2871751.74,2531096,2131625.47,1978520.32,236450,5-story shear model,pending,,,,,,
Case1883,Struct0942,EI,ground_motion/ei3.txt,0.02,g,1,0.8959,1.2302,0.9278,0.0221,0.0439,3.299,5,0.9507,0.9966,1.0801,0.9249,0.9979,0.9207,1.1337,0.866,0.9357,0.8791,153311783.4,147320900.1,145149238.5,111863417.9,107282233.2,4530580.56,5160307.64,3622200.88,3568404.23,3028112.7,231950,5-story shear model,pending,,,,,,
Case1884,Struct0942,NORTHRIDGE,ground_motion/northbridge.txt,0.02,g,1,0.8959,1.2302,0.9278,0.0221,0.0439,3.299,5,0.9507,0.9966,1.0801,0.9249,0.9979,0.9207,1.1337,0.866,0.9357,0.8791,153311783.4,147320900.1,145149238.5,111863417.9,107282233.2,4530580.56,5160307.64,3622200.88,3568404.23,3028112.7,231950,5-story shear model,pending,,,,,,
Case1885,Struct0943,EI,ground_motion/ei3.txt,0.02,g,1,1.0283,1.1243,0.9958,0.0476,0.0407,3.56,5,0.8899,0.9629,1.0315,1.1322,0.9005,0.9386,1.0846,0.8653,0.8814,0.8918,164715150.6,163374761.6,159103717.5,157172570.1,111118098,4221071.92,4511838.39,3307713.09,3071969.86,2807422.07,248950,5-story shear model,pending,,,,,,
Case1886,Struct0943,NORTHRIDGE,ground_motion/northbridge.txt,0.02,g,1,1.0283,1.1243,0.9958,0.0476,0.0407,3.56,5,0.8899,0.9629,1.0315,1.1322,0.9005,0.9386,1.0846,0.8653,0.8814,0.8918,164715150.6,163374761.6,159103717.5,157172570.1,111118098,4221071.92,4511838.39,3307713.09,3071969.86,2807422.07,248950,5-story shear model,pending,,,,,,
Case1887,Struct0944,EI,ground_motion/ei3.txt,0.02,g,1,1.0328,1.0786,1.0513,0.0213,0.0152,3.422,5,0.9232,1.0936,0.8861,0.9597,0.9176,1.0191,0.8658,0.9588,0.88,0.9364,171626572.8,186362563.2,137274612,133809051.6,113723673.6,4396805.04,3455251.96,3516149.71,2942420.8,2828002.91,262825,5-story shear model,pending,,,,,,
Case1888,Struct0944,NORTHRIDGE,ground_motion/northbridge.txt,0.02,g,1,1.0328,1.0786,1.0513,0.0213,0.0152,3.422,5,0.9232,1.0936,0.8861,0.9597,0.9176,1.0191,0.8658,0.9588,0.88,0.9364,171626572.8,186362563.2,137274612,133809051.6,113723673.6,4396805.04,3455251.96,3516149.71,2942420.8,2828002.91,262825,5-story shear model,pending,,,,,,
Case1889,Struct0945,EI,ground_motion/ei3.txt,0.02,g,1,1.0011,1.1651,0.8101,0.0777,0.043,3.593,5,1.0238,1.0207,0.9593,0.8966,0.8902,0.8963,0.9755,0.9465,1.0263,1.1366,184486712.4,168600757.1,144053284.5,121174145.1,106941506.4,4177116.52,4205253.69,3749408.31,3706800.6,3707907.45,202525,5-story shear model,pending,,,,,,
Case1890,Struct0945,NORTHRIDGE,ground_motion/northbridge.txt,0.02,g,1,1.0011,1.1651,0.8101,0.0777,0.043,3.593,5,1.0238,1.0207,0.9593,0.8966,0.8902,0.8963,0.9755,0.9465,1.0263,1.1366,184486712.4,168600757.1,144053284.5,121174145.1,106941506.4,4177116.52,4205253.69,3749408.31,3706800.6,3707907.45,202525,5-story shear model,pending,,,,,,
Case1891,Struct0946,EI,ground_motion/ei3.txt,0.02,g,1,1.1642,1.1671,0.8595,0.0452,0.0145,3.386,5,1.0398,0.9575,1.0424,0.8662,1.0775,0.8894,0.8745,0.9984,0.9139,1.0875,217896328.8,183929047.5,182034312,136138055.4,150531060,4152074.96,3776327.12,3961790.98,3306499.34,3553819.5,214875,5-story shear model,pending,,,,,,
Case1892,Struct0946,NORTHRIDGE,ground_motion/northbridge.txt,0.02,g,1,1.1642,1.1671,0.8595,0.0452,0.0145,3.386,5,1.0398,0.9575,1.0424,0.8662,1.0775,0.8894,0.8745,0.9984,0.9139,1.0875,217896328.8,183929047.5,182034312,136138055.4,150531060,4152074.96,3776327.12,3961790.98,3306499.34,3553819.5,214875,5-story shear model,pending,,,,,,
Case1893,Struct0947,EI,ground_motion/ei3.txt,0.02,g,1,0.8588,0.9091,1.053,0.0456,0.0424,3.299,5,0.9856,1.0044,1.1313,0.909,1.1489,1.1025,1.1049,1.0116,0.8642,0.9942,152357990.4,142325488.8,145734066,105387642,118401038.4,4009131,3716518.98,3126794.9,2435497.08,2530716.22,263250,5-story shear model,pending,,,,,,
Case1894,Struct0947,NORTHRIDGE,ground_motion/northbridge.txt,0.02,g,1,0.8588,0.9091,1.053,0.0456,0.0424,3.299,5,0.9856,1.0044,1.1313,0.909,1.1489,1.1025,1.1049,1.0116,0.8642,0.9942,152357990.4,142325488.8,145734066,105387642,118401038.4,4009131,3716518.98,3126794.9,2435497.08,2530716.22,263250,5-story shear model,pending,,,,,,
Case1895,Struct0948,EI,ground_motion/ei3.txt,0.02,g,1,0.8364,0.9071,0.8929,0.0301,0.0233,3.461,5,0.8705,1.0385,0.8817,1.1021,1.0686,1.0515,1.0657,0.9824,1.0147,1.0619,131055516,143319231,110618082,124442519.4,107253244.8,3815262.6,3576776.94,3029859.14,2853346.55,2697098.57,223225,5-story shear model,pending,,,,,,
Case1896,Struct0948,NORTHRIDGE,ground_motion/northbridge.txt,0.02,g,1,0.8364,0.9071,0.8929,0.0301,0.0233,3.461,5,0.8705,1.0385,0.8817,1.1021,1.0686,1.0515,1.0657,0.9824,1.0147,1.0619,131055516,143319231,110618082,124442519.4,107253244.8,3815262.6,3576776.94,3029859.14,2853346.55,2697098.57,223225,5-story shear model,pending,,,,,,
Case1897,Struct0949,EI,ground_motion/ei3.txt,0.02,g,1,1.157,1.2475,1.1896,0.0416,0.021,3.336,5,1.1331,0.9902,0.8565,0.9353,0.967,1.0436,0.8571,1.1095,0.9819,0.9066,235979406,189034131,148645575,146089183.5,134258280,5207564,3956159.32,4705944.25,3797252.77,3166753.8,297400,5-story shear model,pending,,,,,,
Case1898,Struct0949,NORTHRIDGE,ground_motion/northbridge.txt,0.02,g,1,1.157,1.2475,1.1896,0.0416,0.021,3.336,5,1.1331,0.9902,0.8565,0.9353,0.967,1.0436,0.8571,1.1095,0.9819,0.9066,235979406,189034131,148645575,146089183.5,134258280,5207564,3956159.32,4705944.25,3797252.77,3166753.8,297400,5-story shear model,pending,,,,,,
Case1899,Struct0950,EI,ground_motion/ei3.txt,0.02,g,1,0.9724,1.2488,1.0177,0.0633,0.0345,3.4,5,0.8501,1.0421,1.0682,1.0892,0.9211,0.9582,0.9846,0.9654,1.149,0.8895,148794703.2,167200776.6,155807652,142983640.8,107481316.8,4786400.64,4549403.38,4099011.17,4448100.72,3110261.28,254425,5-story shear model,pending,,,,,,
Case1900,Struct0950,NORTHRIDGE,ground_motion/northbridge.txt,0.02,g,1,0.9724,1.2488,1.0177,0.0633,0.0345,3.4,5,0.8501,1.0421,1.0682,1.0892,0.9211,0.9582,0.9846,0.9654,1.149,0.8895,148794703.2,167200776.6,155807652,142983640.8,107481316.8,4786400.64,4549403.38,4099011.17,4448100.72,3110261.28,254425,5-story shear model,pending,,,,,,
Case1901,Struct0951,EI,ground_motion/ei3.txt,0.02,g,1,0.8161,1.0098,1.0681,0.0411,0.0223,3.208,5,1.0601,1.0822,1.0083,1.1386,1.0628,0.9726,1.1494,1.0841,1.1175,1.0972,155726569.8,145725264.3,123431044.5,125443547.1,104082129.6,3928525.92,4294457.24,3722062.21,3498199.65,3102267.17,267025,5-story shear model,pending,,,,,,
Case1902,Struct0951,NORTHRIDGE,ground_motion/northbridge.txt,0.02,g,1,0.8161,1.0098,1.0681,0.0411,0.0223,3.208,5,1.0601,1.0822,1.0083,1.1386,1.0628,0.9726,1.1494,1.0841,1.1175,1.0972,155726569.8,145725264.3,123431044.5,125443547.1,104082129.6,3928525.92,4294457.24,3722062.21,3498199.65,3102267.17,267025,5-story shear model,pending,,,,,,
Case1903,Struct0952,EI,ground_motion/ei3.txt,0.02,g,1,0.933,0.9508,1.0512,0.0351,0.0452,3.043,5,1.1063,1.0038,0.903,1.1485,0.8881,1.025,1.1414,0.922,0.9012,0.9663,185792022,154529991,126374850,144659317.5,99431676,3898280,4015399.54,2980567.84,2656268.98,2572522.51,262800,5-story shear model,pending,,,,,,
Case1904,Struct0952,NORTHRIDGE,ground_motion/northbridge.txt,0.02,g,1,0.933,0.9508,1.0512,0.0351,0.0452,3.043,5,1.1063,1.0038,0.903,1.1485,0.8881,1.025,1.1414,0.922,0.9012,0.9663,185792022,154529991,126374850,144659317.5,99431676,3898280,4015399.54,2980567.84,2656268.98,2572522.51,262800,5-story shear model,pending,,,,,,
Case1905,Struct0953,EI,ground_motion/ei3.txt,0.02,g,1,0.9222,0.8583,0.9815,0.0248,0.0455,3.365,5,1.0351,1.1492,0.9418,0.9189,0.9426,0.9227,1.0253,0.8802,0.8747,1.1174,171822459.6,174865719.6,130279194,114400293.3,104311886.4,3167813.64,3256055.46,2568617.24,2327340.53,2685380.38,245375,5-story shear model,pending,,,,,,
Case1906,Struct0953,NORTHRIDGE,ground_motion/northbridge.txt,0.02,g,1,0.9222,0.8583,0.9815,0.0248,0.0455,3.365,5,1.0351,1.1492,0.9418,0.9189,0.9426,0.9227,1.0253,0.8802,0.8747,1.1174,171822459.6,174865719.6,130279194,114400293.3,104311886.4,3167813.64,3256055.46,2568617.24,2327340.53,2685380.38,245375,5-story shear model,pending,,,,,,
Case1907,Struct0954,EI,ground_motion/ei3.txt,0.02,g,1,0.8076,0.9435,0.8459,0.05,0.0462,3.335,5,0.9201,1.0553,0.9719,0.864,1.1424,1.0357,1.0602,0.9562,1.1368,0.9399,133753096.8,140622946.2,117735966,94198464,110712268.8,3908731.8,3701105.19,3067393.98,3324969.48,2483027.82,211475,5-story shear model,pending,,,,,,
Case1908,Struct0954,NORTHRIDGE,ground_motion/northbridge.txt,0.02,g,1,0.8076,0.9435,0.8459,0.05,0.0462,3.335,5,0.9201,1.0553,0.9719,0.864,1.1424,1.0357,1.0602,0.9562,1.1368,0.9399,133753096.8,140622946.2,117735966,94198464,110712268.8,3908731.8,3701105.19,3067393.98,3324969.48,2483027.82,211475,5-story shear model,pending,,,,,,
Case1909,Struct0955,EI,ground_motion/ei3.txt,0.02,g,1,0.8715,0.886,1.0463,0.0242,0.0235,3.132,5,1.0429,0.8698,1.1134,1.0726,1.1012,1.0742,1.0945,0.9784,1.0055,1.0135,163599723,125075065.5,145549215,126194071.5,115163496,3806964.8,3587989.9,2947332.16,2761706.3,2514290.8,261575,5-story shear model,pending,,,,,,
Case1910,Struct0955,NORTHRIDGE,ground_motion/northbridge.txt,0.02,g,1,0.8715,0.886,1.0463,0.0242,0.0235,3.132,5,1.0429,0.8698,1.1134,1.0726,1.1012,1.0742,1.0945,0.9784,1.0055,1.0135,163599723,125075065.5,145549215,126194071.5,115163496,3806964.8,3587989.9,2947332.16,2761706.3,2514290.8,261575,5-story shear model,pending,,,,,,
Case1911,Struct0956,EI,ground_motion/ei3.txt,0.02,g,1,1.1752,0.7909,0.802,0.0543,0.0351,3.034,5,1.0393,0.8683,1.1312,1.0873,1.0346,0.9945,1.0956,0.9951,1.101,1.0805,219849364.8,168370316.4,199407936,172502319.6,145903430.4,3146200.2,3206087.15,2675883.61,2699420.79,2392788.86,200500,5-story shear model,pending,,,,,,
Case1912,Struct0956,NORTHRIDGE,ground_motion/northbridge.txt,0.02,g,1,1.1752,0.7909,0.802,0.0543,0.0351,3.034,5,1.0393,0.8683,1.1312,1.0873,1.0346,0.9945,1.0956,0.9951,1.101,1.0805,219849364.8,168370316.4,199407936,172502319.6,145903430.4,3146200.2,3206087.15,2675883.61,2699420.79,2392788.86,200500,5-story shear model,pending,,,,,,
Case1913,Struct0957,EI,ground_motion/ei3.txt,0.02,g,1,1.2177,0.8532,0.9736,0.0374,0.0187,3.117,5,1.0855,1.0409,0.9956,0.9743,0.9268,0.8922,1.038,1.0761,1.0522,1.1064,237926403,209138148.5,181851318,160164689.9,135427723.2,3044900.16,3276799.92,3121636.97,2782984.82,2643145.34,243400,5-story shear model,pending,,,,,,
Case1914,Struct0957,NORTHRIDGE,ground_motion/northbridge.txt,0.02,g,1,1.2177,0.8532,0.9736,0.0374,0.0187,3.117,5,1.0855,1.0409,0.9956,0.9743,0.9268,0.8922,1.038,1.0761,1.0522,1.1064,237926403,209138148.5,181851318,160164689.9,135427723.2,3044900.16,3276799.92,3121636.97,2782984.82,2643145.34,243400,5-story shear model,pending,,,,,,
Case1915,Struct0958,EI,ground_motion/ei3.txt,0.02,g,1,1.1296,0.7611,1.0495,0.0502,0.0468,3.199,5,0.991,1.008,0.9629,1.0208,1.0511,1.0735,0.9252,1.0358,0.9397,0.8835,201498048,187875072,163153776,155667916.8,142478707.2,3268163.4,2605427.96,2680381.09,2217137.58,1882809.18,262375,5-story shear model,pending,,,,,,
Case1916,Struct0958,NORTHRIDGE,ground_motion/northbridge.txt,0.02,g,1,1.1296,0.7611,1.0495,0.0502,0.0468,3.199,5,0.991,1.008,0.9629,1.0208,1.0511,1.0735,0.9252,1.0358,0.9397,0.8835,201498048,187875072,163153776,155667916.8,142478707.2,3268163.4,2605427.96,2680381.09,2217137.58,1882809.18,262375,5-story shear model,pending,,,,,,
Case1917,Struct0959,EI,ground_motion/ei3.txt,0.02,g,1,1.0608,1.1861,0.9989,0.0582,0.0259,3.12,5,1.1128,1.0262,0.8732,1.079,1.0581,1.1346,1.0423,1.0179,1.064,1.0844,212482483.2,179617838.4,138943584,154521432,134691897.6,5382996.24,4574206.51,4104926.05,3912232.24,3601379.15,249725,5-story shear model,pending,,,,,,
Case1918,Struct0959,NORTHRIDGE,ground_motion/northbridge.txt,0.02,g,1,1.0608,1.1861,0.9989,0.0582,0.0259,3.12,5,1.1128,1.0262,0.8732,1.079,1.0581,1.1346,1.0423,1.0179,1.064,1.0844,212482483.2,179617838.4,138943584,154521432,134691897.6,5382996.24,4574206.51,4104926.05,3912232.24,3601379.15,249725,5-story shear model,pending,,,,,,
Case1919,Struct0960,EI,ground_motion/ei3.txt,0.02,g,1,1.2416,0.851,1.1597,0.064,0.0477,3.221,5,0.9036,0.9072,1.0359,1.027,0.9696,0.9326,0.9548,1.1272,0.9207,1.0203,201943756.8,185852620.8,192926016,172141632,144462643.2,3174570.4,3006378.76,3261440.48,2428898.67,2431170.84,289925,5-story shear model,pending,,,,,,
Case1920,Struct0960,NORTHRIDGE,ground_motion/northbridge.txt,0.02,g,1,1.2416,0.851,1.1597,0.064,0.0477,3.221,5,0.9036,0.9072,1.0359,1.027,0.9696,0.9326,0.9548,1.1272,0.9207,1.0203,201943756.8,185852620.8,192926016,172141632,144462643.2,3174570.4,3006378.76,3261440.48,2428898.67,2431170.84,289925,5-story shear model,pending,,,,,,
Case1921,Struct0961,EI,ground_motion/ei3.txt,0.02,g,1,1.2323,0.9191,0.992,0.0481,0.0317,3.566,5,1.0978,0.924,1.0259,1.0768,0.9852,1.0075,0.9895,0.8888,0.9769,0.948,243507409.2,187876458,189632485.5,179136986.4,145687435.2,3703973,3364962.97,2777446.67,2783393.25,2439659.04,248000,5-story shear model,pending,,,,,,
Case1922,Struct0961,NORTHRIDGE,ground_motion/northbridge.txt,0.02,g,1,1.2323,0.9191,0.992,0.0481,0.0317,3.566,5,1.0978,0.924,1.0259,1.0768,0.9852,1.0075,0.9895,0.8888,0.9769,0.948,243507409.2,187876458,189632485.5,179136986.4,145687435.2,3703973,3364962.97,2777446.67,2783393.25,2439659.04,248000,5-story shear model,pending,,,,,,
Case1923,Struct0962,EI,ground_motion/ei3.txt,0.02,g,1,1.0619,1.0356,0.872,0.0467,0.026,3.338,5,1.0627,1.0987,1.0523,0.9739,1.1402,0.9292,1.0804,0.9936,0.9034,0.9501,203126603.4,192507072.5,167615605.5,139614895.4,145293405.6,3849118.08,4139790.29,3498505.34,2900239.22,2754985.97,218000,5-story shear model,pending,,,,,,
Case1924,Struct0962,NORTHRIDGE,ground_motion/northbridge.txt,0.02,g,1,1.0619,1.0356,0.872,0.0467,0.026,3.338,5,1.0627,1.0987,1.0523,0.9739,1.1402,0.9292,1.0804,0.9936,0.9034,0.9501,203126603.4,192507072.5,167615605.5,139614895.4,145293405.6,3849118.08,4139790.29,3498505.34,2900239.22,2754985.97,218000,5-story shear model,pending,,,,,,
Case1925,Struct0963,EI,ground_motion/ei3.txt,0.02,g,1,0.8319,0.9836,1.0781,0.0386,0.0304,3.576,5,1.0419,0.9724,0.9838,1.0296,0.9501,1.0802,1.1071,1.0593,0.9171,0.8589,156016189.8,133475027.4,122763483,115630772.4,94846582.8,4249938.88,4029091.17,3542553.43,2796384.64,2365479.31,269525,5-story shear model,pending,,,,,,
Case1926,Struct0963,NORTHRIDGE,ground_motion/northbridge.txt,0.02,g,1,0.8319,0.9836,1.0781,0.0386,0.0304,3.576,5,1.0419,0.9724,0.9838,1.0296,0.9501,1.0802,1.1071,1.0593,0.9171,0.8589,156016189.8,133475027.4,122763483,115630772.4,94846582.8,4249938.88,4029091.17,3542553.43,2796384.64,2365479.31,269525,5-story shear model,pending,,,,,,
Case1927,Struct0964,EI,ground_motion/ei3.txt,0.02,g,1,1.0336,1.2218,0.9488,0.0254,0.0174,3.256,5,1.1492,0.9006,0.9797,0.9028,1.1212,0.9076,0.9724,0.9084,0.8874,1.1459,213806361.6,153591926.4,151892688,125973100.8,139064678.4,4435622.72,4395889.78,3773602.61,3361098.49,3920169.74,237200,5-story shear model,pending,,,,,,
Case1928,Struct0964,NORTHRIDGE,ground_motion/northbridge.txt,0.02,g,1,1.0336,1.2218,0.9488,0.0254,0.0174,3.256,5,1.1492,0.9006,0.9797,0.9028,1.1212,0.9076,0.9724,0.9084,0.8874,1.1459,213806361.6,153591926.4,151892688,125973100.8,139064678.4,4435622.72,4395889.78,3773602.61,3361098.49,3920169.74,237200,5-story shear model,pending,,,,,,
Case1929,Struct0965,EI,ground_motion/ei3.txt,0.02,g,1,1.0756,0.9277,0.8011,0.0736,0.0232,3.143,5,0.9008,1.0626,0.9345,0.9988,0.9735,0.9706,0.9742,1.0986,0.9027,1.0606,174402086.4,188583872.4,150772230,145031752.8,125651592,3601702.48,3343931.76,3465182.15,2596047.85,2754972.14,200275,5-story shear model,pending,,,,,,
Case1930,Struct0965,NORTHRIDGE,ground_motion/northbridge.txt,0.02,g,1,1.0756,0.9277,0.8011,0.0736,0.0232,3.143,5,0.9008,1.0626,0.9345,0.9988,0.9735,0.9706,0.9742,1.0986,0.9027,1.0606,174402086.4,188583872.4,150772230,145031752.8,125651592,3601702.48,3343931.76,3465182.15,2596047.85,2754972.14,200275,5-story shear model,pending,,,,,,
Case1931,Struct0966,EI,ground_motion/ei3.txt,0.02,g,1,1.1714,1.0965,1.1246,0.04,0.026,3.355,5,1.1053,0.9917,0.9653,1.074,0.8576,0.8677,0.9055,1.1323,0.864,1.0562,233054715.6,191676767.7,169612863,169841286,120551116.8,3805732.2,3673658.77,4221327.63,2936865.6,3242745.24,281150,5-story shear model,pending,,,,,,
Case1932,Struct0966,NORTHRIDGE,ground_motion/northbridge.txt,0.02,g,1,1.1714,1.0965,1.1246,0.04,0.026,3.355,5,1.1053,0.9917,0.9653,1.074,0.8576,0.8677,0.9055,1.1323,0.864,1.0562,233054715.6,191676767.7,169612863,169841286,120551116.8,3805732.2,3673658.77,4221327.63,2936865.6,3242745.24,281150,5-story shear model,pending,,,,,,
Case1933,Struct0967,EI,ground_motion/ei3.txt,0.02,g,1,0.7526,0.8487,1.0453,0.05,0.0435,3.475,5,0.8512,0.889,0.8627,1.1014,0.9891,1.053,0.891,1.0146,0.8874,1.0354,115310361.6,110395131,97390203,111903341.4,89327599.2,3574724.4,2797909.29,2927709.47,2334722.78,2460483.14,261325,5-story shear model,pending,,,,,,
Case1934,Struct0967,NORTHRIDGE,ground_motion/northbridge.txt,0.02,g,1,0.7526,0.8487,1.0453,0.05,0.0435,3.475,5,0.8512,0.889,0.8627,1.1014,0.9891,1.053,0.891,1.0146,0.8874,1.0354,115310361.6,110395131,97390203,111903341.4,89327599.2,3574724.4,2797909.29,2927709.47,2334722.78,2460483.14,261325,5-story shear model,pending,,,,,,
Case1935,Struct0968,EI,ground_motion/ei3.txt,0.02,g,1,1.0689,1.0943,1.0045,0.0347,0.0323,3.265,5,0.9293,0.9041,1.029,0.9887,0.9438,1.1048,0.8754,0.9906,1.0867,1.0595,178799178.6,159454760.9,164984715,142670893.1,121059338.4,4835930.56,3544415.81,3685646.17,3686445.01,3246350.38,251125,5-story shear model,pending,,,,,,
Case1936,Struct0968,NORTHRIDGE,ground_motion/northbridge.txt,0.02,g,1,1.0689,1.0943,1.0045,0.0347,0.0323,3.265,5,0.9293,0.9041,1.029,0.9887,0.9438,1.1048,0.8754,0.9906,1.0867,1.0595,178799178.6,159454760.9,164984715,142670893.1,121059338.4,4835930.56,3544415.81,3685646.17,3686445.01,3246350.38,251125,5-story shear model,pending,,,,,,
Case1937,Struct0969,EI,ground_motion/ei3.txt,0.02,g,1,0.8818,0.9495,0.863,0.0449,0.0398,3.469,5,0.9603,0.9415,1.0236,1.0045,1.022,1.0622,0.872,0.8757,0.9243,0.9489,152422657.2,136985425.5,135391572,119578693.5,108143952,4034235.6,3063466.8,2827022.31,2720630.83,2522745.54,215750,5-story shear model,pending,,,,,,
Case1938,Struct0969,NORTHRIDGE,ground_motion/northbridge.txt,0.02,g,1,0.8818,0.9495,0.863,0.0449,0.0398,3.469,5,0.9603,0.9415,1.0236,1.0045,1.022,1.0622,0.872,0.8757,0.9243,0.9489,152422657.2,136985425.5,135391572,119578693.5,108143952,4034235.6,3063466.8,2827022.31,2720630.83,2522745.54,215750,5-story shear model,pending,,,,,,
Case1939,Struct0970,EI,ground_motion/ei3.txt,0.02,g,1,1.2327,1.04,0.8809,0.0207,0.0301,3.4,5,0.9479,0.8767,1.0224,0.9655,0.9083,0.936,1.0707,0.8838,1.0419,1.1087,210325739.4,178316834.9,189046872,160673199.8,134359369.2,3893760,4120053.6,3125116.8,3359085.6,3228534.4,220225,5-story shear model,pending,,,,,,
Case1940,Struct0970,NORTHRIDGE,ground_motion/northbridge.txt,0.02,g,1,1.2327,1.04,0.8809,0.0207,0.0301,3.4,5,0.9479,0.8767,1.0224,0.9655,0.9083,0.936,1.0707,0.8838,1.0419,1.1087,210325739.4,178316834.9,189046872,160673199.8,134359369.2,3893760,4120053.6,3125116.8,3359085.6,3228534.4,220225,5-story shear model,pending,,,,,,
Case1941,Struct0971,EI,ground_motion/ei3.txt,0.02,g,1,1.0772,0.8125,1.1849,0.0766,0.0343,3.009,5,1.1142,0.9687,0.8908,0.9505,0.9735,1.0823,1.0886,1.0745,1.0868,1.066,216038923.2,172174800.6,143935464,138223611,125838504,3517475,3272603.75,2968306.25,2737377.5,2425150,296225,5-story shear model,pending,,,,,,
Case1942,Struct0971,NORTHRIDGE,ground_motion/northbridge.txt,0.02,g,1,1.0772,0.8125,1.1849,0.0766,0.0343,3.009,5,1.1142,0.9687,0.8908,0.9505,0.9735,1.0823,1.0886,1.0745,1.0868,1.066,216038923.2,172174800.6,143935464,138223611,125838504,3517475,3272603.75,2968306.25,2737377.5,2425150,296225,5-story shear model,pending,,,,,,
Case1943,Struct0972,EI,ground_motion/ei3.txt,0.02,g,1,0.9973,1.1826,1.0011,0.0786,0.0263,3.075,5,1.1364,1.0494,0.9338,0.9242,1.0975,0.9516,0.8645,0.9233,1.0405,0.9318,203999709.6,172683492.3,139691811,124430129.1,131344410,4501448.64,3782723.49,3712441.57,3814535.43,3085450.7,250275,5-story shear model,pending,,,,,,
Case1944,Struct0972,NORTHRIDGE,ground_motion/northbridge.txt,0.02,g,1,0.9973,1.1826,1.0011,0.0786,0.0263,3.075,5,1.1364,1.0494,0.9338,0.9242,1.0975,0.9516,0.8645,0.9233,1.0405,0.9318,203999709.6,172683492.3,139691811,124430129.1,131344410,4501448.64,3782723.49,3712441.57,3814535.43,3085450.7,250275,5-story shear model,pending,,,,,,
Case1945,Struct0973,EI,ground_motion/ei3.txt,0.02,g,1,1.106,0.7697,1.0041,0.0427,0.0164,3.399,5,0.9042,0.8572,1.0199,1.0878,1.0584,0.9514,1.0056,0.8939,0.9075,1.0254,180008136,156430428,169201410,162419418,140470848,2929170.32,2863838.18,2339318.42,2165358.52,2209901.06,251025,5-story shear model,pending,,,,,,
Case1946,Struct0973,NORTHRIDGE,ground_motion/northbridge.txt,0.02,g,1,1.106,0.7697,1.0041,0.0427,0.0164,3.399,5,0.9042,0.8572,1.0199,1.0878,1.0584,0.9514,1.0056,0.8939,0.9075,1.0254,180008136,156430428,169201410,162419418,140470848,2929170.32,2863838.18,2339318.42,2165358.52,2209901.06,251025,5-story shear model,pending,,,,,,
Case1947,Struct0974,EI,ground_motion/ei3.txt,0.02,g,1,0.9409,0.8807,0.9408,0.0774,0.0447,3.525,5,0.9202,0.9587,1.0592,0.9456,0.8778,1.0633,0.86,0.8929,0.8951,1.1165,155846912.4,148836737,149490192,120111530.4,99110642.4,3745793.24,2802387.4,2673681.9,2443775.17,2753244.34,235200,5-story shear model,pending,,,,,,
Case1948,Struct0974,NORTHRIDGE,ground_motion/northbridge.txt,0.02,g,1,0.9409,0.8807,0.9408,0.0774,0.0447,3.525,5,0.9202,0.9587,1.0592,0.9456,0.8778,1.0633,0.86,0.8929,0.8951,1.1165,155846912.4,148836737,149490192,120111530.4,99110642.4,3745793.24,2802387.4,2673681.9,2443775.17,2753244.34,235200,5-story shear model,pending,,,,,,
Case1949,Struct0975,EI,ground_motion/ei3.txt,0.02,g,1,0.9519,1.0934,1.0126,0.0536,0.032,3.261,5,1.1137,1.0965,0.87,1.115,1.1142,1.0529,0.8967,1.0833,0.9728,0.972,190823585.4,172220127.8,124222950,143284747.5,127272837.6,4604963.44,3627671.59,4027232.75,3297344.51,2975797.44,253150,5-story shear model,pending,,,,,,
Case1950,Struct0975,NORTHRIDGE,ground_motion/northbridge.txt,0.02,g,1,0.9519,1.0934,1.0126,0.0536,0.032,3.261,5,1.1137,1.0965,0.87,1.115,1.1142,1.0529,0.8967,1.0833,0.9728,0.972,190823585.4,172220127.8,124222950,143284747.5,127272837.6,4604963.44,3627671.59,4027232.75,3297344.51,2975797.44,253150,5-story shear model,pending,,,,,,
Case1951,Struct0976,EI,ground_motion/ei3.txt,0.02,g,1,0.8548,0.8108,0.914,0.0647,0.0428,3.344,5,0.8666,0.9045,0.9222,0.876,0.8953,0.9461,0.8528,0.8539,1.1324,0.9482,133338542.4,127572489,118244484,101088648,91836292.8,3068391.52,2558365.89,2353963.21,2846264.75,2152641.57,228500,5-story shear model,pending,,,,,,
Case1952,Struct0976,NORTHRIDGE,ground_motion/northbridge.txt,0.02,g,1,0.8548,0.8108,0.914,0.0647,0.0428,3.344,5,0.8666,0.9045,0.9222,0.876,0.8953,0.9461,0.8528,0.8539,1.1324,0.9482,133338542.4,127572489,118244484,101088648,91836292.8,3068391.52,2558365.89,2353963.21,2846264.75,2152641.57,228500,5-story shear model,pending,,,,,,
Case1953,Struct0977,EI,ground_motion/ei3.txt,0.02,g,1,0.9526,0.957,1.0955,0.0648,0.0314,3.565,5,0.89,0.9387,0.9422,1.0121,1.1156,1.1428,0.9933,1.0146,0.9761,0.9259,152606520,147543927.3,134630958,130157072.1,127526467.2,4374638.4,3517175.97,3301305.48,2895795.87,2481041.64,273875,5-story shear model,pending,,,,,,
Case1954,Struct0977,NORTHRIDGE,ground_motion/northbridge.txt,0.02,g,1,0.9526,0.957,1.0955,0.0648,0.0314,3.565,5,0.89,0.9387,0.9422,1.0121,1.1156,1.1428,0.9933,1.0146,0.9761,0.9259,152606520,147543927.3,134630958,130157072.1,127526467.2,4374638.4,3517175.97,3301305.48,2895795.87,2481041.64,273875,5-story shear model,pending,,,,,,
Case1955,Struct0978,EI,ground_motion/ei3.txt,0.02,g,1,0.8293,1.2082,1.0656,0.0528,0.0397,3.108,5,0.8732,0.876,0.8606,0.926,0.9591,1.1372,0.9478,1.0858,1.1391,1.1338,130346056.8,119867022,107054337,103670793,95445795.6,5495860.16,4236988.25,4460336.1,4266407.92,3835600.05,266400,5-story shear model,pending,,,,,,
Case1956,Struct0978,NORTHRIDGE,ground_motion/northbridge.txt,0.02,g,1,0.8293,1.2082,1.0656,0.0528,0.0397,3.108,5,0.8732,0.876,0.8606,0.926,0.9591,1.1372,0.9478,1.0858,1.1391,1.1338,130346056.8,119867022,107054337,103670793,95445795.6,5495860.16,4236988.25,4460336.1,4266407.92,3835600.05,266400,5-story shear model,pending,,,,,,
Case1957,Struct0979,EI,ground_motion/ei3.txt,0.02,g,1,1.0313,1.2119,0.9472,0.0474,0.0419,3.58,5,0.8565,0.9021,0.8981,0.879,0.9185,1.014,0.8681,0.9819,0.9831,0.9085,158995521,153505395.5,138931579.5,122379214.5,113669886,4915466.4,3892586.44,4045879.67,3693398.56,3082831.22,236800,5-story shear model,pending,,,,,,
Case1958,Struct0979,NORTHRIDGE,ground_motion/northbridge.txt,0.02,g,1,1.0313,1.2119,0.9472,0.0474,0.0419,3.58,5,0.8565,0.9021,0.8981,0.879,0.9185,1.014,0.8681,0.9819,0.9831,0.9085,158995521,153505395.5,138931579.5,122379214.5,113669886,4915466.4,3892586.44,4045879.67,3693398.56,3082831.22,236800,5-story shear model,pending,,,,,,
Case1959,Struct0980,EI,ground_motion/ei3.txt,0.02,g,1,0.9524,1.2019,0.8741,0.0329,0.0432,3.503,5,0.9929,1.1421,1.141,1.0891,1.014,1.0112,1.1295,1.1184,0.8956,1.099,170214832.8,179476446.6,163003260,140029943.4,115888032,4861445.12,5022920.38,4570296.86,3336907.08,3698486.68,218525,5-story shear model,pending,,,,,,
Case1960,Struct0980,NORTHRIDGE,ground_motion/northbridge.txt,0.02,g,1,0.9524,1.2019,0.8741,0.0329,0.0432,3.503,5,0.9929,1.1421,1.141,1.0891,1.014,1.0112,1.1295,1.1184,0.8956,1.099,170214832.8,179476446.6,163003260,140029943.4,115888032,4861445.12,5022920.38,4570296.86,3336907.08,3698486.68,218525,5-story shear model,pending,,,,,,
Case1961,Struct0981,EI,ground_motion/ei3.txt,0.02,g,1,1.0976,0.967,0.8414,0.0448,0.0173,3.008,5,0.8608,0.9754,0.8875,1.1177,1.081,0.8773,0.9388,1.1047,1.0979,1.0615,170066534.4,176648841.6,146118000,165616315.2,142380672,3393396.4,3358932.52,3632032.66,3291174.83,2874117.4,210350,5-story shear model,pending,,,,,,
Case1962,Struct0981,NORTHRIDGE,ground_motion/northbridge.txt,0.02,g,1,1.0976,0.967,0.8414,0.0448,0.0173,3.008,5,0.8608,0.9754,0.8875,1.1177,1.081,0.8773,0.9388,1.1047,1.0979,1.0615,170066534.4,176648841.6,146118000,165616315.2,142380672,3393396.4,3358932.52,3632032.66,3291174.83,2874117.4,210350,5-story shear model,pending,,,,,,
Case1963,Struct0982,EI,ground_motion/ei3.txt,0.02,g,1,0.9135,1.0214,0.8121,0.0623,0.0408,3.408,5,0.8696,0.9322,1.1007,1.1094,0.9648,0.9085,0.9792,1.027,1.0806,1.0358,142988328,140508175.5,150823417.5,136813981.5,105761376,3711767.6,3700573.06,3566524.52,3421547,2962305.14,203025,5-story shear model,pending,,,,,,
Case1964,Struct0982,NORTHRIDGE,ground_motion/northbridge.txt,0.02,g,1,0.9135,1.0214,0.8121,0.0623,0.0408,3.408,5,0.8696,0.9322,1.1007,1.1094,0.9648,0.9085,0.9792,1.027,1.0806,1.0358,142988328,140508175.5,150823417.5,136813981.5,105761376,3711767.6,3700573.06,3566524.52,3421547,2962305.14,203025,5-story shear model,pending,,,,,,
Case1965,Struct0983,EI,ground_motion/ei3.txt,0.02,g,1,1.1031,0.7591,0.8104,0.0664,0.0294,3.403,5,1.1399,1.0665,0.9156,1.1454,1.0604,1.0015,1.0266,1.1019,0.9629,1.0293,226336264.2,194115264.8,151499754,170571249.9,140367268.8,3040954.6,2883380.62,2843937.79,2265905.91,2187756.56,202600,5-story shear model,pending,,,,,,
Case1966,Struct0983,NORTHRIDGE,ground_motion/northbridge.txt,0.02,g,1,1.1031,0.7591,0.8104,0.0664,0.0294,3.403,5,1.1399,1.0665,0.9156,1.1454,1.0604,1.0015,1.0266,1.1019,0.9629,1.0293,226336264.2,194115264.8,151499754,170571249.9,140367268.8,3040954.6,2883380.62,2843937.79,2265905.91,2187756.56,202600,5-story shear model,pending,,,,,,
Case1967,Struct0984,EI,ground_motion/ei3.txt,0.02,g,1,0.768,1.2086,1.0659,0.0442,0.0276,3.446,5,0.9906,0.9835,1.1485,0.9238,0.9423,0.9335,1.1181,0.9822,0.9624,1.0118,136940544,124629120,132307200,95779584,86842368,4512912.4,4999941.94,4036095.53,3605785.58,3424012.14,266475,5-story shear model,pending,,,,,,
Case1968,Struct0984,NORTHRIDGE,ground_motion/northbridge.txt,0.02,g,1,0.768,1.2086,1.0659,0.0442,0.0276,3.446,5,0.9906,0.9835,1.1485,0.9238,0.9423,0.9335,1.1181,0.9822,0.9624,1.0118,136940544,124629120,132307200,95779584,86842368,4512912.4,4999941.94,4036095.53,3605785.58,3424012.14,266475,5-story shear model,pending,,,,,,
Case1969,Struct0985,EI,ground_motion/ei3.txt,0.02,g,1,1.1019,1.1913,1.1654,0.0287,0.0239,3.336,5,0.9597,1.0871,0.9918,0.9417,1.0269,1.1159,1.1374,1.1099,1.0889,0.9747,190348817.4,197649455.9,163929663,140083996.1,135784933.2,5317486.68,5013443.09,4495561.16,4021340.37,3251248.31,291350,5-story shear model,pending,,,,,,
Case1970,Struct0985,NORTHRIDGE,ground_motion/northbridge.txt,0.02,g,1,1.1019,1.1913,1.1654,0.0287,0.0239,3.336,5,0.9597,1.0871,0.9918,0.9417,1.0269,1.1159,1.1374,1.1099,1.0889,0.9747,190348817.4,197649455.9,163929663,140083996.1,135784933.2,5317486.68,5013443.09,4495561.16,4021340.37,3251248.31,291350,5-story shear model,pending,,,,,,
Case1971,Struct0986,EI,ground_motion/ei3.txt,0.02,g,1,1.0991,0.8261,0.9836,0.0756,0.038,3.482,5,0.8526,1.0507,0.8799,0.9595,0.9543,0.868,1.1089,0.953,0.9054,1.0656,168676678.8,190546021.1,145064713.5,142369170.8,125864535.6,2868219.2,3389430.47,2676729.22,2318647.91,2464818.05,245900,5-story shear model,pending,,,,,,
Case1972,Struct0986,NORTHRIDGE,ground_motion/northbridge.txt,0.02,g,1,1.0991,0.8261,0.9836,0.0756,0.038,3.482,5,0.8526,1.0507,0.8799,0.9595,0.9543,0.868,1.1089,0.953,0.9054,1.0656,168676678.8,190546021.1,145064713.5,142369170.8,125864535.6,2868219.2,3389430.47,2676729.22,2318647.91,2464818.05,245900,5-story shear model,pending,,,,,,
Case1973,Struct0987,EI,ground_motion/ei3.txt,0.02,g,1,0.9922,1.2357,1.0917,0.0731,0.02,3.153,5,0.9492,1.0202,1.1496,1.0483,0.9443,0.9668,0.9538,1.0493,1.0265,0.8784,169523323.2,167020002.6,171094968,140416640.1,112432135.2,4778699.04,4360859.44,4408508.03,3932182.75,3039228.86,272925,5-story shear model,pending,,,,,,
Case1974,Struct0987,NORTHRIDGE,ground_motion/northbridge.txt,0.02,g,1,0.9922,1.2357,1.0917,0.0731,0.02,3.153,5,0.9492,1.0202,1.1496,1.0483,0.9443,0.9668,0.9538,1.0493,1.0265,0.8784,169523323.2,167020002.6,171094968,140416640.1,112432135.2,4778699.04,4360859.44,4408508.03,3932182.75,3039228.86,272925,5-story shear model,pending,,,,,,
Case1975,Struct0988,EI,ground_motion/ei3.txt,0.02,g,1,0.924,1.1806,1.0271,0.0716,0.0157,3.387,5,0.922,0.931,0.9796,0.8724,1.0684,1.0644,1.0001,1.0091,0.9222,1.0738,153347040,141940260,135772560,108823176,118464192,5026522.56,4368656.82,4050567.76,3375122.89,3549639.18,256775,5-story shear model,pending,,,,,,
Case1976,Struct0988,NORTHRIDGE,ground_motion/northbridge.txt,0.02,g,1,0.924,1.1806,1.0271,0.0716,0.0157,3.387,5,0.922,0.931,0.9796,0.8724,1.0684,1.0644,1.0001,1.0091,0.9222,1.0738,153347040,141940260,135772560,108823176,118464192,5026522.56,4368656.82,4050567.76,3375122.89,3549639.18,256775,5-story shear model,pending,,,,,,
Case1977,Struct0989,EI,ground_motion/ei3.txt,0.02,g,1,1.1511,1.0363,0.9328,0.0421,0.0244,3.266,5,0.8711,0.967,0.9512,0.976,0.9578,1.0767,0.9005,0.8557,1.0924,0.8606,180490177.8,183663760.5,164238948,151668936,132302829.6,4463136.84,3452796.15,3014990.49,3509367.77,2497151.38,233200,5-story shear model,pending,,,,,,
Case1978,Struct0989,NORTHRIDGE,ground_motion/northbridge.txt,0.02,g,1,1.1511,1.0363,0.9328,0.0421,0.0244,3.266,5,0.8711,0.967,0.9512,0.976,0.9578,1.0767,0.9005,0.8557,1.0924,0.8606,180490177.8,183663760.5,164238948,151668936,132302829.6,4463136.84,3452796.15,3014990.49,3509367.77,2497151.38,233200,5-story shear model,pending,,,,,,
Case1979,Struct0990,EI,ground_motion/ei3.txt,0.02,g,1,0.8808,1.1275,1.1315,0.0224,0.0132,3.594,5,0.9661,0.9334,1.0942,1.105,1.0602,0.9675,0.9932,1.1394,0.9656,1.076,153169358.4,135652888.8,144565704,131393340,112058899.2,4363425,4143382.1,4367889.9,3375013.4,3396932,282875,5-story shear model,pending,,,,,,
Case1980,Struct0990,NORTHRIDGE,ground_motion/northbridge.txt,0.02,g,1,0.8808,1.1275,1.1315,0.0224,0.0132,3.594,5,0.9661,0.9334,1.0942,1.105,1.0602,0.9675,0.9932,1.1394,0.9656,1.076,153169358.4,135652888.8,144565704,131393340,112058899.2,4363425,4143382.1,4367889.9,3375013.4,3396932,282875,5-story shear model,pending,,,,,,
Case1981,Struct0991,EI,ground_motion/ei3.txt,0.02,g,1,1.1428,0.8345,0.8295,0.0213,0.0396,3.229,5,1.1142,1.0477,0.9495,0.8824,0.8763,1.1178,1.133,1.0546,1.0543,0.9137,229195396.8,197556407.4,162763290,136134907.2,120172276.8,3731216.4,3498307.45,2992216.58,2727421.39,2134951.42,207375,5-story shear model,pending,,,,,,
Case1982,Struct0991,NORTHRIDGE,ground_motion/northbridge.txt,0.02,g,1,1.1428,0.8345,0.8295,0.0213,0.0396,3.229,5,1.1142,1.0477,0.9495,0.8824,0.8763,1.1178,1.133,1.0546,1.0543,0.9137,229195396.8,197556407.4,162763290,136134907.2,120172276.8,3731216.4,3498307.45,2992216.58,2727421.39,2134951.42,207375,5-story shear model,pending,,,,,,
Case1983,Struct0992,EI,ground_motion/ei3.txt,0.02,g,1,0.9792,0.9929,0.914,0.0666,0.0236,3.345,5,0.9935,1.0986,0.9892,1.0286,0.9624,0.9746,0.9791,0.9948,1.0445,1.143,175110336,177498604.8,145293696,135972691.2,113085849.6,3870721.36,3596949.04,3358305.53,3214960.56,3177677.16,228500,5-story shear model,pending,,,,,,
Case1984,Struct0992,NORTHRIDGE,ground_motion/northbridge.txt,0.02,g,1,0.9792,0.9929,0.914,0.0666,0.0236,3.345,5,0.9935,1.0986,0.9892,1.0286,0.9624,0.9746,0.9791,0.9948,1.0445,1.143,175110336,177498604.8,145293696,135972691.2,113085849.6,3870721.36,3596949.04,3358305.53,3214960.56,3177677.16,228500,5-story shear model,pending,,,,,,
Case1985,Struct0993,EI,ground_motion/ei3.txt,0.02,g,1,0.9189,0.7527,1.0992,0.0631,0.0479,3.017,5,1.1107,1.1013,1.0713,0.9141,1.0009,0.9728,1.06,0.9588,1.0537,0.9765,183712001.4,166977454.1,147662635.5,113395476.2,110367241.2,2928906.24,2952089.4,2453741.78,2458671.97,2058032.34,274800,5-story shear model,pending,,,,,,
Case1986,Struct0993,NORTHRIDGE,ground_motion/northbridge.txt,0.02,g,1,0.9189,0.7527,1.0992,0.0631,0.0479,3.017,5,1.1107,1.1013,1.0713,0.9141,1.0009,0.9728,1.06,0.9588,1.0537,0.9765,183712001.4,166977454.1,147662635.5,113395476.2,110367241.2,2928906.24,2952089.4,2453741.78,2458671.97,2058032.34,274800,5-story shear model,pending,,,,,,
Case1987,Struct0994,EI,ground_motion/ei3.txt,0.02,g,1,0.8592,0.7588,1.1885,0.0463,0.0257,3.244,5,1.0352,0.9688,1.0017,0.9566,1.004,1.1176,1.052,1.0108,0.901,0.876,160099891.2,137344838.4,129099096,110957947.2,103516416,3392139.52,2953553.12,2607783.14,2119404.28,1861184.64,297125,5-story shear model,pending,,,,,,
Case1988,Struct0994,NORTHRIDGE,ground_motion/northbridge.txt,0.02,g,1,0.8592,0.7588,1.1885,0.0463,0.0257,3.244,5,1.0352,0.9688,1.0017,0.9566,1.004,1.1176,1.052,1.0108,0.901,0.876,160099891.2,137344838.4,129099096,110957947.2,103516416,3392139.52,2953553.12,2607783.14,2119404.28,1861184.64,297125,5-story shear model,pending,,,,,,
Case1989,Struct0995,EI,ground_motion/ei3.txt,0.02,g,1,0.7528,1.1315,0.9483,0.067,0.0158,3.338,5,1.0392,1.0337,1.0453,0.9981,0.9783,1.0642,1.1065,1.0374,0.9554,0.8833,140815756.8,128397944.4,118035276,101434906.8,88375708.8,4816569.2,4632417.58,3990981.54,3351208.81,2798471.06,237075,5-story shear model,pending,,,,,,
Case1990,Struct0995,NORTHRIDGE,ground_motion/northbridge.txt,0.02,g,1,0.7528,1.1315,0.9483,0.067,0.0158,3.338,5,1.0392,1.0337,1.0453,0.9981,0.9783,1.0642,1.1065,1.0374,0.9554,0.8833,140815756.8,128397944.4,118035276,101434906.8,88375708.8,4816569.2,4632417.58,3990981.54,3351208.81,2798471.06,237075,5-story shear model,pending,,,,,,
Case1991,Struct0996,EI,ground_motion/ei3.txt,0.02,g,1,1.2244,0.8985,1.1677,0.0397,0.0154,3.397,5,0.8997,0.8995,1.1143,0.9716,0.8748,0.9407,1.1167,1.1344,1.1065,0.9164,198286682.4,181722387,204652338,160599650.4,128532614.4,3380875.8,3712413.31,3465478.56,3081989.77,2305479.12,291925,5-story shear model,pending,,,,,,
Case1992,Struct0996,NORTHRIDGE,ground_motion/northbridge.txt,0.02,g,1,1.2244,0.8985,1.1677,0.0397,0.0154,3.397,5,0.8997,0.8995,1.1143,0.9716,0.8748,0.9407,1.1167,1.1344,1.1065,0.9164,198286682.4,181722387,204652338,160599650.4,128532614.4,3380875.8,3712413.31,3465478.56,3081989.77,2305479.12,291925,5-story shear model,pending,,,,,,
Case1993,Struct0997,EI,ground_motion/ei3.txt,0.02,g,1,1.1358,1.1247,1.1454,0.0497,0.0473,3.374,5,0.8562,1.1075,0.9989,0.8728,1.1396,0.8684,0.906,0.8856,1.0416,1.0087,175044952.8,207553252.5,170182593,133829042.4,155322921.6,3906757.92,3770219.34,3386516.69,3631611.31,3176557.69,286350,5-story shear model,pending,,,,,,
Case1994,Struct0997,NORTHRIDGE,ground_motion/northbridge.txt,0.02,g,1,1.1358,1.1247,1.1454,0.0497,0.0473,3.374,5,0.8562,1.1075,0.9989,0.8728,1.1396,0.8684,0.906,0.8856,1.0416,1.0087,175044952.8,207553252.5,170182593,133829042.4,155322921.6,3906757.92,3770219.34,3386516.69,3631611.31,3176557.69,286350,5-story shear model,pending,,,,,,
Case1995,Struct0998,EI,ground_motion/ei3.txt,0.02,g,1,0.8377,1.0198,0.8663,0.0366,0.0464,3.145,5,0.9934,0.9391,0.8767,1.1079,0.8567,1.0228,0.8857,0.9305,0.9136,0.9128,149790812.4,129802871.6,110161738.5,125291857.1,86118910.8,4172205.76,3341976.38,3226341.26,2888236.77,2606445.63,216575,5-story shear model,pending,,,,,,
Case1996,Struct0998,NORTHRIDGE,ground_motion/northbridge.txt,0.02,g,1,0.8377,1.0198,0.8663,0.0366,0.0464,3.145,5,0.9934,0.9391,0.8767,1.1079,0.8567,1.0228,0.8857,0.9305,0.9136,0.9128,149790812.4,129802871.6,110161738.5,125291857.1,86118910.8,4172205.76,3341976.38,3226341.26,2888236.77,2606445.63,216575,5-story shear model,pending,,,,,,
Case1997,Struct0999,EI,ground_motion/ei3.txt,0.02,g,1,0.8931,0.947,0.8959,0.0252,0.012,3.044,5,1.0785,0.8818,0.9573,1.0568,0.9277,0.9904,1.1166,0.85,1.0895,0.899,173377503,129943370.7,128244694.5,127416790.8,99423464.4,3751635.2,3912454.74,2736830,3198445.15,2383788.4,223975,5-story shear model,pending,,,,,,
Case1998,Struct0999,NORTHRIDGE,ground_motion/northbridge.txt,0.02,g,1,0.8931,0.947,0.8959,0.0252,0.012,3.044,5,1.0785,0.8818,0.9573,1.0568,0.9277,0.9904,1.1166,0.85,1.0895,0.899,173377503,129943370.7,128244694.5,127416790.8,99423464.4,3751635.2,3912454.74,2736830,3198445.15,2383788.4,223975,5-story shear model,pending,,,,,,
Case1999,Struct1000,EI,ground_motion/ei3.txt,0.02,g,1,1.1255,1.0256,1.0072,0.0456,0.0117,3.408,5,0.8707,0.9719,0.9191,0.9934,0.938,1.0487,1.0935,0.8555,1.0318,0.8638,176395113,180489119.3,155167057.5,150939679.5,126686280,4302186.88,4149526.32,2983162.72,3280463.65,2480557.18,251800,5-story shear model,pending,,,,,,
Case2000,Struct1000,NORTHRIDGE,ground_motion/northbridge.txt,0.02,g,1,1.1255,1.0256,1.0072,0.0456,0.0117,3.408,5,0.8707,0.9719,0.9191,0.9934,0.938,1.0487,1.0935,0.8555,1.0318,0.8638,176395113,180489119.3,155167057.5,150939679.5,126686280,4302186.88,4149526.32,2983162.72,3280463.65,2480557.18,251800,5-story shear model,pending,,,,,,
